[      88ms] [LOG] [Fast Refresh] done in 220ms @ http://localhost:3000/_next/static/chunks/node_modules_next_dist_1e8vcs8._.js:776
[     258ms] [LOG] [Fast Refresh] done in 220ms @ http://localhost:3000/_next/static/chunks/node_modules_next_dist_1e8vcs8._.js:776
[     428ms] [INFO] %cDownload the React DevTools for a better development experience: https://react.dev/link/react-devtools font-weight:bold @ http://localhost:3000/_next/static/chunks/node_modules_next_dist_1e8vcs8._.js:776
[     491ms] [LOG] [HMR] connected @ http://localhost:3000/_next/static/chunks/node_modules_next_dist_1e8vcs8._.js:776
[     878ms] [LOG] [Fast Refresh] rebuilding @ http://localhost:3000/_next/static/chunks/node_modules_next_dist_1e8vcs8._.js:776
[     887ms] [LOG] [Fast Refresh] done in 111ms @ http://localhost:3000/_next/static/chunks/node_modules_next_dist_1e8vcs8._.js:776
[  654406ms] [LOG] [Fast Refresh] rebuilding @ http://localhost:3000/_next/static/chunks/node_modules_next_dist_1e8vcs8._.js:776
[  655866ms] [LOG] [Fast Refresh] done in 1563ms @ http://localhost:3000/_next/static/chunks/node_modules_next_dist_1e8vcs8._.js:776
[  656276ms] [LOG] [Fast Refresh] rebuilding @ http://localhost:3000/_next/static/chunks/node_modules_next_dist_1e8vcs8._.js:776
[  656336ms] [LOG] [Fast Refresh] done in 18ms @ http://localhost:3000/_next/static/chunks/node_modules_next_dist_1e8vcs8._.js:776
[  656397ms] [LOG] [Fast Refresh] done in 18ms @ http://localhost:3000/_next/static/chunks/node_modules_next_dist_1e8vcs8._.js:776
[  656458ms] [LOG] [Fast Refresh] done in 18ms @ http://localhost:3000/_next/static/chunks/node_modules_next_dist_1e8vcs8._.js:776
[  656528ms] [LOG] [Fast Refresh] done in 18ms @ http://localhost:3000/_next/static/chunks/node_modules_next_dist_1e8vcs8._.js:776
[  656611ms] [LOG] [Fast Refresh] done in 18ms @ http://localhost:3000/_next/static/chunks/node_modules_next_dist_1e8vcs8._.js:776
[  656674ms] [LOG] [Fast Refresh] done in 18ms @ http://localhost:3000/_next/static/chunks/node_modules_next_dist_1e8vcs8._.js:776
[  656735ms] [LOG] [Fast Refresh] done in 18ms @ http://localhost:3000/_next/static/chunks/node_modules_next_dist_1e8vcs8._.js:776
[  656795ms] [LOG] [Fast Refresh] done in 18ms @ http://localhost:3000/_next/static/chunks/node_modules_next_dist_1e8vcs8._.js:776
[  656857ms] [LOG] [Fast Refresh] done in 18ms @ http://localhost:3000/_next/static/chunks/node_modules_next_dist_1e8vcs8._.js:776
[  656918ms] [LOG] [Fast Refresh] done in 18ms @ http://localhost:3000/_next/static/chunks/node_modules_next_dist_1e8vcs8._.js:776
[  656980ms] [LOG] [Fast Refresh] done in 18ms @ http://localhost:3000/_next/static/chunks/node_modules_next_dist_1e8vcs8._.js:776
[  657042ms] [LOG] [Fast Refresh] done in 18ms @ http://localhost:3000/_next/static/chunks/node_modules_next_dist_1e8vcs8._.js:776
[  657103ms] [LOG] [Fast Refresh] done in 18ms @ http://localhost:3000/_next/static/chunks/node_modules_next_dist_1e8vcs8._.js:776
[  657165ms] [LOG] [Fast Refresh] done in 18ms @ http://localhost:3000/_next/static/chunks/node_modules_next_dist_1e8vcs8._.js:776
[  657226ms] [LOG] [Fast Refresh] done in 18ms @ http://localhost:3000/_next/static/chunks/node_modules_next_dist_1e8vcs8._.js:776
[  657289ms] [LOG] [Fast Refresh] done in 18ms @ http://localhost:3000/_next/static/chunks/node_modules_next_dist_1e8vcs8._.js:776
[  657350ms] [LOG] [Fast Refresh] done in 18ms @ http://localhost:3000/_next/static/chunks/node_modules_next_dist_1e8vcs8._.js:776
[  657412ms] [LOG] [Fast Refresh] done in 18ms @ http://localhost:3000/_next/static/chunks/node_modules_next_dist_1e8vcs8._.js:776
[  657460ms] [LOG] [Fast Refresh] done in 18ms @ http://localhost:3000/_next/static/chunks/node_modules_next_dist_1e8vcs8._.js:776
[  657522ms] [LOG] [Fast Refresh] done in 18ms @ http://localhost:3000/_next/static/chunks/node_modules_next_dist_1e8vcs8._.js:776
[  657585ms] [LOG] [Fast Refresh] done in 18ms @ http://localhost:3000/_next/static/chunks/node_modules_next_dist_1e8vcs8._.js:776
[  657646ms] [LOG] [Fast Refresh] done in 18ms @ http://localhost:3000/_next/static/chunks/node_modules_next_dist_1e8vcs8._.js:776
[  657708ms] [LOG] [Fast Refresh] done in 18ms @ http://localhost:3000/_next/static/chunks/node_modules_next_dist_1e8vcs8._.js:776
[  657771ms] [LOG] [Fast Refresh] done in 18ms @ http://localhost:3000/_next/static/chunks/node_modules_next_dist_1e8vcs8._.js:776
[  657833ms] [LOG] [Fast Refresh] done in 18ms @ http://localhost:3000/_next/static/chunks/node_modules_next_dist_1e8vcs8._.js:776
[  657895ms] [LOG] [Fast Refresh] done in 18ms @ http://localhost:3000/_next/static/chunks/node_modules_next_dist_1e8vcs8._.js:776
[  657942ms] [LOG] [Fast Refresh] done in 18ms @ http://localhost:3000/_next/static/chunks/node_modules_next_dist_1e8vcs8._.js:776
[  658004ms] [LOG] [Fast Refresh] done in 18ms @ http://localhost:3000/_next/static/chunks/node_modules_next_dist_1e8vcs8._.js:776
[  658065ms] [LOG] [Fast Refresh] done in 18ms @ http://localhost:3000/_next/static/chunks/node_modules_next_dist_1e8vcs8._.js:776
[  658127ms] [LOG] [Fast Refresh] done in 18ms @ http://localhost:3000/_next/static/chunks/node_modules_next_dist_1e8vcs8._.js:776
[  658191ms] [LOG] [Fast Refresh] done in 18ms @ http://localhost:3000/_next/static/chunks/node_modules_next_dist_1e8vcs8._.js:776
[  658254ms] [LOG] [Fast Refresh] done in 18ms @ http://localhost:3000/_next/static/chunks/node_modules_next_dist_1e8vcs8._.js:776
[  658301ms] [LOG] [Fast Refresh] done in 18ms @ http://localhost:3000/_next/static/chunks/node_modules_next_dist_1e8vcs8._.js:776
[  658365ms] [LOG] [Fast Refresh] done in 18ms @ http://localhost:3000/_next/static/chunks/node_modules_next_dist_1e8vcs8._.js:776
[  658426ms] [LOG] [Fast Refresh] done in 18ms @ http://localhost:3000/_next/static/chunks/node_modules_next_dist_1e8vcs8._.js:776
[  658490ms] [LOG] [Fast Refresh] done in 18ms @ http://localhost:3000/_next/static/chunks/node_modules_next_dist_1e8vcs8._.js:776
[  658536ms] [LOG] [Fast Refresh] done in 18ms @ http://localhost:3000/_next/static/chunks/node_modules_next_dist_1e8vcs8._.js:776
[  658599ms] [LOG] [Fast Refresh] done in 18ms @ http://localhost:3000/_next/static/chunks/node_modules_next_dist_1e8vcs8._.js:776
[  658661ms] [LOG] [Fast Refresh] done in 18ms @ http://localhost:3000/_next/static/chunks/node_modules_next_dist_1e8vcs8._.js:776
[  658724ms] [LOG] [Fast Refresh] done in 18ms @ http://localhost:3000/_next/static/chunks/node_modules_next_dist_1e8vcs8._.js:776
[  658785ms] [LOG] [Fast Refresh] done in 18ms @ http://localhost:3000/_next/static/chunks/node_modules_next_dist_1e8vcs8._.js:776
[  658848ms] [LOG] [Fast Refresh] done in 18ms @ http://localhost:3000/_next/static/chunks/node_modules_next_dist_1e8vcs8._.js:776
[  658910ms] [LOG] [Fast Refresh] done in 18ms @ http://localhost:3000/_next/static/chunks/node_modules_next_dist_1e8vcs8._.js:776
[  658984ms] [LOG] [Fast Refresh] done in 18ms @ http://localhost:3000/_next/static/chunks/node_modules_next_dist_1e8vcs8._.js:776
[  659050ms] [LOG] [Fast Refresh] done in 18ms @ http://localhost:3000/_next/static/chunks/node_modules_next_dist_1e8vcs8._.js:776
[  659113ms] [LOG] [Fast Refresh] done in 18ms @ http://localhost:3000/_next/static/chunks/node_modules_next_dist_1e8vcs8._.js:776
[  659175ms] [LOG] [Fast Refresh] done in 18ms @ http://localhost:3000/_next/static/chunks/node_modules_next_dist_1e8vcs8._.js:776
[  659240ms] [LOG] [Fast Refresh] done in 18ms @ http://localhost:3000/_next/static/chunks/node_modules_next_dist_1e8vcs8._.js:776
[  659302ms] [LOG] [Fast Refresh] done in 18ms @ http://localhost:3000/_next/static/chunks/node_modules_next_dist_1e8vcs8._.js:776
[  659365ms] [LOG] [Fast Refresh] done in 18ms @ http://localhost:3000/_next/static/chunks/node_modules_next_dist_1e8vcs8._.js:776
[  659427ms] [LOG] [Fast Refresh] done in 18ms @ http://localhost:3000/_next/static/chunks/node_modules_next_dist_1e8vcs8._.js:776
[  659491ms] [LOG] [Fast Refresh] done in 18ms @ http://localhost:3000/_next/static/chunks/node_modules_next_dist_1e8vcs8._.js:776
[  659554ms] [LOG] [Fast Refresh] done in 18ms @ http://localhost:3000/_next/static/chunks/node_modules_next_dist_1e8vcs8._.js:776
[  659616ms] [LOG] [Fast Refresh] done in 18ms @ http://localhost:3000/_next/static/chunks/node_modules_next_dist_1e8vcs8._.js:776
[  659679ms] [LOG] [Fast Refresh] done in 18ms @ http://localhost:3000/_next/static/chunks/node_modules_next_dist_1e8vcs8._.js:776
[  659742ms] [LOG] [Fast Refresh] done in 18ms @ http://localhost:3000/_next/static/chunks/node_modules_next_dist_1e8vcs8._.js:776
[  659805ms] [LOG] [Fast Refresh] done in 18ms @ http://localhost:3000/_next/static/chunks/node_modules_next_dist_1e8vcs8._.js:776
[  659865ms] [LOG] [Fast Refresh] done in 18ms @ http://localhost:3000/_next/static/chunks/node_modules_next_dist_1e8vcs8._.js:776
[  659927ms] [LOG] [Fast Refresh] done in 18ms @ http://localhost:3000/_next/static/chunks/node_modules_next_dist_1e8vcs8._.js:776
[  659991ms] [LOG] [Fast Refresh] done in 18ms @ http://localhost:3000/_next/static/chunks/node_modules_next_dist_1e8vcs8._.js:776
[  660052ms] [LOG] [Fast Refresh] done in 18ms @ http://localhost:3000/_next/static/chunks/node_modules_next_dist_1e8vcs8._.js:776
[  660113ms] [LOG] [Fast Refresh] done in 18ms @ http://localhost:3000/_next/static/chunks/node_modules_next_dist_1e8vcs8._.js:776
[  660176ms] [LOG] [Fast Refresh] done in 18ms @ http://localhost:3000/_next/static/chunks/node_modules_next_dist_1e8vcs8._.js:776
[  660238ms] [LOG] [Fast Refresh] done in 18ms @ http://localhost:3000/_next/static/chunks/node_modules_next_dist_1e8vcs8._.js:776
[  660300ms] [LOG] [Fast Refresh] done in 18ms @ http://localhost:3000/_next/static/chunks/node_modules_next_dist_1e8vcs8._.js:776
[  660363ms] [LOG] [Fast Refresh] done in 18ms @ http://localhost:3000/_next/static/chunks/node_modules_next_dist_1e8vcs8._.js:776
[  660424ms] [LOG] [Fast Refresh] done in 18ms @ http://localhost:3000/_next/static/chunks/node_modules_next_dist_1e8vcs8._.js:776
[  660487ms] [LOG] [Fast Refresh] done in 18ms @ http://localhost:3000/_next/static/chunks/node_modules_next_dist_1e8vcs8._.js:776
[  660549ms] [LOG] [Fast Refresh] done in 18ms @ http://localhost:3000/_next/static/chunks/node_modules_next_dist_1e8vcs8._.js:776
[  660612ms] [LOG] [Fast Refresh] done in 18ms @ http://localhost:3000/_next/static/chunks/node_modules_next_dist_1e8vcs8._.js:776
[  660674ms] [LOG] [Fast Refresh] done in 18ms @ http://localhost:3000/_next/static/chunks/node_modules_next_dist_1e8vcs8._.js:776
[  660737ms] [LOG] [Fast Refresh] done in 18ms @ http://localhost:3000/_next/static/chunks/node_modules_next_dist_1e8vcs8._.js:776
[  660800ms] [LOG] [Fast Refresh] done in 18ms @ http://localhost:3000/_next/static/chunks/node_modules_next_dist_1e8vcs8._.js:776
[  660861ms] [LOG] [Fast Refresh] done in 18ms @ http://localhost:3000/_next/static/chunks/node_modules_next_dist_1e8vcs8._.js:776
[  660924ms] [LOG] [Fast Refresh] done in 18ms @ http://localhost:3000/_next/static/chunks/node_modules_next_dist_1e8vcs8._.js:776
[  660987ms] [LOG] [Fast Refresh] done in 18ms @ http://localhost:3000/_next/static/chunks/node_modules_next_dist_1e8vcs8._.js:776
[  661049ms] [LOG] [Fast Refresh] done in 18ms @ http://localhost:3000/_next/static/chunks/node_modules_next_dist_1e8vcs8._.js:776
[  661111ms] [LOG] [Fast Refresh] done in 18ms @ http://localhost:3000/_next/static/chunks/node_modules_next_dist_1e8vcs8._.js:776
[  661187ms] [LOG] [Fast Refresh] done in 18ms @ http://localhost:3000/_next/static/chunks/node_modules_next_dist_1e8vcs8._.js:776
[  661280ms] [LOG] [Fast Refresh] done in 18ms @ http://localhost:3000/_next/static/chunks/node_modules_next_dist_1e8vcs8._.js:776
[  661343ms] [LOG] [Fast Refresh] done in 18ms @ http://localhost:3000/_next/static/chunks/node_modules_next_dist_1e8vcs8._.js:776
[  661404ms] [LOG] [Fast Refresh] done in 18ms @ http://localhost:3000/_next/static/chunks/node_modules_next_dist_1e8vcs8._.js:776
[  661466ms] [LOG] [Fast Refresh] done in 18ms @ http://localhost:3000/_next/static/chunks/node_modules_next_dist_1e8vcs8._.js:776
[  661526ms] [LOG] [Fast Refresh] done in 18ms @ http://localhost:3000/_next/static/chunks/node_modules_next_dist_1e8vcs8._.js:776
[  661588ms] [LOG] [Fast Refresh] done in 18ms @ http://localhost:3000/_next/static/chunks/node_modules_next_dist_1e8vcs8._.js:776
[  661650ms] [LOG] [Fast Refresh] done in 18ms @ http://localhost:3000/_next/static/chunks/node_modules_next_dist_1e8vcs8._.js:776
[  661713ms] [LOG] [Fast Refresh] done in 18ms @ http://localhost:3000/_next/static/chunks/node_modules_next_dist_1e8vcs8._.js:776
[  661776ms] [LOG] [Fast Refresh] done in 18ms @ http://localhost:3000/_next/static/chunks/node_modules_next_dist_1e8vcs8._.js:776
[  661841ms] [LOG] [Fast Refresh] done in 18ms @ http://localhost:3000/_next/static/chunks/node_modules_next_dist_1e8vcs8._.js:776
[  661900ms] [LOG] [Fast Refresh] done in 18ms @ http://localhost:3000/_next/static/chunks/node_modules_next_dist_1e8vcs8._.js:776
[  661964ms] [LOG] [Fast Refresh] done in 18ms @ http://localhost:3000/_next/static/chunks/node_modules_next_dist_1e8vcs8._.js:776
[  662026ms] [LOG] [Fast Refresh] done in 18ms @ http://localhost:3000/_next/static/chunks/node_modules_next_dist_1e8vcs8._.js:776
[  662089ms] [LOG] [Fast Refresh] done in 18ms @ http://localhost:3000/_next/static/chunks/node_modules_next_dist_1e8vcs8._.js:776
[  662152ms] [LOG] [Fast Refresh] done in 18ms @ http://localhost:3000/_next/static/chunks/node_modules_next_dist_1e8vcs8._.js:776
[  662213ms] [LOG] [Fast Refresh] done in 18ms @ http://localhost:3000/_next/static/chunks/node_modules_next_dist_1e8vcs8._.js:776
[  662261ms] [LOG] [Fast Refresh] done in 18ms @ http://localhost:3000/_next/static/chunks/node_modules_next_dist_1e8vcs8._.js:776
[  662324ms] [LOG] [Fast Refresh] done in 18ms @ http://localhost:3000/_next/static/chunks/node_modules_next_dist_1e8vcs8._.js:776
[  662387ms] [LOG] [Fast Refresh] done in 18ms @ http://localhost:3000/_next/static/chunks/node_modules_next_dist_1e8vcs8._.js:776
[  662449ms] [LOG] [Fast Refresh] done in 18ms @ http://localhost:3000/_next/static/chunks/node_modules_next_dist_1e8vcs8._.js:776
[  662510ms] [LOG] [Fast Refresh] done in 18ms @ http://localhost:3000/_next/static/chunks/node_modules_next_dist_1e8vcs8._.js:776
[  662574ms] [LOG] [Fast Refresh] done in 18ms @ http://localhost:3000/_next/static/chunks/node_modules_next_dist_1e8vcs8._.js:776
[  662636ms] [LOG] [Fast Refresh] done in 18ms @ http://localhost:3000/_next/static/chunks/node_modules_next_dist_1e8vcs8._.js:776
[  662699ms] [LOG] [Fast Refresh] done in 18ms @ http://localhost:3000/_next/static/chunks/node_modules_next_dist_1e8vcs8._.js:776
[  662760ms] [LOG] [Fast Refresh] done in 18ms @ http://localhost:3000/_next/static/chunks/node_modules_next_dist_1e8vcs8._.js:776
[  662824ms] [LOG] [Fast Refresh] done in 18ms @ http://localhost:3000/_next/static/chunks/node_modules_next_dist_1e8vcs8._.js:776
[  662884ms] [LOG] [Fast Refresh] done in 18ms @ http://localhost:3000/_next/static/chunks/node_modules_next_dist_1e8vcs8._.js:776
[  662945ms] [LOG] [Fast Refresh] done in 18ms @ http://localhost:3000/_next/static/chunks/node_modules_next_dist_1e8vcs8._.js:776
[  663009ms] [LOG] [Fast Refresh] done in 18ms @ http://localhost:3000/_next/static/chunks/node_modules_next_dist_1e8vcs8._.js:776
[  663074ms] [LOG] [Fast Refresh] done in 18ms @ http://localhost:3000/_next/static/chunks/node_modules_next_dist_1e8vcs8._.js:776
[  663135ms] [LOG] [Fast Refresh] done in 18ms @ http://localhost:3000/_next/static/chunks/node_modules_next_dist_1e8vcs8._.js:776
[  663198ms] [LOG] [Fast Refresh] done in 18ms @ http://localhost:3000/_next/static/chunks/node_modules_next_dist_1e8vcs8._.js:776
[  663259ms] [LOG] [Fast Refresh] done in 18ms @ http://localhost:3000/_next/static/chunks/node_modules_next_dist_1e8vcs8._.js:776
[  663322ms] [LOG] [Fast Refresh] done in 18ms @ http://localhost:3000/_next/static/chunks/node_modules_next_dist_1e8vcs8._.js:776
[  663384ms] [LOG] [Fast Refresh] done in 18ms @ http://localhost:3000/_next/static/chunks/node_modules_next_dist_1e8vcs8._.js:776
[  663445ms] [LOG] [Fast Refresh] done in 18ms @ http://localhost:3000/_next/static/chunks/node_modules_next_dist_1e8vcs8._.js:776
[  663508ms] [LOG] [Fast Refresh] done in 18ms @ http://localhost:3000/_next/static/chunks/node_modules_next_dist_1e8vcs8._.js:776
[  663569ms] [LOG] [Fast Refresh] done in 18ms @ http://localhost:3000/_next/static/chunks/node_modules_next_dist_1e8vcs8._.js:776
[  663637ms] [LOG] [Fast Refresh] done in 18ms @ http://localhost:3000/_next/static/chunks/node_modules_next_dist_1e8vcs8._.js:776
[  663694ms] [LOG] [Fast Refresh] done in 18ms @ http://localhost:3000/_next/static/chunks/node_modules_next_dist_1e8vcs8._.js:776
[  663757ms] [LOG] [Fast Refresh] done in 18ms @ http://localhost:3000/_next/static/chunks/node_modules_next_dist_1e8vcs8._.js:776
[  663820ms] [LOG] [Fast Refresh] done in 18ms @ http://localhost:3000/_next/static/chunks/node_modules_next_dist_1e8vcs8._.js:776
[  663883ms] [LOG] [Fast Refresh] done in 18ms @ http://localhost:3000/_next/static/chunks/node_modules_next_dist_1e8vcs8._.js:776
[  663943ms] [LOG] [Fast Refresh] done in 18ms @ http://localhost:3000/_next/static/chunks/node_modules_next_dist_1e8vcs8._.js:776
[  664007ms] [LOG] [Fast Refresh] done in 18ms @ http://localhost:3000/_next/static/chunks/node_modules_next_dist_1e8vcs8._.js:776
[  664068ms] [LOG] [Fast Refresh] done in 18ms @ http://localhost:3000/_next/static/chunks/node_modules_next_dist_1e8vcs8._.js:776
[  664131ms] [LOG] [Fast Refresh] done in 18ms @ http://localhost:3000/_next/static/chunks/node_modules_next_dist_1e8vcs8._.js:776
[  664193ms] [LOG] [Fast Refresh] done in 18ms @ http://localhost:3000/_next/static/chunks/node_modules_next_dist_1e8vcs8._.js:776
[  664257ms] [LOG] [Fast Refresh] done in 18ms @ http://localhost:3000/_next/static/chunks/node_modules_next_dist_1e8vcs8._.js:776
[  664319ms] [LOG] [Fast Refresh] done in 18ms @ http://localhost:3000/_next/static/chunks/node_modules_next_dist_1e8vcs8._.js:776
[  664383ms] [LOG] [Fast Refresh] done in 18ms @ http://localhost:3000/_next/static/chunks/node_modules_next_dist_1e8vcs8._.js:776
[  664445ms] [LOG] [Fast Refresh] done in 18ms @ http://localhost:3000/_next/static/chunks/node_modules_next_dist_1e8vcs8._.js:776
[  664507ms] [LOG] [Fast Refresh] done in 18ms @ http://localhost:3000/_next/static/chunks/node_modules_next_dist_1e8vcs8._.js:776
[  664569ms] [LOG] [Fast Refresh] done in 18ms @ http://localhost:3000/_next/static/chunks/node_modules_next_dist_1e8vcs8._.js:776
[  664632ms] [LOG] [Fast Refresh] done in 18ms @ http://localhost:3000/_next/static/chunks/node_modules_next_dist_1e8vcs8._.js:776
[  664694ms] [LOG] [Fast Refresh] done in 18ms @ http://localhost:3000/_next/static/chunks/node_modules_next_dist_1e8vcs8._.js:776
[  664754ms] [LOG] [Fast Refresh] done in 18ms @ http://localhost:3000/_next/static/chunks/node_modules_next_dist_1e8vcs8._.js:776
[  664817ms] [LOG] [Fast Refresh] done in 18ms @ http://localhost:3000/_next/static/chunks/node_modules_next_dist_1e8vcs8._.js:776
[  664880ms] [LOG] [Fast Refresh] done in 18ms @ http://localhost:3000/_next/static/chunks/node_modules_next_dist_1e8vcs8._.js:776
[  664943ms] [LOG] [Fast Refresh] done in 18ms @ http://localhost:3000/_next/static/chunks/node_modules_next_dist_1e8vcs8._.js:776
[  665007ms] [LOG] [Fast Refresh] done in 18ms @ http://localhost:3000/_next/static/chunks/node_modules_next_dist_1e8vcs8._.js:776
[  665367ms] [LOG] [Fast Refresh] rebuilding @ http://localhost:3000/_next/static/chunks/node_modules_next_dist_1e8vcs8._.js:776
[  665426ms] [LOG] [Fast Refresh] done in 3ms @ http://localhost:3000/_next/static/chunks/node_modules_next_dist_1e8vcs8._.js:776
[  665487ms] [LOG] [Fast Refresh] done in 3ms @ http://localhost:3000/_next/static/chunks/node_modules_next_dist_1e8vcs8._.js:776
[  665548ms] [LOG] [Fast Refresh] done in 3ms @ http://localhost:3000/_next/static/chunks/node_modules_next_dist_1e8vcs8._.js:776
[  665609ms] [LOG] [Fast Refresh] done in 3ms @ http://localhost:3000/_next/static/chunks/node_modules_next_dist_1e8vcs8._.js:776
[  665673ms] [LOG] [Fast Refresh] done in 3ms @ http://localhost:3000/_next/static/chunks/node_modules_next_dist_1e8vcs8._.js:776
[  665735ms] [LOG] [Fast Refresh] done in 3ms @ http://localhost:3000/_next/static/chunks/node_modules_next_dist_1e8vcs8._.js:776
[  665797ms] [LOG] [Fast Refresh] done in 3ms @ http://localhost:3000/_next/static/chunks/node_modules_next_dist_1e8vcs8._.js:776
[  665857ms] [LOG] [Fast Refresh] done in 3ms @ http://localhost:3000/_next/static/chunks/node_modules_next_dist_1e8vcs8._.js:776
[  665936ms] [LOG] [Fast Refresh] done in 3ms @ http://localhost:3000/_next/static/chunks/node_modules_next_dist_1e8vcs8._.js:776
[  666000ms] [LOG] [Fast Refresh] done in 3ms @ http://localhost:3000/_next/static/chunks/node_modules_next_dist_1e8vcs8._.js:776
[  666062ms] [LOG] [Fast Refresh] done in 3ms @ http://localhost:3000/_next/static/chunks/node_modules_next_dist_1e8vcs8._.js:776
[  666124ms] [LOG] [Fast Refresh] done in 3ms @ http://localhost:3000/_next/static/chunks/node_modules_next_dist_1e8vcs8._.js:776
[  666186ms] [LOG] [Fast Refresh] done in 3ms @ http://localhost:3000/_next/static/chunks/node_modules_next_dist_1e8vcs8._.js:776
[  666249ms] [LOG] [Fast Refresh] done in 3ms @ http://localhost:3000/_next/static/chunks/node_modules_next_dist_1e8vcs8._.js:776
[  666310ms] [LOG] [Fast Refresh] done in 3ms @ http://localhost:3000/_next/static/chunks/node_modules_next_dist_1e8vcs8._.js:776
[  666374ms] [LOG] [Fast Refresh] done in 3ms @ http://localhost:3000/_next/static/chunks/node_modules_next_dist_1e8vcs8._.js:776
[  666434ms] [LOG] [Fast Refresh] done in 3ms @ http://localhost:3000/_next/static/chunks/node_modules_next_dist_1e8vcs8._.js:776
[  666497ms] [LOG] [Fast Refresh] done in 3ms @ http://localhost:3000/_next/static/chunks/node_modules_next_dist_1e8vcs8._.js:776
[  666559ms] [LOG] [Fast Refresh] done in 3ms @ http://localhost:3000/_next/static/chunks/node_modules_next_dist_1e8vcs8._.js:776
[  666624ms] [LOG] [Fast Refresh] done in 3ms @ http://localhost:3000/_next/static/chunks/node_modules_next_dist_1e8vcs8._.js:776
[  666685ms] [LOG] [Fast Refresh] done in 3ms @ http://localhost:3000/_next/static/chunks/node_modules_next_dist_1e8vcs8._.js:776
[  666746ms] [LOG] [Fast Refresh] done in 3ms @ http://localhost:3000/_next/static/chunks/node_modules_next_dist_1e8vcs8._.js:776
[  666809ms] [LOG] [Fast Refresh] done in 3ms @ http://localhost:3000/_next/static/chunks/node_modules_next_dist_1e8vcs8._.js:776
[  666871ms] [LOG] [Fast Refresh] done in 3ms @ http://localhost:3000/_next/static/chunks/node_modules_next_dist_1e8vcs8._.js:776
[  666934ms] [LOG] [Fast Refresh] done in 3ms @ http://localhost:3000/_next/static/chunks/node_modules_next_dist_1e8vcs8._.js:776
[  666995ms] [LOG] [Fast Refresh] done in 3ms @ http://localhost:3000/_next/static/chunks/node_modules_next_dist_1e8vcs8._.js:776
[  667057ms] [LOG] [Fast Refresh] done in 3ms @ http://localhost:3000/_next/static/chunks/node_modules_next_dist_1e8vcs8._.js:776
[  667119ms] [LOG] [Fast Refresh] done in 3ms @ http://localhost:3000/_next/static/chunks/node_modules_next_dist_1e8vcs8._.js:776
[  667182ms] [LOG] [Fast Refresh] done in 3ms @ http://localhost:3000/_next/static/chunks/node_modules_next_dist_1e8vcs8._.js:776
[  667243ms] [LOG] [Fast Refresh] done in 3ms @ http://localhost:3000/_next/static/chunks/node_modules_next_dist_1e8vcs8._.js:776
[  667307ms] [LOG] [Fast Refresh] done in 3ms @ http://localhost:3000/_next/static/chunks/node_modules_next_dist_1e8vcs8._.js:776
[  667367ms] [LOG] [Fast Refresh] done in 3ms @ http://localhost:3000/_next/static/chunks/node_modules_next_dist_1e8vcs8._.js:776
[  667430ms] [LOG] [Fast Refresh] done in 3ms @ http://localhost:3000/_next/static/chunks/node_modules_next_dist_1e8vcs8._.js:776
[  667493ms] [LOG] [Fast Refresh] done in 3ms @ http://localhost:3000/_next/static/chunks/node_modules_next_dist_1e8vcs8._.js:776
[  667557ms] [LOG] [Fast Refresh] done in 3ms @ http://localhost:3000/_next/static/chunks/node_modules_next_dist_1e8vcs8._.js:776
[  667618ms] [LOG] [Fast Refresh] done in 3ms @ http://localhost:3000/_next/static/chunks/node_modules_next_dist_1e8vcs8._.js:776
[  667683ms] [LOG] [Fast Refresh] done in 3ms @ http://localhost:3000/_next/static/chunks/node_modules_next_dist_1e8vcs8._.js:776
[  667742ms] [LOG] [Fast Refresh] done in 3ms @ http://localhost:3000/_next/static/chunks/node_modules_next_dist_1e8vcs8._.js:776
[  667804ms] [LOG] [Fast Refresh] done in 3ms @ http://localhost:3000/_next/static/chunks/node_modules_next_dist_1e8vcs8._.js:776
[  667866ms] [LOG] [Fast Refresh] done in 3ms @ http://localhost:3000/_next/static/chunks/node_modules_next_dist_1e8vcs8._.js:776
[  667929ms] [LOG] [Fast Refresh] done in 3ms @ http://localhost:3000/_next/static/chunks/node_modules_next_dist_1e8vcs8._.js:776
[  667992ms] [LOG] [Fast Refresh] done in 3ms @ http://localhost:3000/_next/static/chunks/node_modules_next_dist_1e8vcs8._.js:776
[  668054ms] [LOG] [Fast Refresh] done in 3ms @ http://localhost:3000/_next/static/chunks/node_modules_next_dist_1e8vcs8._.js:776
[  668117ms] [LOG] [Fast Refresh] done in 3ms @ http://localhost:3000/_next/static/chunks/node_modules_next_dist_1e8vcs8._.js:776
[  668179ms] [LOG] [Fast Refresh] done in 3ms @ http://localhost:3000/_next/static/chunks/node_modules_next_dist_1e8vcs8._.js:776
[  668252ms] [LOG] [Fast Refresh] done in 3ms @ http://localhost:3000/_next/static/chunks/node_modules_next_dist_1e8vcs8._.js:776
[  668320ms] [LOG] [Fast Refresh] done in 3ms @ http://localhost:3000/_next/static/chunks/node_modules_next_dist_1e8vcs8._.js:776
[  668382ms] [LOG] [Fast Refresh] done in 3ms @ http://localhost:3000/_next/static/chunks/node_modules_next_dist_1e8vcs8._.js:776
[  668443ms] [LOG] [Fast Refresh] done in 3ms @ http://localhost:3000/_next/static/chunks/node_modules_next_dist_1e8vcs8._.js:776
[  668505ms] [LOG] [Fast Refresh] done in 3ms @ http://localhost:3000/_next/static/chunks/node_modules_next_dist_1e8vcs8._.js:776
[  668567ms] [LOG] [Fast Refresh] done in 3ms @ http://localhost:3000/_next/static/chunks/node_modules_next_dist_1e8vcs8._.js:776
[  668630ms] [LOG] [Fast Refresh] done in 3ms @ http://localhost:3000/_next/static/chunks/node_modules_next_dist_1e8vcs8._.js:776
[  668692ms] [LOG] [Fast Refresh] done in 3ms @ http://localhost:3000/_next/static/chunks/node_modules_next_dist_1e8vcs8._.js:776
[  668754ms] [LOG] [Fast Refresh] done in 3ms @ http://localhost:3000/_next/static/chunks/node_modules_next_dist_1e8vcs8._.js:776
[  668816ms] [LOG] [Fast Refresh] done in 3ms @ http://localhost:3000/_next/static/chunks/node_modules_next_dist_1e8vcs8._.js:776
[  668879ms] [LOG] [Fast Refresh] done in 3ms @ http://localhost:3000/_next/static/chunks/node_modules_next_dist_1e8vcs8._.js:776
[  668941ms] [LOG] [Fast Refresh] done in 3ms @ http://localhost:3000/_next/static/chunks/node_modules_next_dist_1e8vcs8._.js:776
[  669003ms] [LOG] [Fast Refresh] done in 3ms @ http://localhost:3000/_next/static/chunks/node_modules_next_dist_1e8vcs8._.js:776
[  669066ms] [LOG] [Fast Refresh] done in 3ms @ http://localhost:3000/_next/static/chunks/node_modules_next_dist_1e8vcs8._.js:776
[  669127ms] [LOG] [Fast Refresh] done in 3ms @ http://localhost:3000/_next/static/chunks/node_modules_next_dist_1e8vcs8._.js:776
[  669188ms] [LOG] [Fast Refresh] done in 3ms @ http://localhost:3000/_next/static/chunks/node_modules_next_dist_1e8vcs8._.js:776
[  669250ms] [LOG] [Fast Refresh] done in 3ms @ http://localhost:3000/_next/static/chunks/node_modules_next_dist_1e8vcs8._.js:776
[  669313ms] [LOG] [Fast Refresh] done in 3ms @ http://localhost:3000/_next/static/chunks/node_modules_next_dist_1e8vcs8._.js:776
[  669375ms] [LOG] [Fast Refresh] done in 3ms @ http://localhost:3000/_next/static/chunks/node_modules_next_dist_1e8vcs8._.js:776
[  669439ms] [LOG] [Fast Refresh] done in 3ms @ http://localhost:3000/_next/static/chunks/node_modules_next_dist_1e8vcs8._.js:776
[  669485ms] [LOG] [Fast Refresh] done in 3ms @ http://localhost:3000/_next/static/chunks/node_modules_next_dist_1e8vcs8._.js:776
[  669549ms] [LOG] [Fast Refresh] done in 3ms @ http://localhost:3000/_next/static/chunks/node_modules_next_dist_1e8vcs8._.js:776
[  669611ms] [LOG] [Fast Refresh] done in 3ms @ http://localhost:3000/_next/static/chunks/node_modules_next_dist_1e8vcs8._.js:776
[  669674ms] [LOG] [Fast Refresh] done in 3ms @ http://localhost:3000/_next/static/chunks/node_modules_next_dist_1e8vcs8._.js:776
[  669734ms] [LOG] [Fast Refresh] done in 3ms @ http://localhost:3000/_next/static/chunks/node_modules_next_dist_1e8vcs8._.js:776
[  669799ms] [LOG] [Fast Refresh] done in 3ms @ http://localhost:3000/_next/static/chunks/node_modules_next_dist_1e8vcs8._.js:776
[  669859ms] [LOG] [Fast Refresh] done in 3ms @ http://localhost:3000/_next/static/chunks/node_modules_next_dist_1e8vcs8._.js:776
[  669922ms] [LOG] [Fast Refresh] done in 3ms @ http://localhost:3000/_next/static/chunks/node_modules_next_dist_1e8vcs8._.js:776
[  669984ms] [LOG] [Fast Refresh] done in 3ms @ http://localhost:3000/_next/static/chunks/node_modules_next_dist_1e8vcs8._.js:776
[  670038ms] [LOG] [Fast Refresh] done in 3ms @ http://localhost:3000/_next/static/chunks/node_modules_next_dist_1e8vcs8._.js:776
[  670110ms] [LOG] [Fast Refresh] done in 3ms @ http://localhost:3000/_next/static/chunks/node_modules_next_dist_1e8vcs8._.js:776
[  670174ms] [LOG] [Fast Refresh] done in 3ms @ http://localhost:3000/_next/static/chunks/node_modules_next_dist_1e8vcs8._.js:776
[  670234ms] [LOG] [Fast Refresh] done in 3ms @ http://localhost:3000/_next/static/chunks/node_modules_next_dist_1e8vcs8._.js:776
[  670295ms] [LOG] [Fast Refresh] done in 3ms @ http://localhost:3000/_next/static/chunks/node_modules_next_dist_1e8vcs8._.js:776
[  670358ms] [LOG] [Fast Refresh] done in 3ms @ http://localhost:3000/_next/static/chunks/node_modules_next_dist_1e8vcs8._.js:776
[  670420ms] [LOG] [Fast Refresh] done in 3ms @ http://localhost:3000/_next/static/chunks/node_modules_next_dist_1e8vcs8._.js:776
[  670483ms] [LOG] [Fast Refresh] done in 3ms @ http://localhost:3000/_next/static/chunks/node_modules_next_dist_1e8vcs8._.js:776
[  670544ms] [LOG] [Fast Refresh] done in 3ms @ http://localhost:3000/_next/static/chunks/node_modules_next_dist_1e8vcs8._.js:776
[  670607ms] [LOG] [Fast Refresh] done in 3ms @ http://localhost:3000/_next/static/chunks/node_modules_next_dist_1e8vcs8._.js:776
[  670669ms] [LOG] [Fast Refresh] done in 3ms @ http://localhost:3000/_next/static/chunks/node_modules_next_dist_1e8vcs8._.js:776
[  670730ms] [LOG] [Fast Refresh] done in 3ms @ http://localhost:3000/_next/static/chunks/node_modules_next_dist_1e8vcs8._.js:776
[  670791ms] [LOG] [Fast Refresh] done in 3ms @ http://localhost:3000/_next/static/chunks/node_modules_next_dist_1e8vcs8._.js:776
[  670853ms] [LOG] [Fast Refresh] done in 3ms @ http://localhost:3000/_next/static/chunks/node_modules_next_dist_1e8vcs8._.js:776
[  670936ms] [LOG] [Fast Refresh] done in 3ms @ http://localhost:3000/_next/static/chunks/node_modules_next_dist_1e8vcs8._.js:776
[  671026ms] [LOG] [Fast Refresh] done in 3ms @ http://localhost:3000/_next/static/chunks/node_modules_next_dist_1e8vcs8._.js:776
[  671089ms] [LOG] [Fast Refresh] done in 3ms @ http://localhost:3000/_next/static/chunks/node_modules_next_dist_1e8vcs8._.js:776
[  671151ms] [LOG] [Fast Refresh] done in 3ms @ http://localhost:3000/_next/static/chunks/node_modules_next_dist_1e8vcs8._.js:776
[  671215ms] [LOG] [Fast Refresh] done in 3ms @ http://localhost:3000/_next/static/chunks/node_modules_next_dist_1e8vcs8._.js:776
[  671276ms] [LOG] [Fast Refresh] done in 3ms @ http://localhost:3000/_next/static/chunks/node_modules_next_dist_1e8vcs8._.js:776
[  671339ms] [LOG] [Fast Refresh] done in 3ms @ http://localhost:3000/_next/static/chunks/node_modules_next_dist_1e8vcs8._.js:776
[  671401ms] [LOG] [Fast Refresh] done in 3ms @ http://localhost:3000/_next/static/chunks/node_modules_next_dist_1e8vcs8._.js:776
[  671463ms] [LOG] [Fast Refresh] done in 3ms @ http://localhost:3000/_next/static/chunks/node_modules_next_dist_1e8vcs8._.js:776
[  671525ms] [LOG] [Fast Refresh] done in 3ms @ http://localhost:3000/_next/static/chunks/node_modules_next_dist_1e8vcs8._.js:776
[  671587ms] [LOG] [Fast Refresh] done in 3ms @ http://localhost:3000/_next/static/chunks/node_modules_next_dist_1e8vcs8._.js:776
[  671650ms] [LOG] [Fast Refresh] done in 3ms @ http://localhost:3000/_next/static/chunks/node_modules_next_dist_1e8vcs8._.js:776
[  671712ms] [LOG] [Fast Refresh] done in 3ms @ http://localhost:3000/_next/static/chunks/node_modules_next_dist_1e8vcs8._.js:776
[  671775ms] [LOG] [Fast Refresh] done in 3ms @ http://localhost:3000/_next/static/chunks/node_modules_next_dist_1e8vcs8._.js:776
[  671837ms] [LOG] [Fast Refresh] done in 3ms @ http://localhost:3000/_next/static/chunks/node_modules_next_dist_1e8vcs8._.js:776
[  671899ms] [LOG] [Fast Refresh] done in 3ms @ http://localhost:3000/_next/static/chunks/node_modules_next_dist_1e8vcs8._.js:776
[  671961ms] [LOG] [Fast Refresh] done in 3ms @ http://localhost:3000/_next/static/chunks/node_modules_next_dist_1e8vcs8._.js:776
[  672024ms] [LOG] [Fast Refresh] done in 3ms @ http://localhost:3000/_next/static/chunks/node_modules_next_dist_1e8vcs8._.js:776
[  672086ms] [LOG] [Fast Refresh] done in 3ms @ http://localhost:3000/_next/static/chunks/node_modules_next_dist_1e8vcs8._.js:776
[  672147ms] [LOG] [Fast Refresh] done in 3ms @ http://localhost:3000/_next/static/chunks/node_modules_next_dist_1e8vcs8._.js:776
[  672209ms] [LOG] [Fast Refresh] done in 3ms @ http://localhost:3000/_next/static/chunks/node_modules_next_dist_1e8vcs8._.js:776
[  672271ms] [LOG] [Fast Refresh] done in 3ms @ http://localhost:3000/_next/static/chunks/node_modules_next_dist_1e8vcs8._.js:776
[  672349ms] [LOG] [Fast Refresh] done in 3ms @ http://localhost:3000/_next/static/chunks/node_modules_next_dist_1e8vcs8._.js:776
[  672417ms] [LOG] [Fast Refresh] done in 3ms @ http://localhost:3000/_next/static/chunks/node_modules_next_dist_1e8vcs8._.js:776
[  672474ms] [LOG] [Fast Refresh] done in 3ms @ http://localhost:3000/_next/static/chunks/node_modules_next_dist_1e8vcs8._.js:776
[  672537ms] [LOG] [Fast Refresh] done in 3ms @ http://localhost:3000/_next/static/chunks/node_modules_next_dist_1e8vcs8._.js:776
[  672600ms] [LOG] [Fast Refresh] done in 3ms @ http://localhost:3000/_next/static/chunks/node_modules_next_dist_1e8vcs8._.js:776
[  672663ms] [LOG] [Fast Refresh] done in 3ms @ http://localhost:3000/_next/static/chunks/node_modules_next_dist_1e8vcs8._.js:776
[  672725ms] [LOG] [Fast Refresh] done in 3ms @ http://localhost:3000/_next/static/chunks/node_modules_next_dist_1e8vcs8._.js:776
[  672787ms] [LOG] [Fast Refresh] done in 3ms @ http://localhost:3000/_next/static/chunks/node_modules_next_dist_1e8vcs8._.js:776
[  672849ms] [LOG] [Fast Refresh] done in 3ms @ http://localhost:3000/_next/static/chunks/node_modules_next_dist_1e8vcs8._.js:776
[  672911ms] [LOG] [Fast Refresh] done in 3ms @ http://localhost:3000/_next/static/chunks/node_modules_next_dist_1e8vcs8._.js:776
[  672975ms] [LOG] [Fast Refresh] done in 3ms @ http://localhost:3000/_next/static/chunks/node_modules_next_dist_1e8vcs8._.js:776
[  673038ms] [LOG] [Fast Refresh] done in 3ms @ http://localhost:3000/_next/static/chunks/node_modules_next_dist_1e8vcs8._.js:776
[  673099ms] [LOG] [Fast Refresh] done in 3ms @ http://localhost:3000/_next/static/chunks/node_modules_next_dist_1e8vcs8._.js:776
[  673161ms] [LOG] [Fast Refresh] done in 3ms @ http://localhost:3000/_next/static/chunks/node_modules_next_dist_1e8vcs8._.js:776
[  673224ms] [LOG] [Fast Refresh] done in 3ms @ http://localhost:3000/_next/static/chunks/node_modules_next_dist_1e8vcs8._.js:776
[  673285ms] [LOG] [Fast Refresh] done in 3ms @ http://localhost:3000/_next/static/chunks/node_modules_next_dist_1e8vcs8._.js:776
[  673347ms] [LOG] [Fast Refresh] done in 3ms @ http://localhost:3000/_next/static/chunks/node_modules_next_dist_1e8vcs8._.js:776
[  673409ms] [LOG] [Fast Refresh] done in 3ms @ http://localhost:3000/_next/static/chunks/node_modules_next_dist_1e8vcs8._.js:776
[  673470ms] [LOG] [Fast Refresh] done in 3ms @ http://localhost:3000/_next/static/chunks/node_modules_next_dist_1e8vcs8._.js:776
[  673533ms] [LOG] [Fast Refresh] done in 3ms @ http://localhost:3000/_next/static/chunks/node_modules_next_dist_1e8vcs8._.js:776
[  673763ms] [LOG] [Fast Refresh] done in 3ms @ http://localhost:3000/_next/static/chunks/node_modules_next_dist_1e8vcs8._.js:776
[  673825ms] [LOG] [Fast Refresh] done in 3ms @ http://localhost:3000/_next/static/chunks/node_modules_next_dist_1e8vcs8._.js:776
[  673889ms] [LOG] [Fast Refresh] done in 3ms @ http://localhost:3000/_next/static/chunks/node_modules_next_dist_1e8vcs8._.js:776
[  673950ms] [LOG] [Fast Refresh] done in 3ms @ http://localhost:3000/_next/static/chunks/node_modules_next_dist_1e8vcs8._.js:776
[  674011ms] [LOG] [Fast Refresh] done in 3ms @ http://localhost:3000/_next/static/chunks/node_modules_next_dist_1e8vcs8._.js:776
[  674074ms] [LOG] [Fast Refresh] done in 3ms @ http://localhost:3000/_next/static/chunks/node_modules_next_dist_1e8vcs8._.js:776
[  674136ms] [LOG] [Fast Refresh] done in 3ms @ http://localhost:3000/_next/static/chunks/node_modules_next_dist_1e8vcs8._.js:776
[  674199ms] [LOG] [Fast Refresh] done in 3ms @ http://localhost:3000/_next/static/chunks/node_modules_next_dist_1e8vcs8._.js:776
[  674262ms] [LOG] [Fast Refresh] done in 3ms @ http://localhost:3000/_next/static/chunks/node_modules_next_dist_1e8vcs8._.js:776
[  674324ms] [LOG] [Fast Refresh] done in 3ms @ http://localhost:3000/_next/static/chunks/node_modules_next_dist_1e8vcs8._.js:776
[  674385ms] [LOG] [Fast Refresh] done in 3ms @ http://localhost:3000/_next/static/chunks/node_modules_next_dist_1e8vcs8._.js:776
[  674448ms] [LOG] [Fast Refresh] done in 3ms @ http://localhost:3000/_next/static/chunks/node_modules_next_dist_1e8vcs8._.js:776
[  674510ms] [LOG] [Fast Refresh] done in 3ms @ http://localhost:3000/_next/static/chunks/node_modules_next_dist_1e8vcs8._.js:776
[  674574ms] [LOG] [Fast Refresh] done in 3ms @ http://localhost:3000/_next/static/chunks/node_modules_next_dist_1e8vcs8._.js:776
[  674637ms] [LOG] [Fast Refresh] done in 3ms @ http://localhost:3000/_next/static/chunks/node_modules_next_dist_1e8vcs8._.js:776
[  674699ms] [LOG] [Fast Refresh] done in 3ms @ http://localhost:3000/_next/static/chunks/node_modules_next_dist_1e8vcs8._.js:776
[  674754ms] [LOG] [Fast Refresh] done in 3ms @ http://localhost:3000/_next/static/chunks/node_modules_next_dist_1e8vcs8._.js:776
[  674824ms] [LOG] [Fast Refresh] done in 3ms @ http://localhost:3000/_next/static/chunks/node_modules_next_dist_1e8vcs8._.js:776
[  674885ms] [LOG] [Fast Refresh] done in 3ms @ http://localhost:3000/_next/static/chunks/node_modules_next_dist_1e8vcs8._.js:776
[  674949ms] [LOG] [Fast Refresh] done in 3ms @ http://localhost:3000/_next/static/chunks/node_modules_next_dist_1e8vcs8._.js:776
[  675010ms] [LOG] [Fast Refresh] done in 3ms @ http://localhost:3000/_next/static/chunks/node_modules_next_dist_1e8vcs8._.js:776
[  675074ms] [LOG] [Fast Refresh] done in 3ms @ http://localhost:3000/_next/static/chunks/node_modules_next_dist_1e8vcs8._.js:776
[  675135ms] [LOG] [Fast Refresh] done in 3ms @ http://localhost:3000/_next/static/chunks/node_modules_next_dist_1e8vcs8._.js:776
[  675199ms] [LOG] [Fast Refresh] done in 3ms @ http://localhost:3000/_next/static/chunks/node_modules_next_dist_1e8vcs8._.js:776
[  675262ms] [LOG] [Fast Refresh] done in 3ms @ http://localhost:3000/_next/static/chunks/node_modules_next_dist_1e8vcs8._.js:776
[  675325ms] [LOG] [Fast Refresh] done in 3ms @ http://localhost:3000/_next/static/chunks/node_modules_next_dist_1e8vcs8._.js:776
[  675386ms] [LOG] [Fast Refresh] done in 3ms @ http://localhost:3000/_next/static/chunks/node_modules_next_dist_1e8vcs8._.js:776
[  675449ms] [LOG] [Fast Refresh] done in 3ms @ http://localhost:3000/_next/static/chunks/node_modules_next_dist_1e8vcs8._.js:776
[  675511ms] [LOG] [Fast Refresh] done in 3ms @ http://localhost:3000/_next/static/chunks/node_modules_next_dist_1e8vcs8._.js:776
[  675574ms] [LOG] [Fast Refresh] done in 3ms @ http://localhost:3000/_next/static/chunks/node_modules_next_dist_1e8vcs8._.js:776
[  675635ms] [LOG] [Fast Refresh] done in 3ms @ http://localhost:3000/_next/static/chunks/node_modules_next_dist_1e8vcs8._.js:776
[  675697ms] [LOG] [Fast Refresh] done in 3ms @ http://localhost:3000/_next/static/chunks/node_modules_next_dist_1e8vcs8._.js:776
[  675759ms] [LOG] [Fast Refresh] done in 3ms @ http://localhost:3000/_next/static/chunks/node_modules_next_dist_1e8vcs8._.js:776
[  675820ms] [LOG] [Fast Refresh] done in 3ms @ http://localhost:3000/_next/static/chunks/node_modules_next_dist_1e8vcs8._.js:776
[  675882ms] [LOG] [Fast Refresh] done in 3ms @ http://localhost:3000/_next/static/chunks/node_modules_next_dist_1e8vcs8._.js:776
[  675943ms] [LOG] [Fast Refresh] done in 3ms @ http://localhost:3000/_next/static/chunks/node_modules_next_dist_1e8vcs8._.js:776
[  676005ms] [LOG] [Fast Refresh] done in 3ms @ http://localhost:3000/_next/static/chunks/node_modules_next_dist_1e8vcs8._.js:776
[  676067ms] [LOG] [Fast Refresh] done in 3ms @ http://localhost:3000/_next/static/chunks/node_modules_next_dist_1e8vcs8._.js:776
[  676129ms] [LOG] [Fast Refresh] done in 3ms @ http://localhost:3000/_next/static/chunks/node_modules_next_dist_1e8vcs8._.js:776
[  676191ms] [LOG] [Fast Refresh] done in 3ms @ http://localhost:3000/_next/static/chunks/node_modules_next_dist_1e8vcs8._.js:776
[  676253ms] [LOG] [Fast Refresh] done in 3ms @ http://localhost:3000/_next/static/chunks/node_modules_next_dist_1e8vcs8._.js:776
[  676315ms] [LOG] [Fast Refresh] done in 3ms @ http://localhost:3000/_next/static/chunks/node_modules_next_dist_1e8vcs8._.js:776
[  676378ms] [LOG] [Fast Refresh] done in 3ms @ http://localhost:3000/_next/static/chunks/node_modules_next_dist_1e8vcs8._.js:776
[  676441ms] [LOG] [Fast Refresh] done in 3ms @ http://localhost:3000/_next/static/chunks/node_modules_next_dist_1e8vcs8._.js:776
[  676503ms] [LOG] [Fast Refresh] done in 3ms @ http://localhost:3000/_next/static/chunks/node_modules_next_dist_1e8vcs8._.js:776
[  676565ms] [LOG] [Fast Refresh] done in 3ms @ http://localhost:3000/_next/static/chunks/node_modules_next_dist_1e8vcs8._.js:776
[  676627ms] [LOG] [Fast Refresh] done in 3ms @ http://localhost:3000/_next/static/chunks/node_modules_next_dist_1e8vcs8._.js:776
[  676691ms] [LOG] [Fast Refresh] done in 3ms @ http://localhost:3000/_next/static/chunks/node_modules_next_dist_1e8vcs8._.js:776
[  676753ms] [LOG] [Fast Refresh] done in 3ms @ http://localhost:3000/_next/static/chunks/node_modules_next_dist_1e8vcs8._.js:776
[  676817ms] [LOG] [Fast Refresh] done in 3ms @ http://localhost:3000/_next/static/chunks/node_modules_next_dist_1e8vcs8._.js:776
[  676877ms] [LOG] [Fast Refresh] done in 3ms @ http://localhost:3000/_next/static/chunks/node_modules_next_dist_1e8vcs8._.js:776
[  676940ms] [LOG] [Fast Refresh] done in 3ms @ http://localhost:3000/_next/static/chunks/node_modules_next_dist_1e8vcs8._.js:776
[  677002ms] [LOG] [Fast Refresh] done in 3ms @ http://localhost:3000/_next/static/chunks/node_modules_next_dist_1e8vcs8._.js:776
[  677065ms] [LOG] [Fast Refresh] done in 3ms @ http://localhost:3000/_next/static/chunks/node_modules_next_dist_1e8vcs8._.js:776
[  677127ms] [LOG] [Fast Refresh] done in 3ms @ http://localhost:3000/_next/static/chunks/node_modules_next_dist_1e8vcs8._.js:776
[  677190ms] [LOG] [Fast Refresh] done in 3ms @ http://localhost:3000/_next/static/chunks/node_modules_next_dist_1e8vcs8._.js:776
[  677252ms] [LOG] [Fast Refresh] done in 3ms @ http://localhost:3000/_next/static/chunks/node_modules_next_dist_1e8vcs8._.js:776
[  677315ms] [LOG] [Fast Refresh] done in 3ms @ http://localhost:3000/_next/static/chunks/node_modules_next_dist_1e8vcs8._.js:776
[  677377ms] [LOG] [Fast Refresh] done in 3ms @ http://localhost:3000/_next/static/chunks/node_modules_next_dist_1e8vcs8._.js:776
[  677440ms] [LOG] [Fast Refresh] done in 3ms @ http://localhost:3000/_next/static/chunks/node_modules_next_dist_1e8vcs8._.js:776
[  677502ms] [LOG] [Fast Refresh] done in 3ms @ http://localhost:3000/_next/static/chunks/node_modules_next_dist_1e8vcs8._.js:776
[  677566ms] [LOG] [Fast Refresh] done in 3ms @ http://localhost:3000/_next/static/chunks/node_modules_next_dist_1e8vcs8._.js:776
[  677628ms] [LOG] [Fast Refresh] done in 3ms @ http://localhost:3000/_next/static/chunks/node_modules_next_dist_1e8vcs8._.js:776
[  677692ms] [LOG] [Fast Refresh] done in 3ms @ http://localhost:3000/_next/static/chunks/node_modules_next_dist_1e8vcs8._.js:776
[  677754ms] [LOG] [Fast Refresh] done in 3ms @ http://localhost:3000/_next/static/chunks/node_modules_next_dist_1e8vcs8._.js:776
[  677818ms] [LOG] [Fast Refresh] done in 3ms @ http://localhost:3000/_next/static/chunks/node_modules_next_dist_1e8vcs8._.js:776
[  677880ms] [LOG] [Fast Refresh] done in 3ms @ http://localhost:3000/_next/static/chunks/node_modules_next_dist_1e8vcs8._.js:776
[  677942ms] [LOG] [Fast Refresh] done in 3ms @ http://localhost:3000/_next/static/chunks/node_modules_next_dist_1e8vcs8._.js:776
[  678003ms] [LOG] [Fast Refresh] done in 3ms @ http://localhost:3000/_next/static/chunks/node_modules_next_dist_1e8vcs8._.js:776
[  678066ms] [LOG] [Fast Refresh] done in 3ms @ http://localhost:3000/_next/static/chunks/node_modules_next_dist_1e8vcs8._.js:776
[  678128ms] [LOG] [Fast Refresh] done in 3ms @ http://localhost:3000/_next/static/chunks/node_modules_next_dist_1e8vcs8._.js:776
[  678191ms] [LOG] [Fast Refresh] done in 3ms @ http://localhost:3000/_next/static/chunks/node_modules_next_dist_1e8vcs8._.js:776
[  678253ms] [LOG] [Fast Refresh] done in 3ms @ http://localhost:3000/_next/static/chunks/node_modules_next_dist_1e8vcs8._.js:776
[  678315ms] [LOG] [Fast Refresh] done in 3ms @ http://localhost:3000/_next/static/chunks/node_modules_next_dist_1e8vcs8._.js:776
[  678377ms] [LOG] [Fast Refresh] done in 3ms @ http://localhost:3000/_next/static/chunks/node_modules_next_dist_1e8vcs8._.js:776
[  678439ms] [LOG] [Fast Refresh] done in 3ms @ http://localhost:3000/_next/static/chunks/node_modules_next_dist_1e8vcs8._.js:776
[  678501ms] [LOG] [Fast Refresh] done in 3ms @ http://localhost:3000/_next/static/chunks/node_modules_next_dist_1e8vcs8._.js:776
[  678563ms] [LOG] [Fast Refresh] done in 3ms @ http://localhost:3000/_next/static/chunks/node_modules_next_dist_1e8vcs8._.js:776
[  678625ms] [LOG] [Fast Refresh] done in 3ms @ http://localhost:3000/_next/static/chunks/node_modules_next_dist_1e8vcs8._.js:776
[  678688ms] [LOG] [Fast Refresh] done in 3ms @ http://localhost:3000/_next/static/chunks/node_modules_next_dist_1e8vcs8._.js:776
[  678750ms] [LOG] [Fast Refresh] done in 3ms @ http://localhost:3000/_next/static/chunks/node_modules_next_dist_1e8vcs8._.js:776
[  678811ms] [LOG] [Fast Refresh] done in 3ms @ http://localhost:3000/_next/static/chunks/node_modules_next_dist_1e8vcs8._.js:776
[  678874ms] [LOG] [Fast Refresh] done in 3ms @ http://localhost:3000/_next/static/chunks/node_modules_next_dist_1e8vcs8._.js:776
[  678936ms] [LOG] [Fast Refresh] done in 3ms @ http://localhost:3000/_next/static/chunks/node_modules_next_dist_1e8vcs8._.js:776
[  678999ms] [LOG] [Fast Refresh] done in 3ms @ http://localhost:3000/_next/static/chunks/node_modules_next_dist_1e8vcs8._.js:776
[  679061ms] [LOG] [Fast Refresh] done in 3ms @ http://localhost:3000/_next/static/chunks/node_modules_next_dist_1e8vcs8._.js:776
[  679124ms] [LOG] [Fast Refresh] done in 3ms @ http://localhost:3000/_next/static/chunks/node_modules_next_dist_1e8vcs8._.js:776
[  679185ms] [LOG] [Fast Refresh] done in 3ms @ http://localhost:3000/_next/static/chunks/node_modules_next_dist_1e8vcs8._.js:776
[  679246ms] [LOG] [Fast Refresh] done in 3ms @ http://localhost:3000/_next/static/chunks/node_modules_next_dist_1e8vcs8._.js:776
[  679308ms] [LOG] [Fast Refresh] done in 3ms @ http://localhost:3000/_next/static/chunks/node_modules_next_dist_1e8vcs8._.js:776
[  679369ms] [LOG] [Fast Refresh] done in 3ms @ http://localhost:3000/_next/static/chunks/node_modules_next_dist_1e8vcs8._.js:776
[  679432ms] [LOG] [Fast Refresh] done in 3ms @ http://localhost:3000/_next/static/chunks/node_modules_next_dist_1e8vcs8._.js:776
[  679494ms] [LOG] [Fast Refresh] done in 3ms @ http://localhost:3000/_next/static/chunks/node_modules_next_dist_1e8vcs8._.js:776
[  679557ms] [LOG] [Fast Refresh] done in 3ms @ http://localhost:3000/_next/static/chunks/node_modules_next_dist_1e8vcs8._.js:776
[  679619ms] [LOG] [Fast Refresh] done in 3ms @ http://localhost:3000/_next/static/chunks/node_modules_next_dist_1e8vcs8._.js:776
[  679683ms] [LOG] [Fast Refresh] done in 3ms @ http://localhost:3000/_next/static/chunks/node_modules_next_dist_1e8vcs8._.js:776
[  679746ms] [LOG] [Fast Refresh] done in 3ms @ http://localhost:3000/_next/static/chunks/node_modules_next_dist_1e8vcs8._.js:776
[  679808ms] [LOG] [Fast Refresh] done in 3ms @ http://localhost:3000/_next/static/chunks/node_modules_next_dist_1e8vcs8._.js:776
[  679966ms] [LOG] [Fast Refresh] done in 3ms @ http://localhost:3000/_next/static/chunks/node_modules_next_dist_1e8vcs8._.js:776
[  680029ms] [LOG] [Fast Refresh] done in 3ms @ http://localhost:3000/_next/static/chunks/node_modules_next_dist_1e8vcs8._.js:776
[  680084ms] [LOG] [Fast Refresh] done in 3ms @ http://localhost:3000/_next/static/chunks/node_modules_next_dist_1e8vcs8._.js:776
[  680182ms] [LOG] [Fast Refresh] done in 3ms @ http://localhost:3000/_next/static/chunks/node_modules_next_dist_1e8vcs8._.js:776
[  680235ms] [LOG] [Fast Refresh] done in 3ms @ http://localhost:3000/_next/static/chunks/node_modules_next_dist_1e8vcs8._.js:776
[  680440ms] [LOG] [Fast Refresh] rebuilding @ http://localhost:3000/_next/static/chunks/node_modules_next_dist_1e8vcs8._.js:776
[  680604ms] [LOG] [Fast Refresh] done in 236ms @ http://localhost:3000/_next/static/chunks/node_modules_next_dist_1e8vcs8._.js:776
[  687098ms] [LOG] [Fast Refresh] rebuilding @ http://localhost:3000/_next/static/chunks/node_modules_next_dist_1e8vcs8._.js:776
[  687200ms] [ERROR] ./app/hand-tracking/components/ChainRail.tsx:196:9
Error: Expression expected
  194 |         </div>
  195 |
> 196 |         <div className="ht-legend">
      |         ^
  197 |           <div className="ht-legend-item">
  198 |             <span className="ht-legend-dot ht-done" /> Completed
  199 |           </div>

Parsing ecmascript source code failed

Import trace:
  Server Component:
    ./app/hand-tracking/components/ChainRail.tsx
    ./app/hand-tracking/layout.tsx @ http://localhost:3000/_next/static/chunks/node_modules_next_dist_1e8vcs8._.js:1052
[  687200ms] [ERROR] ./app/hand-tracking/components/ChainRail.tsx:193:13
Error: Unexpected token. Did you mean `{'}'}` or `&rbrace;`?
  191 |               </div>
  192 |             </div>
> 193 |           ))}
      |             ^
  194 |         </div>
  195 |
  196 |         <div className="ht-legend">

Parsing ecmascript source code failed

Import trace:
  Server Component:
    ./app/hand-tracking/components/ChainRail.tsx
    ./app/hand-tracking/layout.tsx @ http://localhost:3000/_next/static/chunks/node_modules_next_dist_1e8vcs8._.js:1052
[  687260ms] [ERROR] ./app/hand-tracking/components/ChainRail.tsx:196:9
Error: Expression expected
  194 |         </div>
  195 |
> 196 |         <div className="ht-legend">
      |         ^
  197 |           <div className="ht-legend-item">
  198 |             <span className="ht-legend-dot ht-done" /> Completed
  199 |           </div>

Parsing ecmascript source code failed

Import trace:
  Server Component:
    ./app/hand-tracking/components/ChainRail.tsx
    ./app/hand-tracking/layout.tsx @ http://localhost:3000/_next/static/chunks/node_modules_next_dist_1e8vcs8._.js:1052
[  687260ms] [ERROR] ./app/hand-tracking/components/ChainRail.tsx:193:13
Error: Unexpected token. Did you mean `{'}'}` or `&rbrace;`?
  191 |               </div>
  192 |             </div>
> 193 |           ))}
      |             ^
  194 |         </div>
  195 |
  196 |         <div className="ht-legend">

Parsing ecmascript source code failed

Import trace:
  Server Component:
    ./app/hand-tracking/components/ChainRail.tsx
    ./app/hand-tracking/layout.tsx @ http://localhost:3000/_next/static/chunks/node_modules_next_dist_1e8vcs8._.js:1052
[  687322ms] [ERROR] ./app/hand-tracking/components/ChainRail.tsx:196:9
Error: Expression expected
  194 |         </div>
  195 |
> 196 |         <div className="ht-legend">
      |         ^
  197 |           <div className="ht-legend-item">
  198 |             <span className="ht-legend-dot ht-done" /> Completed
  199 |           </div>

Parsing ecmascript source code failed

Import trace:
  Server Component:
    ./app/hand-tracking/components/ChainRail.tsx
    ./app/hand-tracking/layout.tsx @ http://localhost:3000/_next/static/chunks/node_modules_next_dist_1e8vcs8._.js:1052
[  687323ms] [ERROR] ./app/hand-tracking/components/ChainRail.tsx:193:13
Error: Unexpected token. Did you mean `{'}'}` or `&rbrace;`?
  191 |               </div>
  192 |             </div>
> 193 |           ))}
      |             ^
  194 |         </div>
  195 |
  196 |         <div className="ht-legend">

Parsing ecmascript source code failed

Import trace:
  Server Component:
    ./app/hand-tracking/components/ChainRail.tsx
    ./app/hand-tracking/layout.tsx @ http://localhost:3000/_next/static/chunks/node_modules_next_dist_1e8vcs8._.js:1052
[  687384ms] [ERROR] ./app/hand-tracking/components/ChainRail.tsx:196:9
Error: Expression expected
  194 |         </div>
  195 |
> 196 |         <div className="ht-legend">
      |         ^
  197 |           <div className="ht-legend-item">
  198 |             <span className="ht-legend-dot ht-done" /> Completed
  199 |           </div>

Parsing ecmascript source code failed

Import trace:
  Server Component:
    ./app/hand-tracking/components/ChainRail.tsx
    ./app/hand-tracking/layout.tsx @ http://localhost:3000/_next/static/chunks/node_modules_next_dist_1e8vcs8._.js:1052
[  687385ms] [ERROR] ./app/hand-tracking/components/ChainRail.tsx:193:13
Error: Unexpected token. Did you mean `{'}'}` or `&rbrace;`?
  191 |               </div>
  192 |             </div>
> 193 |           ))}
      |             ^
  194 |         </div>
  195 |
  196 |         <div className="ht-legend">

Parsing ecmascript source code failed

Import trace:
  Server Component:
    ./app/hand-tracking/components/ChainRail.tsx
    ./app/hand-tracking/layout.tsx @ http://localhost:3000/_next/static/chunks/node_modules_next_dist_1e8vcs8._.js:1052
[  687446ms] [ERROR] ./app/hand-tracking/components/ChainRail.tsx:196:9
Error: Expression expected
  194 |         </div>
  195 |
> 196 |         <div className="ht-legend">
      |         ^
  197 |           <div className="ht-legend-item">
  198 |             <span className="ht-legend-dot ht-done" /> Completed
  199 |           </div>

Parsing ecmascript source code failed

Import trace:
  Server Component:
    ./app/hand-tracking/components/ChainRail.tsx
    ./app/hand-tracking/layout.tsx @ http://localhost:3000/_next/static/chunks/node_modules_next_dist_1e8vcs8._.js:1052
[  687447ms] [ERROR] ./app/hand-tracking/components/ChainRail.tsx:193:13
Error: Unexpected token. Did you mean `{'}'}` or `&rbrace;`?
  191 |               </div>
  192 |             </div>
> 193 |           ))}
      |             ^
  194 |         </div>
  195 |
  196 |         <div className="ht-legend">

Parsing ecmascript source code failed

Import trace:
  Server Component:
    ./app/hand-tracking/components/ChainRail.tsx
    ./app/hand-tracking/layout.tsx @ http://localhost:3000/_next/static/chunks/node_modules_next_dist_1e8vcs8._.js:1052
[  687508ms] [ERROR] ./app/hand-tracking/components/ChainRail.tsx:196:9
Error: Expression expected
  194 |         </div>
  195 |
> 196 |         <div className="ht-legend">
      |         ^
  197 |           <div className="ht-legend-item">
  198 |             <span className="ht-legend-dot ht-done" /> Completed
  199 |           </div>

Parsing ecmascript source code failed

Import trace:
  Server Component:
    ./app/hand-tracking/components/ChainRail.tsx
    ./app/hand-tracking/layout.tsx @ http://localhost:3000/_next/static/chunks/node_modules_next_dist_1e8vcs8._.js:1052
[  687508ms] [ERROR] ./app/hand-tracking/components/ChainRail.tsx:193:13
Error: Unexpected token. Did you mean `{'}'}` or `&rbrace;`?
  191 |               </div>
  192 |             </div>
> 193 |           ))}
      |             ^
  194 |         </div>
  195 |
  196 |         <div className="ht-legend">

Parsing ecmascript source code failed

Import trace:
  Server Component:
    ./app/hand-tracking/components/ChainRail.tsx
    ./app/hand-tracking/layout.tsx @ http://localhost:3000/_next/static/chunks/node_modules_next_dist_1e8vcs8._.js:1052
[  687571ms] [ERROR] ./app/hand-tracking/components/ChainRail.tsx:196:9
Error: Expression expected
  194 |         </div>
  195 |
> 196 |         <div className="ht-legend">
      |         ^
  197 |           <div className="ht-legend-item">
  198 |             <span className="ht-legend-dot ht-done" /> Completed
  199 |           </div>

Parsing ecmascript source code failed

Import trace:
  Server Component:
    ./app/hand-tracking/components/ChainRail.tsx
    ./app/hand-tracking/layout.tsx @ http://localhost:3000/_next/static/chunks/node_modules_next_dist_1e8vcs8._.js:1052
[  687571ms] [ERROR] ./app/hand-tracking/components/ChainRail.tsx:193:13
Error: Unexpected token. Did you mean `{'}'}` or `&rbrace;`?
  191 |               </div>
  192 |             </div>
> 193 |           ))}
      |             ^
  194 |         </div>
  195 |
  196 |         <div className="ht-legend">

Parsing ecmascript source code failed

Import trace:
  Server Component:
    ./app/hand-tracking/components/ChainRail.tsx
    ./app/hand-tracking/layout.tsx @ http://localhost:3000/_next/static/chunks/node_modules_next_dist_1e8vcs8._.js:1052
[  687633ms] [ERROR] ./app/hand-tracking/components/ChainRail.tsx:196:9
Error: Expression expected
  194 |         </div>
  195 |
> 196 |         <div className="ht-legend">
      |         ^
  197 |           <div className="ht-legend-item">
  198 |             <span className="ht-legend-dot ht-done" /> Completed
  199 |           </div>

Parsing ecmascript source code failed

Import trace:
  Server Component:
    ./app/hand-tracking/components/ChainRail.tsx
    ./app/hand-tracking/layout.tsx @ http://localhost:3000/_next/static/chunks/node_modules_next_dist_1e8vcs8._.js:1052
[  687634ms] [ERROR] ./app/hand-tracking/components/ChainRail.tsx:193:13
Error: Unexpected token. Did you mean `{'}'}` or `&rbrace;`?
  191 |               </div>
  192 |             </div>
> 193 |           ))}
      |             ^
  194 |         </div>
  195 |
  196 |         <div className="ht-legend">

Parsing ecmascript source code failed

Import trace:
  Server Component:
    ./app/hand-tracking/components/ChainRail.tsx
    ./app/hand-tracking/layout.tsx @ http://localhost:3000/_next/static/chunks/node_modules_next_dist_1e8vcs8._.js:1052
[  687695ms] [ERROR] ./app/hand-tracking/components/ChainRail.tsx:196:9
Error: Expression expected
  194 |         </div>
  195 |
> 196 |         <div className="ht-legend">
      |         ^
  197 |           <div className="ht-legend-item">
  198 |             <span className="ht-legend-dot ht-done" /> Completed
  199 |           </div>

Parsing ecmascript source code failed

Import trace:
  Server Component:
    ./app/hand-tracking/components/ChainRail.tsx
    ./app/hand-tracking/layout.tsx @ http://localhost:3000/_next/static/chunks/node_modules_next_dist_1e8vcs8._.js:1052
[  687695ms] [ERROR] ./app/hand-tracking/components/ChainRail.tsx:193:13
Error: Unexpected token. Did you mean `{'}'}` or `&rbrace;`?
  191 |               </div>
  192 |             </div>
> 193 |           ))}
      |             ^
  194 |         </div>
  195 |
  196 |         <div className="ht-legend">

Parsing ecmascript source code failed

Import trace:
  Server Component:
    ./app/hand-tracking/components/ChainRail.tsx
    ./app/hand-tracking/layout.tsx @ http://localhost:3000/_next/static/chunks/node_modules_next_dist_1e8vcs8._.js:1052
[  687758ms] [ERROR] ./app/hand-tracking/components/ChainRail.tsx:196:9
Error: Expression expected
  194 |         </div>
  195 |
> 196 |         <div className="ht-legend">
      |         ^
  197 |           <div className="ht-legend-item">
  198 |             <span className="ht-legend-dot ht-done" /> Completed
  199 |           </div>

Parsing ecmascript source code failed

Import trace:
  Server Component:
    ./app/hand-tracking/components/ChainRail.tsx
    ./app/hand-tracking/layout.tsx @ http://localhost:3000/_next/static/chunks/node_modules_next_dist_1e8vcs8._.js:1052
[  687758ms] [ERROR] ./app/hand-tracking/components/ChainRail.tsx:193:13
Error: Unexpected token. Did you mean `{'}'}` or `&rbrace;`?
  191 |               </div>
  192 |             </div>
> 193 |           ))}
      |             ^
  194 |         </div>
  195 |
  196 |         <div className="ht-legend">

Parsing ecmascript source code failed

Import trace:
  Server Component:
    ./app/hand-tracking/components/ChainRail.tsx
    ./app/hand-tracking/layout.tsx @ http://localhost:3000/_next/static/chunks/node_modules_next_dist_1e8vcs8._.js:1052
[  687819ms] [ERROR] ./app/hand-tracking/components/ChainRail.tsx:196:9
Error: Expression expected
  194 |         </div>
  195 |
> 196 |         <div className="ht-legend">
      |         ^
  197 |           <div className="ht-legend-item">
  198 |             <span className="ht-legend-dot ht-done" /> Completed
  199 |           </div>

Parsing ecmascript source code failed

Import trace:
  Server Component:
    ./app/hand-tracking/components/ChainRail.tsx
    ./app/hand-tracking/layout.tsx @ http://localhost:3000/_next/static/chunks/node_modules_next_dist_1e8vcs8._.js:1052
[  687819ms] [ERROR] ./app/hand-tracking/components/ChainRail.tsx:193:13
Error: Unexpected token. Did you mean `{'}'}` or `&rbrace;`?
  191 |               </div>
  192 |             </div>
> 193 |           ))}
      |             ^
  194 |         </div>
  195 |
  196 |         <div className="ht-legend">

Parsing ecmascript source code failed

Import trace:
  Server Component:
    ./app/hand-tracking/components/ChainRail.tsx
    ./app/hand-tracking/layout.tsx @ http://localhost:3000/_next/static/chunks/node_modules_next_dist_1e8vcs8._.js:1052
[  687883ms] [ERROR] ./app/hand-tracking/components/ChainRail.tsx:196:9
Error: Expression expected
  194 |         </div>
  195 |
> 196 |         <div className="ht-legend">
      |         ^
  197 |           <div className="ht-legend-item">
  198 |             <span className="ht-legend-dot ht-done" /> Completed
  199 |           </div>

Parsing ecmascript source code failed

Import trace:
  Server Component:
    ./app/hand-tracking/components/ChainRail.tsx
    ./app/hand-tracking/layout.tsx @ http://localhost:3000/_next/static/chunks/node_modules_next_dist_1e8vcs8._.js:1052
[  687883ms] [ERROR] ./app/hand-tracking/components/ChainRail.tsx:193:13
Error: Unexpected token. Did you mean `{'}'}` or `&rbrace;`?
  191 |               </div>
  192 |             </div>
> 193 |           ))}
      |             ^
  194 |         </div>
  195 |
  196 |         <div className="ht-legend">

Parsing ecmascript source code failed

Import trace:
  Server Component:
    ./app/hand-tracking/components/ChainRail.tsx
    ./app/hand-tracking/layout.tsx @ http://localhost:3000/_next/static/chunks/node_modules_next_dist_1e8vcs8._.js:1052
[  687945ms] [ERROR] ./app/hand-tracking/components/ChainRail.tsx:196:9
Error: Expression expected
  194 |         </div>
  195 |
> 196 |         <div className="ht-legend">
      |         ^
  197 |           <div className="ht-legend-item">
  198 |             <span className="ht-legend-dot ht-done" /> Completed
  199 |           </div>

Parsing ecmascript source code failed

Import trace:
  Server Component:
    ./app/hand-tracking/components/ChainRail.tsx
    ./app/hand-tracking/layout.tsx @ http://localhost:3000/_next/static/chunks/node_modules_next_dist_1e8vcs8._.js:1052
[  687945ms] [ERROR] ./app/hand-tracking/components/ChainRail.tsx:193:13
Error: Unexpected token. Did you mean `{'}'}` or `&rbrace;`?
  191 |               </div>
  192 |             </div>
> 193 |           ))}
      |             ^
  194 |         </div>
  195 |
  196 |         <div className="ht-legend">

Parsing ecmascript source code failed

Import trace:
  Server Component:
    ./app/hand-tracking/components/ChainRail.tsx
    ./app/hand-tracking/layout.tsx @ http://localhost:3000/_next/static/chunks/node_modules_next_dist_1e8vcs8._.js:1052
[  688008ms] [ERROR] ./app/hand-tracking/components/ChainRail.tsx:196:9
Error: Expression expected
  194 |         </div>
  195 |
> 196 |         <div className="ht-legend">
      |         ^
  197 |           <div className="ht-legend-item">
  198 |             <span className="ht-legend-dot ht-done" /> Completed
  199 |           </div>

Parsing ecmascript source code failed

Import trace:
  Server Component:
    ./app/hand-tracking/components/ChainRail.tsx
    ./app/hand-tracking/layout.tsx @ http://localhost:3000/_next/static/chunks/node_modules_next_dist_1e8vcs8._.js:1052
[  688008ms] [ERROR] ./app/hand-tracking/components/ChainRail.tsx:193:13
Error: Unexpected token. Did you mean `{'}'}` or `&rbrace;`?
  191 |               </div>
  192 |             </div>
> 193 |           ))}
      |             ^
  194 |         </div>
  195 |
  196 |         <div className="ht-legend">

Parsing ecmascript source code failed

Import trace:
  Server Component:
    ./app/hand-tracking/components/ChainRail.tsx
    ./app/hand-tracking/layout.tsx @ http://localhost:3000/_next/static/chunks/node_modules_next_dist_1e8vcs8._.js:1052
[  688069ms] [ERROR] ./app/hand-tracking/components/ChainRail.tsx:196:9
Error: Expression expected
  194 |         </div>
  195 |
> 196 |         <div className="ht-legend">
      |         ^
  197 |           <div className="ht-legend-item">
  198 |             <span className="ht-legend-dot ht-done" /> Completed
  199 |           </div>

Parsing ecmascript source code failed

Import trace:
  Server Component:
    ./app/hand-tracking/components/ChainRail.tsx
    ./app/hand-tracking/layout.tsx @ http://localhost:3000/_next/static/chunks/node_modules_next_dist_1e8vcs8._.js:1052
[  688070ms] [ERROR] ./app/hand-tracking/components/ChainRail.tsx:193:13
Error: Unexpected token. Did you mean `{'}'}` or `&rbrace;`?
  191 |               </div>
  192 |             </div>
> 193 |           ))}
      |             ^
  194 |         </div>
  195 |
  196 |         <div className="ht-legend">

Parsing ecmascript source code failed

Import trace:
  Server Component:
    ./app/hand-tracking/components/ChainRail.tsx
    ./app/hand-tracking/layout.tsx @ http://localhost:3000/_next/static/chunks/node_modules_next_dist_1e8vcs8._.js:1052
[  688132ms] [ERROR] ./app/hand-tracking/components/ChainRail.tsx:196:9
Error: Expression expected
  194 |         </div>
  195 |
> 196 |         <div className="ht-legend">
      |         ^
  197 |           <div className="ht-legend-item">
  198 |             <span className="ht-legend-dot ht-done" /> Completed
  199 |           </div>

Parsing ecmascript source code failed

Import trace:
  Server Component:
    ./app/hand-tracking/components/ChainRail.tsx
    ./app/hand-tracking/layout.tsx @ http://localhost:3000/_next/static/chunks/node_modules_next_dist_1e8vcs8._.js:1052
[  688133ms] [ERROR] ./app/hand-tracking/components/ChainRail.tsx:193:13
Error: Unexpected token. Did you mean `{'}'}` or `&rbrace;`?
  191 |               </div>
  192 |             </div>
> 193 |           ))}
      |             ^
  194 |         </div>
  195 |
  196 |         <div className="ht-legend">

Parsing ecmascript source code failed

Import trace:
  Server Component:
    ./app/hand-tracking/components/ChainRail.tsx
    ./app/hand-tracking/layout.tsx @ http://localhost:3000/_next/static/chunks/node_modules_next_dist_1e8vcs8._.js:1052
[  688193ms] [ERROR] ./app/hand-tracking/components/ChainRail.tsx:196:9
Error: Expression expected
  194 |         </div>
  195 |
> 196 |         <div className="ht-legend">
      |         ^
  197 |           <div className="ht-legend-item">
  198 |             <span className="ht-legend-dot ht-done" /> Completed
  199 |           </div>

Parsing ecmascript source code failed

Import trace:
  Server Component:
    ./app/hand-tracking/components/ChainRail.tsx
    ./app/hand-tracking/layout.tsx @ http://localhost:3000/_next/static/chunks/node_modules_next_dist_1e8vcs8._.js:1052
[  688193ms] [ERROR] ./app/hand-tracking/components/ChainRail.tsx:193:13
Error: Unexpected token. Did you mean `{'}'}` or `&rbrace;`?
  191 |               </div>
  192 |             </div>
> 193 |           ))}
      |             ^
  194 |         </div>
  195 |
  196 |         <div className="ht-legend">

Parsing ecmascript source code failed

Import trace:
  Server Component:
    ./app/hand-tracking/components/ChainRail.tsx
    ./app/hand-tracking/layout.tsx @ http://localhost:3000/_next/static/chunks/node_modules_next_dist_1e8vcs8._.js:1052
[  688258ms] [ERROR] ./app/hand-tracking/components/ChainRail.tsx:196:9
Error: Expression expected
  194 |         </div>
  195 |
> 196 |         <div className="ht-legend">
      |         ^
  197 |           <div className="ht-legend-item">
  198 |             <span className="ht-legend-dot ht-done" /> Completed
  199 |           </div>

Parsing ecmascript source code failed

Import trace:
  Server Component:
    ./app/hand-tracking/components/ChainRail.tsx
    ./app/hand-tracking/layout.tsx @ http://localhost:3000/_next/static/chunks/node_modules_next_dist_1e8vcs8._.js:1052
[  688259ms] [ERROR] ./app/hand-tracking/components/ChainRail.tsx:193:13
Error: Unexpected token. Did you mean `{'}'}` or `&rbrace;`?
  191 |               </div>
  192 |             </div>
> 193 |           ))}
      |             ^
  194 |         </div>
  195 |
  196 |         <div className="ht-legend">

Parsing ecmascript source code failed

Import trace:
  Server Component:
    ./app/hand-tracking/components/ChainRail.tsx
    ./app/hand-tracking/layout.tsx @ http://localhost:3000/_next/static/chunks/node_modules_next_dist_1e8vcs8._.js:1052
[  688319ms] [ERROR] ./app/hand-tracking/components/ChainRail.tsx:196:9
Error: Expression expected
  194 |         </div>
  195 |
> 196 |         <div className="ht-legend">
      |         ^
  197 |           <div className="ht-legend-item">
  198 |             <span className="ht-legend-dot ht-done" /> Completed
  199 |           </div>

Parsing ecmascript source code failed

Import trace:
  Server Component:
    ./app/hand-tracking/components/ChainRail.tsx
    ./app/hand-tracking/layout.tsx @ http://localhost:3000/_next/static/chunks/node_modules_next_dist_1e8vcs8._.js:1052
[  688319ms] [ERROR] ./app/hand-tracking/components/ChainRail.tsx:193:13
Error: Unexpected token. Did you mean `{'}'}` or `&rbrace;`?
  191 |               </div>
  192 |             </div>
> 193 |           ))}
      |             ^
  194 |         </div>
  195 |
  196 |         <div className="ht-legend">

Parsing ecmascript source code failed

Import trace:
  Server Component:
    ./app/hand-tracking/components/ChainRail.tsx
    ./app/hand-tracking/layout.tsx @ http://localhost:3000/_next/static/chunks/node_modules_next_dist_1e8vcs8._.js:1052
[  688382ms] [ERROR] ./app/hand-tracking/components/ChainRail.tsx:196:9
Error: Expression expected
  194 |         </div>
  195 |
> 196 |         <div className="ht-legend">
      |         ^
  197 |           <div className="ht-legend-item">
  198 |             <span className="ht-legend-dot ht-done" /> Completed
  199 |           </div>

Parsing ecmascript source code failed

Import trace:
  Server Component:
    ./app/hand-tracking/components/ChainRail.tsx
    ./app/hand-tracking/layout.tsx @ http://localhost:3000/_next/static/chunks/node_modules_next_dist_1e8vcs8._.js:1052
[  688382ms] [ERROR] ./app/hand-tracking/components/ChainRail.tsx:193:13
Error: Unexpected token. Did you mean `{'}'}` or `&rbrace;`?
  191 |               </div>
  192 |             </div>
> 193 |           ))}
      |             ^
  194 |         </div>
  195 |
  196 |         <div className="ht-legend">

Parsing ecmascript source code failed

Import trace:
  Server Component:
    ./app/hand-tracking/components/ChainRail.tsx
    ./app/hand-tracking/layout.tsx @ http://localhost:3000/_next/static/chunks/node_modules_next_dist_1e8vcs8._.js:1052
[  688442ms] [ERROR] ./app/hand-tracking/components/ChainRail.tsx:196:9
Error: Expression expected
  194 |         </div>
  195 |
> 196 |         <div className="ht-legend">
      |         ^
  197 |           <div className="ht-legend-item">
  198 |             <span className="ht-legend-dot ht-done" /> Completed
  199 |           </div>

Parsing ecmascript source code failed

Import trace:
  Server Component:
    ./app/hand-tracking/components/ChainRail.tsx
    ./app/hand-tracking/layout.tsx @ http://localhost:3000/_next/static/chunks/node_modules_next_dist_1e8vcs8._.js:1052
[  688443ms] [ERROR] ./app/hand-tracking/components/ChainRail.tsx:193:13
Error: Unexpected token. Did you mean `{'}'}` or `&rbrace;`?
  191 |               </div>
  192 |             </div>
> 193 |           ))}
      |             ^
  194 |         </div>
  195 |
  196 |         <div className="ht-legend">

Parsing ecmascript source code failed

Import trace:
  Server Component:
    ./app/hand-tracking/components/ChainRail.tsx
    ./app/hand-tracking/layout.tsx @ http://localhost:3000/_next/static/chunks/node_modules_next_dist_1e8vcs8._.js:1052
[  688504ms] [ERROR] ./app/hand-tracking/components/ChainRail.tsx:196:9
Error: Expression expected
  194 |         </div>
  195 |
> 196 |         <div className="ht-legend">
      |         ^
  197 |           <div className="ht-legend-item">
  198 |             <span className="ht-legend-dot ht-done" /> Completed
  199 |           </div>

Parsing ecmascript source code failed

Import trace:
  Server Component:
    ./app/hand-tracking/components/ChainRail.tsx
    ./app/hand-tracking/layout.tsx @ http://localhost:3000/_next/static/chunks/node_modules_next_dist_1e8vcs8._.js:1052
[  688504ms] [ERROR] ./app/hand-tracking/components/ChainRail.tsx:193:13
Error: Unexpected token. Did you mean `{'}'}` or `&rbrace;`?
  191 |               </div>
  192 |             </div>
> 193 |           ))}
      |             ^
  194 |         </div>
  195 |
  196 |         <div className="ht-legend">

Parsing ecmascript source code failed

Import trace:
  Server Component:
    ./app/hand-tracking/components/ChainRail.tsx
    ./app/hand-tracking/layout.tsx @ http://localhost:3000/_next/static/chunks/node_modules_next_dist_1e8vcs8._.js:1052
[  688568ms] [ERROR] ./app/hand-tracking/components/ChainRail.tsx:196:9
Error: Expression expected
  194 |         </div>
  195 |
> 196 |         <div className="ht-legend">
      |         ^
  197 |           <div className="ht-legend-item">
  198 |             <span className="ht-legend-dot ht-done" /> Completed
  199 |           </div>

Parsing ecmascript source code failed

Import trace:
  Server Component:
    ./app/hand-tracking/components/ChainRail.tsx
    ./app/hand-tracking/layout.tsx @ http://localhost:3000/_next/static/chunks/node_modules_next_dist_1e8vcs8._.js:1052
[  688569ms] [ERROR] ./app/hand-tracking/components/ChainRail.tsx:193:13
Error: Unexpected token. Did you mean `{'}'}` or `&rbrace;`?
  191 |               </div>
  192 |             </div>
> 193 |           ))}
      |             ^
  194 |         </div>
  195 |
  196 |         <div className="ht-legend">

Parsing ecmascript source code failed

Import trace:
  Server Component:
    ./app/hand-tracking/components/ChainRail.tsx
    ./app/hand-tracking/layout.tsx @ http://localhost:3000/_next/static/chunks/node_modules_next_dist_1e8vcs8._.js:1052
[  688634ms] [ERROR] ./app/hand-tracking/components/ChainRail.tsx:196:9
Error: Expression expected
  194 |         </div>
  195 |
> 196 |         <div className="ht-legend">
      |         ^
  197 |           <div className="ht-legend-item">
  198 |             <span className="ht-legend-dot ht-done" /> Completed
  199 |           </div>

Parsing ecmascript source code failed

Import trace:
  Server Component:
    ./app/hand-tracking/components/ChainRail.tsx
    ./app/hand-tracking/layout.tsx @ http://localhost:3000/_next/static/chunks/node_modules_next_dist_1e8vcs8._.js:1052
[  688635ms] [ERROR] ./app/hand-tracking/components/ChainRail.tsx:193:13
Error: Unexpected token. Did you mean `{'}'}` or `&rbrace;`?
  191 |               </div>
  192 |             </div>
> 193 |           ))}
      |             ^
  194 |         </div>
  195 |
  196 |         <div className="ht-legend">

Parsing ecmascript source code failed

Import trace:
  Server Component:
    ./app/hand-tracking/components/ChainRail.tsx
    ./app/hand-tracking/layout.tsx @ http://localhost:3000/_next/static/chunks/node_modules_next_dist_1e8vcs8._.js:1052
[  688709ms] [ERROR] ./app/hand-tracking/components/ChainRail.tsx:196:9
Error: Expression expected
  194 |         </div>
  195 |
> 196 |         <div className="ht-legend">
      |         ^
  197 |           <div className="ht-legend-item">
  198 |             <span className="ht-legend-dot ht-done" /> Completed
  199 |           </div>

Parsing ecmascript source code failed

Import trace:
  Server Component:
    ./app/hand-tracking/components/ChainRail.tsx
    ./app/hand-tracking/layout.tsx @ http://localhost:3000/_next/static/chunks/node_modules_next_dist_1e8vcs8._.js:1052
[  688709ms] [ERROR] ./app/hand-tracking/components/ChainRail.tsx:193:13
Error: Unexpected token. Did you mean `{'}'}` or `&rbrace;`?
  191 |               </div>
  192 |             </div>
> 193 |           ))}
      |             ^
  194 |         </div>
  195 |
  196 |         <div className="ht-legend">

Parsing ecmascript source code failed

Import trace:
  Server Component:
    ./app/hand-tracking/components/ChainRail.tsx
    ./app/hand-tracking/layout.tsx @ http://localhost:3000/_next/static/chunks/node_modules_next_dist_1e8vcs8._.js:1052
[  688771ms] [ERROR] ./app/hand-tracking/components/ChainRail.tsx:196:9
Error: Expression expected
  194 |         </div>
  195 |
> 196 |         <div className="ht-legend">
      |         ^
  197 |           <div className="ht-legend-item">
  198 |             <span className="ht-legend-dot ht-done" /> Completed
  199 |           </div>

Parsing ecmascript source code failed

Import trace:
  Server Component:
    ./app/hand-tracking/components/ChainRail.tsx
    ./app/hand-tracking/layout.tsx @ http://localhost:3000/_next/static/chunks/node_modules_next_dist_1e8vcs8._.js:1052
[  688771ms] [ERROR] ./app/hand-tracking/components/ChainRail.tsx:193:13
Error: Unexpected token. Did you mean `{'}'}` or `&rbrace;`?
  191 |               </div>
  192 |             </div>
> 193 |           ))}
      |             ^
  194 |         </div>
  195 |
  196 |         <div className="ht-legend">

Parsing ecmascript source code failed

Import trace:
  Server Component:
    ./app/hand-tracking/components/ChainRail.tsx
    ./app/hand-tracking/layout.tsx @ http://localhost:3000/_next/static/chunks/node_modules_next_dist_1e8vcs8._.js:1052
[  688832ms] [ERROR] ./app/hand-tracking/components/ChainRail.tsx:196:9
Error: Expression expected
  194 |         </div>
  195 |
> 196 |         <div className="ht-legend">
      |         ^
  197 |           <div className="ht-legend-item">
  198 |             <span className="ht-legend-dot ht-done" /> Completed
  199 |           </div>

Parsing ecmascript source code failed

Import trace:
  Server Component:
    ./app/hand-tracking/components/ChainRail.tsx
    ./app/hand-tracking/layout.tsx @ http://localhost:3000/_next/static/chunks/node_modules_next_dist_1e8vcs8._.js:1052
[  688832ms] [ERROR] ./app/hand-tracking/components/ChainRail.tsx:193:13
Error: Unexpected token. Did you mean `{'}'}` or `&rbrace;`?
  191 |               </div>
  192 |             </div>
> 193 |           ))}
      |             ^
  194 |         </div>
  195 |
  196 |         <div className="ht-legend">

Parsing ecmascript source code failed

Import trace:
  Server Component:
    ./app/hand-tracking/components/ChainRail.tsx
    ./app/hand-tracking/layout.tsx @ http://localhost:3000/_next/static/chunks/node_modules_next_dist_1e8vcs8._.js:1052
[  688894ms] [ERROR] ./app/hand-tracking/components/ChainRail.tsx:196:9
Error: Expression expected
  194 |         </div>
  195 |
> 196 |         <div className="ht-legend">
      |         ^
  197 |           <div className="ht-legend-item">
  198 |             <span className="ht-legend-dot ht-done" /> Completed
  199 |           </div>

Parsing ecmascript source code failed

Import trace:
  Server Component:
    ./app/hand-tracking/components/ChainRail.tsx
    ./app/hand-tracking/layout.tsx @ http://localhost:3000/_next/static/chunks/node_modules_next_dist_1e8vcs8._.js:1052
[  688895ms] [ERROR] ./app/hand-tracking/components/ChainRail.tsx:193:13
Error: Unexpected token. Did you mean `{'}'}` or `&rbrace;`?
  191 |               </div>
  192 |             </div>
> 193 |           ))}
      |             ^
  194 |         </div>
  195 |
  196 |         <div className="ht-legend">

Parsing ecmascript source code failed

Import trace:
  Server Component:
    ./app/hand-tracking/components/ChainRail.tsx
    ./app/hand-tracking/layout.tsx @ http://localhost:3000/_next/static/chunks/node_modules_next_dist_1e8vcs8._.js:1052
[  688957ms] [ERROR] ./app/hand-tracking/components/ChainRail.tsx:196:9
Error: Expression expected
  194 |         </div>
  195 |
> 196 |         <div className="ht-legend">
      |         ^
  197 |           <div className="ht-legend-item">
  198 |             <span className="ht-legend-dot ht-done" /> Completed
  199 |           </div>

Parsing ecmascript source code failed

Import trace:
  Server Component:
    ./app/hand-tracking/components/ChainRail.tsx
    ./app/hand-tracking/layout.tsx @ http://localhost:3000/_next/static/chunks/node_modules_next_dist_1e8vcs8._.js:1052
[  688957ms] [ERROR] ./app/hand-tracking/components/ChainRail.tsx:193:13
Error: Unexpected token. Did you mean `{'}'}` or `&rbrace;`?
  191 |               </div>
  192 |             </div>
> 193 |           ))}
      |             ^
  194 |         </div>
  195 |
  196 |         <div className="ht-legend">

Parsing ecmascript source code failed

Import trace:
  Server Component:
    ./app/hand-tracking/components/ChainRail.tsx
    ./app/hand-tracking/layout.tsx @ http://localhost:3000/_next/static/chunks/node_modules_next_dist_1e8vcs8._.js:1052
[  689019ms] [ERROR] ./app/hand-tracking/components/ChainRail.tsx:196:9
Error: Expression expected
  194 |         </div>
  195 |
> 196 |         <div className="ht-legend">
      |         ^
  197 |           <div className="ht-legend-item">
  198 |             <span className="ht-legend-dot ht-done" /> Completed
  199 |           </div>

Parsing ecmascript source code failed

Import trace:
  Server Component:
    ./app/hand-tracking/components/ChainRail.tsx
    ./app/hand-tracking/layout.tsx @ http://localhost:3000/_next/static/chunks/node_modules_next_dist_1e8vcs8._.js:1052
[  689020ms] [ERROR] ./app/hand-tracking/components/ChainRail.tsx:193:13
Error: Unexpected token. Did you mean `{'}'}` or `&rbrace;`?
  191 |               </div>
  192 |             </div>
> 193 |           ))}
      |             ^
  194 |         </div>
  195 |
  196 |         <div className="ht-legend">

Parsing ecmascript source code failed

Import trace:
  Server Component:
    ./app/hand-tracking/components/ChainRail.tsx
    ./app/hand-tracking/layout.tsx @ http://localhost:3000/_next/static/chunks/node_modules_next_dist_1e8vcs8._.js:1052
[  689082ms] [ERROR] ./app/hand-tracking/components/ChainRail.tsx:196:9
Error: Expression expected
  194 |         </div>
  195 |
> 196 |         <div className="ht-legend">
      |         ^
  197 |           <div className="ht-legend-item">
  198 |             <span className="ht-legend-dot ht-done" /> Completed
  199 |           </div>

Parsing ecmascript source code failed

Import trace:
  Server Component:
    ./app/hand-tracking/components/ChainRail.tsx
    ./app/hand-tracking/layout.tsx @ http://localhost:3000/_next/static/chunks/node_modules_next_dist_1e8vcs8._.js:1052
[  689083ms] [ERROR] ./app/hand-tracking/components/ChainRail.tsx:193:13
Error: Unexpected token. Did you mean `{'}'}` or `&rbrace;`?
  191 |               </div>
  192 |             </div>
> 193 |           ))}
      |             ^
  194 |         </div>
  195 |
  196 |         <div className="ht-legend">

Parsing ecmascript source code failed

Import trace:
  Server Component:
    ./app/hand-tracking/components/ChainRail.tsx
    ./app/hand-tracking/layout.tsx @ http://localhost:3000/_next/static/chunks/node_modules_next_dist_1e8vcs8._.js:1052
[  689144ms] [ERROR] ./app/hand-tracking/components/ChainRail.tsx:196:9
Error: Expression expected
  194 |         </div>
  195 |
> 196 |         <div className="ht-legend">
      |         ^
  197 |           <div className="ht-legend-item">
  198 |             <span className="ht-legend-dot ht-done" /> Completed
  199 |           </div>

Parsing ecmascript source code failed

Import trace:
  Server Component:
    ./app/hand-tracking/components/ChainRail.tsx
    ./app/hand-tracking/layout.tsx @ http://localhost:3000/_next/static/chunks/node_modules_next_dist_1e8vcs8._.js:1052
[  689145ms] [ERROR] ./app/hand-tracking/components/ChainRail.tsx:193:13
Error: Unexpected token. Did you mean `{'}'}` or `&rbrace;`?
  191 |               </div>
  192 |             </div>
> 193 |           ))}
      |             ^
  194 |         </div>
  195 |
  196 |         <div className="ht-legend">

Parsing ecmascript source code failed

Import trace:
  Server Component:
    ./app/hand-tracking/components/ChainRail.tsx
    ./app/hand-tracking/layout.tsx @ http://localhost:3000/_next/static/chunks/node_modules_next_dist_1e8vcs8._.js:1052
[  689207ms] [ERROR] ./app/hand-tracking/components/ChainRail.tsx:196:9
Error: Expression expected
  194 |         </div>
  195 |
> 196 |         <div className="ht-legend">
      |         ^
  197 |           <div className="ht-legend-item">
  198 |             <span className="ht-legend-dot ht-done" /> Completed
  199 |           </div>

Parsing ecmascript source code failed

Import trace:
  Server Component:
    ./app/hand-tracking/components/ChainRail.tsx
    ./app/hand-tracking/layout.tsx @ http://localhost:3000/_next/static/chunks/node_modules_next_dist_1e8vcs8._.js:1052
[  689208ms] [ERROR] ./app/hand-tracking/components/ChainRail.tsx:193:13
Error: Unexpected token. Did you mean `{'}'}` or `&rbrace;`?
  191 |               </div>
  192 |             </div>
> 193 |           ))}
      |             ^
  194 |         </div>
  195 |
  196 |         <div className="ht-legend">

Parsing ecmascript source code failed

Import trace:
  Server Component:
    ./app/hand-tracking/components/ChainRail.tsx
    ./app/hand-tracking/layout.tsx @ http://localhost:3000/_next/static/chunks/node_modules_next_dist_1e8vcs8._.js:1052
[  689268ms] [ERROR] ./app/hand-tracking/components/ChainRail.tsx:196:9
Error: Expression expected
  194 |         </div>
  195 |
> 196 |         <div className="ht-legend">
      |         ^
  197 |           <div className="ht-legend-item">
  198 |             <span className="ht-legend-dot ht-done" /> Completed
  199 |           </div>

Parsing ecmascript source code failed

Import trace:
  Server Component:
    ./app/hand-tracking/components/ChainRail.tsx
    ./app/hand-tracking/layout.tsx @ http://localhost:3000/_next/static/chunks/node_modules_next_dist_1e8vcs8._.js:1052
[  689269ms] [ERROR] ./app/hand-tracking/components/ChainRail.tsx:193:13
Error: Unexpected token. Did you mean `{'}'}` or `&rbrace;`?
  191 |               </div>
  192 |             </div>
> 193 |           ))}
      |             ^
  194 |         </div>
  195 |
  196 |         <div className="ht-legend">

Parsing ecmascript source code failed

Import trace:
  Server Component:
    ./app/hand-tracking/components/ChainRail.tsx
    ./app/hand-tracking/layout.tsx @ http://localhost:3000/_next/static/chunks/node_modules_next_dist_1e8vcs8._.js:1052
[  689332ms] [ERROR] ./app/hand-tracking/components/ChainRail.tsx:196:9
Error: Expression expected
  194 |         </div>
  195 |
> 196 |         <div className="ht-legend">
      |         ^
  197 |           <div className="ht-legend-item">
  198 |             <span className="ht-legend-dot ht-done" /> Completed
  199 |           </div>

Parsing ecmascript source code failed

Import trace:
  Server Component:
    ./app/hand-tracking/components/ChainRail.tsx
    ./app/hand-tracking/layout.tsx @ http://localhost:3000/_next/static/chunks/node_modules_next_dist_1e8vcs8._.js:1052
[  689333ms] [ERROR] ./app/hand-tracking/components/ChainRail.tsx:193:13
Error: Unexpected token. Did you mean `{'}'}` or `&rbrace;`?
  191 |               </div>
  192 |             </div>
> 193 |           ))}
      |             ^
  194 |         </div>
  195 |
  196 |         <div className="ht-legend">

Parsing ecmascript source code failed

Import trace:
  Server Component:
    ./app/hand-tracking/components/ChainRail.tsx
    ./app/hand-tracking/layout.tsx @ http://localhost:3000/_next/static/chunks/node_modules_next_dist_1e8vcs8._.js:1052
[  689393ms] [ERROR] ./app/hand-tracking/components/ChainRail.tsx:196:9
Error: Expression expected
  194 |         </div>
  195 |
> 196 |         <div className="ht-legend">
      |         ^
  197 |           <div className="ht-legend-item">
  198 |             <span className="ht-legend-dot ht-done" /> Completed
  199 |           </div>

Parsing ecmascript source code failed

Import trace:
  Server Component:
    ./app/hand-tracking/components/ChainRail.tsx
    ./app/hand-tracking/layout.tsx @ http://localhost:3000/_next/static/chunks/node_modules_next_dist_1e8vcs8._.js:1052
[  689393ms] [ERROR] ./app/hand-tracking/components/ChainRail.tsx:193:13
Error: Unexpected token. Did you mean `{'}'}` or `&rbrace;`?
  191 |               </div>
  192 |             </div>
> 193 |           ))}
      |             ^
  194 |         </div>
  195 |
  196 |         <div className="ht-legend">

Parsing ecmascript source code failed

Import trace:
  Server Component:
    ./app/hand-tracking/components/ChainRail.tsx
    ./app/hand-tracking/layout.tsx @ http://localhost:3000/_next/static/chunks/node_modules_next_dist_1e8vcs8._.js:1052
[  689454ms] [ERROR] ./app/hand-tracking/components/ChainRail.tsx:196:9
Error: Expression expected
  194 |         </div>
  195 |
> 196 |         <div className="ht-legend">
      |         ^
  197 |           <div className="ht-legend-item">
  198 |             <span className="ht-legend-dot ht-done" /> Completed
  199 |           </div>

Parsing ecmascript source code failed

Import trace:
  Server Component:
    ./app/hand-tracking/components/ChainRail.tsx
    ./app/hand-tracking/layout.tsx @ http://localhost:3000/_next/static/chunks/node_modules_next_dist_1e8vcs8._.js:1052
[  689454ms] [ERROR] ./app/hand-tracking/components/ChainRail.tsx:193:13
Error: Unexpected token. Did you mean `{'}'}` or `&rbrace;`?
  191 |               </div>
  192 |             </div>
> 193 |           ))}
      |             ^
  194 |         </div>
  195 |
  196 |         <div className="ht-legend">

Parsing ecmascript source code failed

Import trace:
  Server Component:
    ./app/hand-tracking/components/ChainRail.tsx
    ./app/hand-tracking/layout.tsx @ http://localhost:3000/_next/static/chunks/node_modules_next_dist_1e8vcs8._.js:1052
[  689516ms] [ERROR] ./app/hand-tracking/components/ChainRail.tsx:196:9
Error: Expression expected
  194 |         </div>
  195 |
> 196 |         <div className="ht-legend">
      |         ^
  197 |           <div className="ht-legend-item">
  198 |             <span className="ht-legend-dot ht-done" /> Completed
  199 |           </div>

Parsing ecmascript source code failed

Import trace:
  Server Component:
    ./app/hand-tracking/components/ChainRail.tsx
    ./app/hand-tracking/layout.tsx @ http://localhost:3000/_next/static/chunks/node_modules_next_dist_1e8vcs8._.js:1052
[  689516ms] [ERROR] ./app/hand-tracking/components/ChainRail.tsx:193:13
Error: Unexpected token. Did you mean `{'}'}` or `&rbrace;`?
  191 |               </div>
  192 |             </div>
> 193 |           ))}
      |             ^
  194 |         </div>
  195 |
  196 |         <div className="ht-legend">

Parsing ecmascript source code failed

Import trace:
  Server Component:
    ./app/hand-tracking/components/ChainRail.tsx
    ./app/hand-tracking/layout.tsx @ http://localhost:3000/_next/static/chunks/node_modules_next_dist_1e8vcs8._.js:1052
[  689578ms] [ERROR] ./app/hand-tracking/components/ChainRail.tsx:196:9
Error: Expression expected
  194 |         </div>
  195 |
> 196 |         <div className="ht-legend">
      |         ^
  197 |           <div className="ht-legend-item">
  198 |             <span className="ht-legend-dot ht-done" /> Completed
  199 |           </div>

Parsing ecmascript source code failed

Import trace:
  Server Component:
    ./app/hand-tracking/components/ChainRail.tsx
    ./app/hand-tracking/layout.tsx @ http://localhost:3000/_next/static/chunks/node_modules_next_dist_1e8vcs8._.js:1052
[  689578ms] [ERROR] ./app/hand-tracking/components/ChainRail.tsx:193:13
Error: Unexpected token. Did you mean `{'}'}` or `&rbrace;`?
  191 |               </div>
  192 |             </div>
> 193 |           ))}
      |             ^
  194 |         </div>
  195 |
  196 |         <div className="ht-legend">

Parsing ecmascript source code failed

Import trace:
  Server Component:
    ./app/hand-tracking/components/ChainRail.tsx
    ./app/hand-tracking/layout.tsx @ http://localhost:3000/_next/static/chunks/node_modules_next_dist_1e8vcs8._.js:1052
[  689641ms] [ERROR] ./app/hand-tracking/components/ChainRail.tsx:196:9
Error: Expression expected
  194 |         </div>
  195 |
> 196 |         <div className="ht-legend">
      |         ^
  197 |           <div className="ht-legend-item">
  198 |             <span className="ht-legend-dot ht-done" /> Completed
  199 |           </div>

Parsing ecmascript source code failed

Import trace:
  Server Component:
    ./app/hand-tracking/components/ChainRail.tsx
    ./app/hand-tracking/layout.tsx @ http://localhost:3000/_next/static/chunks/node_modules_next_dist_1e8vcs8._.js:1052
[  689641ms] [ERROR] ./app/hand-tracking/components/ChainRail.tsx:193:13
Error: Unexpected token. Did you mean `{'}'}` or `&rbrace;`?
  191 |               </div>
  192 |             </div>
> 193 |           ))}
      |             ^
  194 |         </div>
  195 |
  196 |         <div className="ht-legend">

Parsing ecmascript source code failed

Import trace:
  Server Component:
    ./app/hand-tracking/components/ChainRail.tsx
    ./app/hand-tracking/layout.tsx @ http://localhost:3000/_next/static/chunks/node_modules_next_dist_1e8vcs8._.js:1052
[  689704ms] [ERROR] ./app/hand-tracking/components/ChainRail.tsx:196:9
Error: Expression expected
  194 |         </div>
  195 |
> 196 |         <div className="ht-legend">
      |         ^
  197 |           <div className="ht-legend-item">
  198 |             <span className="ht-legend-dot ht-done" /> Completed
  199 |           </div>

Parsing ecmascript source code failed

Import trace:
  Server Component:
    ./app/hand-tracking/components/ChainRail.tsx
    ./app/hand-tracking/layout.tsx @ http://localhost:3000/_next/static/chunks/node_modules_next_dist_1e8vcs8._.js:1052
[  689705ms] [ERROR] ./app/hand-tracking/components/ChainRail.tsx:193:13
Error: Unexpected token. Did you mean `{'}'}` or `&rbrace;`?
  191 |               </div>
  192 |             </div>
> 193 |           ))}
      |             ^
  194 |         </div>
  195 |
  196 |         <div className="ht-legend">

Parsing ecmascript source code failed

Import trace:
  Server Component:
    ./app/hand-tracking/components/ChainRail.tsx
    ./app/hand-tracking/layout.tsx @ http://localhost:3000/_next/static/chunks/node_modules_next_dist_1e8vcs8._.js:1052
[  689766ms] [ERROR] ./app/hand-tracking/components/ChainRail.tsx:196:9
Error: Expression expected
  194 |         </div>
  195 |
> 196 |         <div className="ht-legend">
      |         ^
  197 |           <div className="ht-legend-item">
  198 |             <span className="ht-legend-dot ht-done" /> Completed
  199 |           </div>

Parsing ecmascript source code failed

Import trace:
  Server Component:
    ./app/hand-tracking/components/ChainRail.tsx
    ./app/hand-tracking/layout.tsx @ http://localhost:3000/_next/static/chunks/node_modules_next_dist_1e8vcs8._.js:1052
[  689767ms] [ERROR] ./app/hand-tracking/components/ChainRail.tsx:193:13
Error: Unexpected token. Did you mean `{'}'}` or `&rbrace;`?
  191 |               </div>
  192 |             </div>
> 193 |           ))}
      |             ^
  194 |         </div>
  195 |
  196 |         <div className="ht-legend">

Parsing ecmascript source code failed

Import trace:
  Server Component:
    ./app/hand-tracking/components/ChainRail.tsx
    ./app/hand-tracking/layout.tsx @ http://localhost:3000/_next/static/chunks/node_modules_next_dist_1e8vcs8._.js:1052
[  689827ms] [ERROR] ./app/hand-tracking/components/ChainRail.tsx:196:9
Error: Expression expected
  194 |         </div>
  195 |
> 196 |         <div className="ht-legend">
      |         ^
  197 |           <div className="ht-legend-item">
  198 |             <span className="ht-legend-dot ht-done" /> Completed
  199 |           </div>

Parsing ecmascript source code failed

Import trace:
  Server Component:
    ./app/hand-tracking/components/ChainRail.tsx
    ./app/hand-tracking/layout.tsx @ http://localhost:3000/_next/static/chunks/node_modules_next_dist_1e8vcs8._.js:1052
[  689827ms] [ERROR] ./app/hand-tracking/components/ChainRail.tsx:193:13
Error: Unexpected token. Did you mean `{'}'}` or `&rbrace;`?
  191 |               </div>
  192 |             </div>
> 193 |           ))}
      |             ^
  194 |         </div>
  195 |
  196 |         <div className="ht-legend">

Parsing ecmascript source code failed

Import trace:
  Server Component:
    ./app/hand-tracking/components/ChainRail.tsx
    ./app/hand-tracking/layout.tsx @ http://localhost:3000/_next/static/chunks/node_modules_next_dist_1e8vcs8._.js:1052
[  689890ms] [ERROR] ./app/hand-tracking/components/ChainRail.tsx:196:9
Error: Expression expected
  194 |         </div>
  195 |
> 196 |         <div className="ht-legend">
      |         ^
  197 |           <div className="ht-legend-item">
  198 |             <span className="ht-legend-dot ht-done" /> Completed
  199 |           </div>

Parsing ecmascript source code failed

Import trace:
  Server Component:
    ./app/hand-tracking/components/ChainRail.tsx
    ./app/hand-tracking/layout.tsx @ http://localhost:3000/_next/static/chunks/node_modules_next_dist_1e8vcs8._.js:1052
[  689891ms] [ERROR] ./app/hand-tracking/components/ChainRail.tsx:193:13
Error: Unexpected token. Did you mean `{'}'}` or `&rbrace;`?
  191 |               </div>
  192 |             </div>
> 193 |           ))}
      |             ^
  194 |         </div>
  195 |
  196 |         <div className="ht-legend">

Parsing ecmascript source code failed

Import trace:
  Server Component:
    ./app/hand-tracking/components/ChainRail.tsx
    ./app/hand-tracking/layout.tsx @ http://localhost:3000/_next/static/chunks/node_modules_next_dist_1e8vcs8._.js:1052
[  690125ms] [ERROR] ./app/hand-tracking/components/ChainRail.tsx:196:9
Error: Expression expected
  194 |         </div>
  195 |
> 196 |         <div className="ht-legend">
      |         ^
  197 |           <div className="ht-legend-item">
  198 |             <span className="ht-legend-dot ht-done" /> Completed
  199 |           </div>

Parsing ecmascript source code failed

Import trace:
  Server Component:
    ./app/hand-tracking/components/ChainRail.tsx
    ./app/hand-tracking/layout.tsx @ http://localhost:3000/_next/static/chunks/node_modules_next_dist_1e8vcs8._.js:1052
[  690126ms] [ERROR] ./app/hand-tracking/components/ChainRail.tsx:193:13
Error: Unexpected token. Did you mean `{'}'}` or `&rbrace;`?
  191 |               </div>
  192 |             </div>
> 193 |           ))}
      |             ^
  194 |         </div>
  195 |
  196 |         <div className="ht-legend">

Parsing ecmascript source code failed

Import trace:
  Server Component:
    ./app/hand-tracking/components/ChainRail.tsx
    ./app/hand-tracking/layout.tsx @ http://localhost:3000/_next/static/chunks/node_modules_next_dist_1e8vcs8._.js:1052
[  690186ms] [ERROR] ./app/hand-tracking/components/ChainRail.tsx:196:9
Error: Expression expected
  194 |         </div>
  195 |
> 196 |         <div className="ht-legend">
      |         ^
  197 |           <div className="ht-legend-item">
  198 |             <span className="ht-legend-dot ht-done" /> Completed
  199 |           </div>

Parsing ecmascript source code failed

Import trace:
  Server Component:
    ./app/hand-tracking/components/ChainRail.tsx
    ./app/hand-tracking/layout.tsx @ http://localhost:3000/_next/static/chunks/node_modules_next_dist_1e8vcs8._.js:1052
[  690186ms] [ERROR] ./app/hand-tracking/components/ChainRail.tsx:193:13
Error: Unexpected token. Did you mean `{'}'}` or `&rbrace;`?
  191 |               </div>
  192 |             </div>
> 193 |           ))}
      |             ^
  194 |         </div>
  195 |
  196 |         <div className="ht-legend">

Parsing ecmascript source code failed

Import trace:
  Server Component:
    ./app/hand-tracking/components/ChainRail.tsx
    ./app/hand-tracking/layout.tsx @ http://localhost:3000/_next/static/chunks/node_modules_next_dist_1e8vcs8._.js:1052
[  690249ms] [ERROR] ./app/hand-tracking/components/ChainRail.tsx:196:9
Error: Expression expected
  194 |         </div>
  195 |
> 196 |         <div className="ht-legend">
      |         ^
  197 |           <div className="ht-legend-item">
  198 |             <span className="ht-legend-dot ht-done" /> Completed
  199 |           </div>

Parsing ecmascript source code failed

Import trace:
  Server Component:
    ./app/hand-tracking/components/ChainRail.tsx
    ./app/hand-tracking/layout.tsx @ http://localhost:3000/_next/static/chunks/node_modules_next_dist_1e8vcs8._.js:1052
[  690249ms] [ERROR] ./app/hand-tracking/components/ChainRail.tsx:193:13
Error: Unexpected token. Did you mean `{'}'}` or `&rbrace;`?
  191 |               </div>
  192 |             </div>
> 193 |           ))}
      |             ^
  194 |         </div>
  195 |
  196 |         <div className="ht-legend">

Parsing ecmascript source code failed

Import trace:
  Server Component:
    ./app/hand-tracking/components/ChainRail.tsx
    ./app/hand-tracking/layout.tsx @ http://localhost:3000/_next/static/chunks/node_modules_next_dist_1e8vcs8._.js:1052
[  690310ms] [ERROR] ./app/hand-tracking/components/ChainRail.tsx:196:9
Error: Expression expected
  194 |         </div>
  195 |
> 196 |         <div className="ht-legend">
      |         ^
  197 |           <div className="ht-legend-item">
  198 |             <span className="ht-legend-dot ht-done" /> Completed
  199 |           </div>

Parsing ecmascript source code failed

Import trace:
  Server Component:
    ./app/hand-tracking/components/ChainRail.tsx
    ./app/hand-tracking/layout.tsx @ http://localhost:3000/_next/static/chunks/node_modules_next_dist_1e8vcs8._.js:1052
[  690310ms] [ERROR] ./app/hand-tracking/components/ChainRail.tsx:193:13
Error: Unexpected token. Did you mean `{'}'}` or `&rbrace;`?
  191 |               </div>
  192 |             </div>
> 193 |           ))}
      |             ^
  194 |         </div>
  195 |
  196 |         <div className="ht-legend">

Parsing ecmascript source code failed

Import trace:
  Server Component:
    ./app/hand-tracking/components/ChainRail.tsx
    ./app/hand-tracking/layout.tsx @ http://localhost:3000/_next/static/chunks/node_modules_next_dist_1e8vcs8._.js:1052
[  690371ms] [ERROR] ./app/hand-tracking/components/ChainRail.tsx:196:9
Error: Expression expected
  194 |         </div>
  195 |
> 196 |         <div className="ht-legend">
      |         ^
  197 |           <div className="ht-legend-item">
  198 |             <span className="ht-legend-dot ht-done" /> Completed
  199 |           </div>

Parsing ecmascript source code failed

Import trace:
  Server Component:
    ./app/hand-tracking/components/ChainRail.tsx
    ./app/hand-tracking/layout.tsx @ http://localhost:3000/_next/static/chunks/node_modules_next_dist_1e8vcs8._.js:1052
[  690372ms] [ERROR] ./app/hand-tracking/components/ChainRail.tsx:193:13
Error: Unexpected token. Did you mean `{'}'}` or `&rbrace;`?
  191 |               </div>
  192 |             </div>
> 193 |           ))}
      |             ^
  194 |         </div>
  195 |
  196 |         <div className="ht-legend">

Parsing ecmascript source code failed

Import trace:
  Server Component:
    ./app/hand-tracking/components/ChainRail.tsx
    ./app/hand-tracking/layout.tsx @ http://localhost:3000/_next/static/chunks/node_modules_next_dist_1e8vcs8._.js:1052
[  690437ms] [ERROR] ./app/hand-tracking/components/ChainRail.tsx:196:9
Error: Expression expected
  194 |         </div>
  195 |
> 196 |         <div className="ht-legend">
      |         ^
  197 |           <div className="ht-legend-item">
  198 |             <span className="ht-legend-dot ht-done" /> Completed
  199 |           </div>

Parsing ecmascript source code failed

Import trace:
  Server Component:
    ./app/hand-tracking/components/ChainRail.tsx
    ./app/hand-tracking/layout.tsx @ http://localhost:3000/_next/static/chunks/node_modules_next_dist_1e8vcs8._.js:1052
[  690437ms] [ERROR] ./app/hand-tracking/components/ChainRail.tsx:193:13
Error: Unexpected token. Did you mean `{'}'}` or `&rbrace;`?
  191 |               </div>
  192 |             </div>
> 193 |           ))}
      |             ^
  194 |         </div>
  195 |
  196 |         <div className="ht-legend">

Parsing ecmascript source code failed

Import trace:
  Server Component:
    ./app/hand-tracking/components/ChainRail.tsx
    ./app/hand-tracking/layout.tsx @ http://localhost:3000/_next/static/chunks/node_modules_next_dist_1e8vcs8._.js:1052
[  690513ms] [ERROR] ./app/hand-tracking/components/ChainRail.tsx:196:9
Error: Expression expected
  194 |         </div>
  195 |
> 196 |         <div className="ht-legend">
      |         ^
  197 |           <div className="ht-legend-item">
  198 |             <span className="ht-legend-dot ht-done" /> Completed
  199 |           </div>

Parsing ecmascript source code failed

Import trace:
  Server Component:
    ./app/hand-tracking/components/ChainRail.tsx
    ./app/hand-tracking/layout.tsx @ http://localhost:3000/_next/static/chunks/node_modules_next_dist_1e8vcs8._.js:1052
[  690513ms] [ERROR] ./app/hand-tracking/components/ChainRail.tsx:193:13
Error: Unexpected token. Did you mean `{'}'}` or `&rbrace;`?
  191 |               </div>
  192 |             </div>
> 193 |           ))}
      |             ^
  194 |         </div>
  195 |
  196 |         <div className="ht-legend">

Parsing ecmascript source code failed

Import trace:
  Server Component:
    ./app/hand-tracking/components/ChainRail.tsx
    ./app/hand-tracking/layout.tsx @ http://localhost:3000/_next/static/chunks/node_modules_next_dist_1e8vcs8._.js:1052
[  690575ms] [ERROR] ./app/hand-tracking/components/ChainRail.tsx:196:9
Error: Expression expected
  194 |         </div>
  195 |
> 196 |         <div className="ht-legend">
      |         ^
  197 |           <div className="ht-legend-item">
  198 |             <span className="ht-legend-dot ht-done" /> Completed
  199 |           </div>

Parsing ecmascript source code failed

Import trace:
  Server Component:
    ./app/hand-tracking/components/ChainRail.tsx
    ./app/hand-tracking/layout.tsx @ http://localhost:3000/_next/static/chunks/node_modules_next_dist_1e8vcs8._.js:1052
[  690576ms] [ERROR] ./app/hand-tracking/components/ChainRail.tsx:193:13
Error: Unexpected token. Did you mean `{'}'}` or `&rbrace;`?
  191 |               </div>
  192 |             </div>
> 193 |           ))}
      |             ^
  194 |         </div>
  195 |
  196 |         <div className="ht-legend">

Parsing ecmascript source code failed

Import trace:
  Server Component:
    ./app/hand-tracking/components/ChainRail.tsx
    ./app/hand-tracking/layout.tsx @ http://localhost:3000/_next/static/chunks/node_modules_next_dist_1e8vcs8._.js:1052
[  690639ms] [ERROR] ./app/hand-tracking/components/ChainRail.tsx:196:9
Error: Expression expected
  194 |         </div>
  195 |
> 196 |         <div className="ht-legend">
      |         ^
  197 |           <div className="ht-legend-item">
  198 |             <span className="ht-legend-dot ht-done" /> Completed
  199 |           </div>

Parsing ecmascript source code failed

Import trace:
  Server Component:
    ./app/hand-tracking/components/ChainRail.tsx
    ./app/hand-tracking/layout.tsx @ http://localhost:3000/_next/static/chunks/node_modules_next_dist_1e8vcs8._.js:1052
[  690639ms] [ERROR] ./app/hand-tracking/components/ChainRail.tsx:193:13
Error: Unexpected token. Did you mean `{'}'}` or `&rbrace;`?
  191 |               </div>
  192 |             </div>
> 193 |           ))}
      |             ^
  194 |         </div>
  195 |
  196 |         <div className="ht-legend">

Parsing ecmascript source code failed

Import trace:
  Server Component:
    ./app/hand-tracking/components/ChainRail.tsx
    ./app/hand-tracking/layout.tsx @ http://localhost:3000/_next/static/chunks/node_modules_next_dist_1e8vcs8._.js:1052
[  690702ms] [ERROR] ./app/hand-tracking/components/ChainRail.tsx:196:9
Error: Expression expected
  194 |         </div>
  195 |
> 196 |         <div className="ht-legend">
      |         ^
  197 |           <div className="ht-legend-item">
  198 |             <span className="ht-legend-dot ht-done" /> Completed
  199 |           </div>

Parsing ecmascript source code failed

Import trace:
  Server Component:
    ./app/hand-tracking/components/ChainRail.tsx
    ./app/hand-tracking/layout.tsx @ http://localhost:3000/_next/static/chunks/node_modules_next_dist_1e8vcs8._.js:1052
[  690702ms] [ERROR] ./app/hand-tracking/components/ChainRail.tsx:193:13
Error: Unexpected token. Did you mean `{'}'}` or `&rbrace;`?
  191 |               </div>
  192 |             </div>
> 193 |           ))}
      |             ^
  194 |         </div>
  195 |
  196 |         <div className="ht-legend">

Parsing ecmascript source code failed

Import trace:
  Server Component:
    ./app/hand-tracking/components/ChainRail.tsx
    ./app/hand-tracking/layout.tsx @ http://localhost:3000/_next/static/chunks/node_modules_next_dist_1e8vcs8._.js:1052
[  690765ms] [ERROR] ./app/hand-tracking/components/ChainRail.tsx:196:9
Error: Expression expected
  194 |         </div>
  195 |
> 196 |         <div className="ht-legend">
      |         ^
  197 |           <div className="ht-legend-item">
  198 |             <span className="ht-legend-dot ht-done" /> Completed
  199 |           </div>

Parsing ecmascript source code failed

Import trace:
  Server Component:
    ./app/hand-tracking/components/ChainRail.tsx
    ./app/hand-tracking/layout.tsx @ http://localhost:3000/_next/static/chunks/node_modules_next_dist_1e8vcs8._.js:1052
[  690765ms] [ERROR] ./app/hand-tracking/components/ChainRail.tsx:193:13
Error: Unexpected token. Did you mean `{'}'}` or `&rbrace;`?
  191 |               </div>
  192 |             </div>
> 193 |           ))}
      |             ^
  194 |         </div>
  195 |
  196 |         <div className="ht-legend">

Parsing ecmascript source code failed

Import trace:
  Server Component:
    ./app/hand-tracking/components/ChainRail.tsx
    ./app/hand-tracking/layout.tsx @ http://localhost:3000/_next/static/chunks/node_modules_next_dist_1e8vcs8._.js:1052
[  690825ms] [ERROR] ./app/hand-tracking/components/ChainRail.tsx:196:9
Error: Expression expected
  194 |         </div>
  195 |
> 196 |         <div className="ht-legend">
      |         ^
  197 |           <div className="ht-legend-item">
  198 |             <span className="ht-legend-dot ht-done" /> Completed
  199 |           </div>

Parsing ecmascript source code failed

Import trace:
  Server Component:
    ./app/hand-tracking/components/ChainRail.tsx
    ./app/hand-tracking/layout.tsx @ http://localhost:3000/_next/static/chunks/node_modules_next_dist_1e8vcs8._.js:1052
[  690825ms] [ERROR] ./app/hand-tracking/components/ChainRail.tsx:193:13
Error: Unexpected token. Did you mean `{'}'}` or `&rbrace;`?
  191 |               </div>
  192 |             </div>
> 193 |           ))}
      |             ^
  194 |         </div>
  195 |
  196 |         <div className="ht-legend">

Parsing ecmascript source code failed

Import trace:
  Server Component:
    ./app/hand-tracking/components/ChainRail.tsx
    ./app/hand-tracking/layout.tsx @ http://localhost:3000/_next/static/chunks/node_modules_next_dist_1e8vcs8._.js:1052
[  690888ms] [ERROR] ./app/hand-tracking/components/ChainRail.tsx:196:9
Error: Expression expected
  194 |         </div>
  195 |
> 196 |         <div className="ht-legend">
      |         ^
  197 |           <div className="ht-legend-item">
  198 |             <span className="ht-legend-dot ht-done" /> Completed
  199 |           </div>

Parsing ecmascript source code failed

Import trace:
  Server Component:
    ./app/hand-tracking/components/ChainRail.tsx
    ./app/hand-tracking/layout.tsx @ http://localhost:3000/_next/static/chunks/node_modules_next_dist_1e8vcs8._.js:1052
[  690888ms] [ERROR] ./app/hand-tracking/components/ChainRail.tsx:193:13
Error: Unexpected token. Did you mean `{'}'}` or `&rbrace;`?
  191 |               </div>
  192 |             </div>
> 193 |           ))}
      |             ^
  194 |         </div>
  195 |
  196 |         <div className="ht-legend">

Parsing ecmascript source code failed

Import trace:
  Server Component:
    ./app/hand-tracking/components/ChainRail.tsx
    ./app/hand-tracking/layout.tsx @ http://localhost:3000/_next/static/chunks/node_modules_next_dist_1e8vcs8._.js:1052
[  690951ms] [ERROR] ./app/hand-tracking/components/ChainRail.tsx:196:9
Error: Expression expected
  194 |         </div>
  195 |
> 196 |         <div className="ht-legend">
      |         ^
  197 |           <div className="ht-legend-item">
  198 |             <span className="ht-legend-dot ht-done" /> Completed
  199 |           </div>

Parsing ecmascript source code failed

Import trace:
  Server Component:
    ./app/hand-tracking/components/ChainRail.tsx
    ./app/hand-tracking/layout.tsx @ http://localhost:3000/_next/static/chunks/node_modules_next_dist_1e8vcs8._.js:1052
[  690951ms] [ERROR] ./app/hand-tracking/components/ChainRail.tsx:193:13
Error: Unexpected token. Did you mean `{'}'}` or `&rbrace;`?
  191 |               </div>
  192 |             </div>
> 193 |           ))}
      |             ^
  194 |         </div>
  195 |
  196 |         <div className="ht-legend">

Parsing ecmascript source code failed

Import trace:
  Server Component:
    ./app/hand-tracking/components/ChainRail.tsx
    ./app/hand-tracking/layout.tsx @ http://localhost:3000/_next/static/chunks/node_modules_next_dist_1e8vcs8._.js:1052
[  691013ms] [ERROR] ./app/hand-tracking/components/ChainRail.tsx:196:9
Error: Expression expected
  194 |         </div>
  195 |
> 196 |         <div className="ht-legend">
      |         ^
  197 |           <div className="ht-legend-item">
  198 |             <span className="ht-legend-dot ht-done" /> Completed
  199 |           </div>

Parsing ecmascript source code failed

Import trace:
  Server Component:
    ./app/hand-tracking/components/ChainRail.tsx
    ./app/hand-tracking/layout.tsx @ http://localhost:3000/_next/static/chunks/node_modules_next_dist_1e8vcs8._.js:1052
[  691013ms] [ERROR] ./app/hand-tracking/components/ChainRail.tsx:193:13
Error: Unexpected token. Did you mean `{'}'}` or `&rbrace;`?
  191 |               </div>
  192 |             </div>
> 193 |           ))}
      |             ^
  194 |         </div>
  195 |
  196 |         <div className="ht-legend">

Parsing ecmascript source code failed

Import trace:
  Server Component:
    ./app/hand-tracking/components/ChainRail.tsx
    ./app/hand-tracking/layout.tsx @ http://localhost:3000/_next/static/chunks/node_modules_next_dist_1e8vcs8._.js:1052
[  691075ms] [ERROR] ./app/hand-tracking/components/ChainRail.tsx:196:9
Error: Expression expected
  194 |         </div>
  195 |
> 196 |         <div className="ht-legend">
      |         ^
  197 |           <div className="ht-legend-item">
  198 |             <span className="ht-legend-dot ht-done" /> Completed
  199 |           </div>

Parsing ecmascript source code failed

Import trace:
  Server Component:
    ./app/hand-tracking/components/ChainRail.tsx
    ./app/hand-tracking/layout.tsx @ http://localhost:3000/_next/static/chunks/node_modules_next_dist_1e8vcs8._.js:1052
[  691076ms] [ERROR] ./app/hand-tracking/components/ChainRail.tsx:193:13
Error: Unexpected token. Did you mean `{'}'}` or `&rbrace;`?
  191 |               </div>
  192 |             </div>
> 193 |           ))}
      |             ^
  194 |         </div>
  195 |
  196 |         <div className="ht-legend">

Parsing ecmascript source code failed

Import trace:
  Server Component:
    ./app/hand-tracking/components/ChainRail.tsx
    ./app/hand-tracking/layout.tsx @ http://localhost:3000/_next/static/chunks/node_modules_next_dist_1e8vcs8._.js:1052
[  691138ms] [ERROR] ./app/hand-tracking/components/ChainRail.tsx:196:9
Error: Expression expected
  194 |         </div>
  195 |
> 196 |         <div className="ht-legend">
      |         ^
  197 |           <div className="ht-legend-item">
  198 |             <span className="ht-legend-dot ht-done" /> Completed
  199 |           </div>

Parsing ecmascript source code failed

Import trace:
  Server Component:
    ./app/hand-tracking/components/ChainRail.tsx
    ./app/hand-tracking/layout.tsx @ http://localhost:3000/_next/static/chunks/node_modules_next_dist_1e8vcs8._.js:1052
[  691139ms] [ERROR] ./app/hand-tracking/components/ChainRail.tsx:193:13
Error: Unexpected token. Did you mean `{'}'}` or `&rbrace;`?
  191 |               </div>
  192 |             </div>
> 193 |           ))}
      |             ^
  194 |         </div>
  195 |
  196 |         <div className="ht-legend">

Parsing ecmascript source code failed

Import trace:
  Server Component:
    ./app/hand-tracking/components/ChainRail.tsx
    ./app/hand-tracking/layout.tsx @ http://localhost:3000/_next/static/chunks/node_modules_next_dist_1e8vcs8._.js:1052
[  691201ms] [ERROR] ./app/hand-tracking/components/ChainRail.tsx:196:9
Error: Expression expected
  194 |         </div>
  195 |
> 196 |         <div className="ht-legend">
      |         ^
  197 |           <div className="ht-legend-item">
  198 |             <span className="ht-legend-dot ht-done" /> Completed
  199 |           </div>

Parsing ecmascript source code failed

Import trace:
  Server Component:
    ./app/hand-tracking/components/ChainRail.tsx
    ./app/hand-tracking/layout.tsx @ http://localhost:3000/_next/static/chunks/node_modules_next_dist_1e8vcs8._.js:1052
[  691201ms] [ERROR] ./app/hand-tracking/components/ChainRail.tsx:193:13
Error: Unexpected token. Did you mean `{'}'}` or `&rbrace;`?
  191 |               </div>
  192 |             </div>
> 193 |           ))}
      |             ^
  194 |         </div>
  195 |
  196 |         <div className="ht-legend">

Parsing ecmascript source code failed

Import trace:
  Server Component:
    ./app/hand-tracking/components/ChainRail.tsx
    ./app/hand-tracking/layout.tsx @ http://localhost:3000/_next/static/chunks/node_modules_next_dist_1e8vcs8._.js:1052
[  691264ms] [ERROR] ./app/hand-tracking/components/ChainRail.tsx:196:9
Error: Expression expected
  194 |         </div>
  195 |
> 196 |         <div className="ht-legend">
      |         ^
  197 |           <div className="ht-legend-item">
  198 |             <span className="ht-legend-dot ht-done" /> Completed
  199 |           </div>

Parsing ecmascript source code failed

Import trace:
  Server Component:
    ./app/hand-tracking/components/ChainRail.tsx
    ./app/hand-tracking/layout.tsx @ http://localhost:3000/_next/static/chunks/node_modules_next_dist_1e8vcs8._.js:1052
[  691264ms] [ERROR] ./app/hand-tracking/components/ChainRail.tsx:193:13
Error: Unexpected token. Did you mean `{'}'}` or `&rbrace;`?
  191 |               </div>
  192 |             </div>
> 193 |           ))}
      |             ^
  194 |         </div>
  195 |
  196 |         <div className="ht-legend">

Parsing ecmascript source code failed

Import trace:
  Server Component:
    ./app/hand-tracking/components/ChainRail.tsx
    ./app/hand-tracking/layout.tsx @ http://localhost:3000/_next/static/chunks/node_modules_next_dist_1e8vcs8._.js:1052
[  691326ms] [ERROR] ./app/hand-tracking/components/ChainRail.tsx:196:9
Error: Expression expected
  194 |         </div>
  195 |
> 196 |         <div className="ht-legend">
      |         ^
  197 |           <div className="ht-legend-item">
  198 |             <span className="ht-legend-dot ht-done" /> Completed
  199 |           </div>

Parsing ecmascript source code failed

Import trace:
  Server Component:
    ./app/hand-tracking/components/ChainRail.tsx
    ./app/hand-tracking/layout.tsx @ http://localhost:3000/_next/static/chunks/node_modules_next_dist_1e8vcs8._.js:1052
[  691327ms] [ERROR] ./app/hand-tracking/components/ChainRail.tsx:193:13
Error: Unexpected token. Did you mean `{'}'}` or `&rbrace;`?
  191 |               </div>
  192 |             </div>
> 193 |           ))}
      |             ^
  194 |         </div>
  195 |
  196 |         <div className="ht-legend">

Parsing ecmascript source code failed

Import trace:
  Server Component:
    ./app/hand-tracking/components/ChainRail.tsx
    ./app/hand-tracking/layout.tsx @ http://localhost:3000/_next/static/chunks/node_modules_next_dist_1e8vcs8._.js:1052
[  691391ms] [ERROR] ./app/hand-tracking/components/ChainRail.tsx:196:9
Error: Expression expected
  194 |         </div>
  195 |
> 196 |         <div className="ht-legend">
      |         ^
  197 |           <div className="ht-legend-item">
  198 |             <span className="ht-legend-dot ht-done" /> Completed
  199 |           </div>

Parsing ecmascript source code failed

Import trace:
  Server Component:
    ./app/hand-tracking/components/ChainRail.tsx
    ./app/hand-tracking/layout.tsx @ http://localhost:3000/_next/static/chunks/node_modules_next_dist_1e8vcs8._.js:1052
[  691391ms] [ERROR] ./app/hand-tracking/components/ChainRail.tsx:193:13
Error: Unexpected token. Did you mean `{'}'}` or `&rbrace;`?
  191 |               </div>
  192 |             </div>
> 193 |           ))}
      |             ^
  194 |         </div>
  195 |
  196 |         <div className="ht-legend">

Parsing ecmascript source code failed

Import trace:
  Server Component:
    ./app/hand-tracking/components/ChainRail.tsx
    ./app/hand-tracking/layout.tsx @ http://localhost:3000/_next/static/chunks/node_modules_next_dist_1e8vcs8._.js:1052
[  691452ms] [ERROR] ./app/hand-tracking/components/ChainRail.tsx:196:9
Error: Expression expected
  194 |         </div>
  195 |
> 196 |         <div className="ht-legend">
      |         ^
  197 |           <div className="ht-legend-item">
  198 |             <span className="ht-legend-dot ht-done" /> Completed
  199 |           </div>

Parsing ecmascript source code failed

Import trace:
  Server Component:
    ./app/hand-tracking/components/ChainRail.tsx
    ./app/hand-tracking/layout.tsx @ http://localhost:3000/_next/static/chunks/node_modules_next_dist_1e8vcs8._.js:1052
[  691453ms] [ERROR] ./app/hand-tracking/components/ChainRail.tsx:193:13
Error: Unexpected token. Did you mean `{'}'}` or `&rbrace;`?
  191 |               </div>
  192 |             </div>
> 193 |           ))}
      |             ^
  194 |         </div>
  195 |
  196 |         <div className="ht-legend">

Parsing ecmascript source code failed

Import trace:
  Server Component:
    ./app/hand-tracking/components/ChainRail.tsx
    ./app/hand-tracking/layout.tsx @ http://localhost:3000/_next/static/chunks/node_modules_next_dist_1e8vcs8._.js:1052
[  691513ms] [ERROR] ./app/hand-tracking/components/ChainRail.tsx:196:9
Error: Expression expected
  194 |         </div>
  195 |
> 196 |         <div className="ht-legend">
      |         ^
  197 |           <div className="ht-legend-item">
  198 |             <span className="ht-legend-dot ht-done" /> Completed
  199 |           </div>

Parsing ecmascript source code failed

Import trace:
  Server Component:
    ./app/hand-tracking/components/ChainRail.tsx
    ./app/hand-tracking/layout.tsx @ http://localhost:3000/_next/static/chunks/node_modules_next_dist_1e8vcs8._.js:1052
[  691514ms] [ERROR] ./app/hand-tracking/components/ChainRail.tsx:193:13
Error: Unexpected token. Did you mean `{'}'}` or `&rbrace;`?
  191 |               </div>
  192 |             </div>
> 193 |           ))}
      |             ^
  194 |         </div>
  195 |
  196 |         <div className="ht-legend">

Parsing ecmascript source code failed

Import trace:
  Server Component:
    ./app/hand-tracking/components/ChainRail.tsx
    ./app/hand-tracking/layout.tsx @ http://localhost:3000/_next/static/chunks/node_modules_next_dist_1e8vcs8._.js:1052
[  691576ms] [ERROR] ./app/hand-tracking/components/ChainRail.tsx:196:9
Error: Expression expected
  194 |         </div>
  195 |
> 196 |         <div className="ht-legend">
      |         ^
  197 |           <div className="ht-legend-item">
  198 |             <span className="ht-legend-dot ht-done" /> Completed
  199 |           </div>

Parsing ecmascript source code failed

Import trace:
  Server Component:
    ./app/hand-tracking/components/ChainRail.tsx
    ./app/hand-tracking/layout.tsx @ http://localhost:3000/_next/static/chunks/node_modules_next_dist_1e8vcs8._.js:1052
[  691576ms] [ERROR] ./app/hand-tracking/components/ChainRail.tsx:193:13
Error: Unexpected token. Did you mean `{'}'}` or `&rbrace;`?
  191 |               </div>
  192 |             </div>
> 193 |           ))}
      |             ^
  194 |         </div>
  195 |
  196 |         <div className="ht-legend">

Parsing ecmascript source code failed

Import trace:
  Server Component:
    ./app/hand-tracking/components/ChainRail.tsx
    ./app/hand-tracking/layout.tsx @ http://localhost:3000/_next/static/chunks/node_modules_next_dist_1e8vcs8._.js:1052
[  691636ms] [ERROR] ./app/hand-tracking/components/ChainRail.tsx:196:9
Error: Expression expected
  194 |         </div>
  195 |
> 196 |         <div className="ht-legend">
      |         ^
  197 |           <div className="ht-legend-item">
  198 |             <span className="ht-legend-dot ht-done" /> Completed
  199 |           </div>

Parsing ecmascript source code failed

Import trace:
  Server Component:
    ./app/hand-tracking/components/ChainRail.tsx
    ./app/hand-tracking/layout.tsx @ http://localhost:3000/_next/static/chunks/node_modules_next_dist_1e8vcs8._.js:1052
[  691637ms] [ERROR] ./app/hand-tracking/components/ChainRail.tsx:193:13
Error: Unexpected token. Did you mean `{'}'}` or `&rbrace;`?
  191 |               </div>
  192 |             </div>
> 193 |           ))}
      |             ^
  194 |         </div>
  195 |
  196 |         <div className="ht-legend">

Parsing ecmascript source code failed

Import trace:
  Server Component:
    ./app/hand-tracking/components/ChainRail.tsx
    ./app/hand-tracking/layout.tsx @ http://localhost:3000/_next/static/chunks/node_modules_next_dist_1e8vcs8._.js:1052
[  691699ms] [ERROR] ./app/hand-tracking/components/ChainRail.tsx:196:9
Error: Expression expected
  194 |         </div>
  195 |
> 196 |         <div className="ht-legend">
      |         ^
  197 |           <div className="ht-legend-item">
  198 |             <span className="ht-legend-dot ht-done" /> Completed
  199 |           </div>

Parsing ecmascript source code failed

Import trace:
  Server Component:
    ./app/hand-tracking/components/ChainRail.tsx
    ./app/hand-tracking/layout.tsx @ http://localhost:3000/_next/static/chunks/node_modules_next_dist_1e8vcs8._.js:1052
[  691700ms] [ERROR] ./app/hand-tracking/components/ChainRail.tsx:193:13
Error: Unexpected token. Did you mean `{'}'}` or `&rbrace;`?
  191 |               </div>
  192 |             </div>
> 193 |           ))}
      |             ^
  194 |         </div>
  195 |
  196 |         <div className="ht-legend">

Parsing ecmascript source code failed

Import trace:
  Server Component:
    ./app/hand-tracking/components/ChainRail.tsx
    ./app/hand-tracking/layout.tsx @ http://localhost:3000/_next/static/chunks/node_modules_next_dist_1e8vcs8._.js:1052
[  691760ms] [ERROR] ./app/hand-tracking/components/ChainRail.tsx:196:9
Error: Expression expected
  194 |         </div>
  195 |
> 196 |         <div className="ht-legend">
      |         ^
  197 |           <div className="ht-legend-item">
  198 |             <span className="ht-legend-dot ht-done" /> Completed
  199 |           </div>

Parsing ecmascript source code failed

Import trace:
  Server Component:
    ./app/hand-tracking/components/ChainRail.tsx
    ./app/hand-tracking/layout.tsx @ http://localhost:3000/_next/static/chunks/node_modules_next_dist_1e8vcs8._.js:1052
[  691761ms] [ERROR] ./app/hand-tracking/components/ChainRail.tsx:193:13
Error: Unexpected token. Did you mean `{'}'}` or `&rbrace;`?
  191 |               </div>
  192 |             </div>
> 193 |           ))}
      |             ^
  194 |         </div>
  195 |
  196 |         <div className="ht-legend">

Parsing ecmascript source code failed

Import trace:
  Server Component:
    ./app/hand-tracking/components/ChainRail.tsx
    ./app/hand-tracking/layout.tsx @ http://localhost:3000/_next/static/chunks/node_modules_next_dist_1e8vcs8._.js:1052
[  691824ms] [ERROR] ./app/hand-tracking/components/ChainRail.tsx:196:9
Error: Expression expected
  194 |         </div>
  195 |
> 196 |         <div className="ht-legend">
      |         ^
  197 |           <div className="ht-legend-item">
  198 |             <span className="ht-legend-dot ht-done" /> Completed
  199 |           </div>

Parsing ecmascript source code failed

Import trace:
  Server Component:
    ./app/hand-tracking/components/ChainRail.tsx
    ./app/hand-tracking/layout.tsx @ http://localhost:3000/_next/static/chunks/node_modules_next_dist_1e8vcs8._.js:1052
[  691825ms] [ERROR] ./app/hand-tracking/components/ChainRail.tsx:193:13
Error: Unexpected token. Did you mean `{'}'}` or `&rbrace;`?
  191 |               </div>
  192 |             </div>
> 193 |           ))}
      |             ^
  194 |         </div>
  195 |
  196 |         <div className="ht-legend">

Parsing ecmascript source code failed

Import trace:
  Server Component:
    ./app/hand-tracking/components/ChainRail.tsx
    ./app/hand-tracking/layout.tsx @ http://localhost:3000/_next/static/chunks/node_modules_next_dist_1e8vcs8._.js:1052
[  691885ms] [ERROR] ./app/hand-tracking/components/ChainRail.tsx:196:9
Error: Expression expected
  194 |         </div>
  195 |
> 196 |         <div className="ht-legend">
      |         ^
  197 |           <div className="ht-legend-item">
  198 |             <span className="ht-legend-dot ht-done" /> Completed
  199 |           </div>

Parsing ecmascript source code failed

Import trace:
  Server Component:
    ./app/hand-tracking/components/ChainRail.tsx
    ./app/hand-tracking/layout.tsx @ http://localhost:3000/_next/static/chunks/node_modules_next_dist_1e8vcs8._.js:1052
[  691886ms] [ERROR] ./app/hand-tracking/components/ChainRail.tsx:193:13
Error: Unexpected token. Did you mean `{'}'}` or `&rbrace;`?
  191 |               </div>
  192 |             </div>
> 193 |           ))}
      |             ^
  194 |         </div>
  195 |
  196 |         <div className="ht-legend">

Parsing ecmascript source code failed

Import trace:
  Server Component:
    ./app/hand-tracking/components/ChainRail.tsx
    ./app/hand-tracking/layout.tsx @ http://localhost:3000/_next/static/chunks/node_modules_next_dist_1e8vcs8._.js:1052
[  691946ms] [ERROR] ./app/hand-tracking/components/ChainRail.tsx:196:9
Error: Expression expected
  194 |         </div>
  195 |
> 196 |         <div className="ht-legend">
      |         ^
  197 |           <div className="ht-legend-item">
  198 |             <span className="ht-legend-dot ht-done" /> Completed
  199 |           </div>

Parsing ecmascript source code failed

Import trace:
  Server Component:
    ./app/hand-tracking/components/ChainRail.tsx
    ./app/hand-tracking/layout.tsx @ http://localhost:3000/_next/static/chunks/node_modules_next_dist_1e8vcs8._.js:1052
[  691946ms] [ERROR] ./app/hand-tracking/components/ChainRail.tsx:193:13
Error: Unexpected token. Did you mean `{'}'}` or `&rbrace;`?
  191 |               </div>
  192 |             </div>
> 193 |           ))}
      |             ^
  194 |         </div>
  195 |
  196 |         <div className="ht-legend">

Parsing ecmascript source code failed

Import trace:
  Server Component:
    ./app/hand-tracking/components/ChainRail.tsx
    ./app/hand-tracking/layout.tsx @ http://localhost:3000/_next/static/chunks/node_modules_next_dist_1e8vcs8._.js:1052
[  692012ms] [ERROR] ./app/hand-tracking/components/ChainRail.tsx:196:9
Error: Expression expected
  194 |         </div>
  195 |
> 196 |         <div className="ht-legend">
      |         ^
  197 |           <div className="ht-legend-item">
  198 |             <span className="ht-legend-dot ht-done" /> Completed
  199 |           </div>

Parsing ecmascript source code failed

Import trace:
  Server Component:
    ./app/hand-tracking/components/ChainRail.tsx
    ./app/hand-tracking/layout.tsx @ http://localhost:3000/_next/static/chunks/node_modules_next_dist_1e8vcs8._.js:1052
[  692012ms] [ERROR] ./app/hand-tracking/components/ChainRail.tsx:193:13
Error: Unexpected token. Did you mean `{'}'}` or `&rbrace;`?
  191 |               </div>
  192 |             </div>
> 193 |           ))}
      |             ^
  194 |         </div>
  195 |
  196 |         <div className="ht-legend">

Parsing ecmascript source code failed

Import trace:
  Server Component:
    ./app/hand-tracking/components/ChainRail.tsx
    ./app/hand-tracking/layout.tsx @ http://localhost:3000/_next/static/chunks/node_modules_next_dist_1e8vcs8._.js:1052
[  692101ms] [ERROR] ./app/hand-tracking/components/ChainRail.tsx:196:9
Error: Expression expected
  194 |         </div>
  195 |
> 196 |         <div className="ht-legend">
      |         ^
  197 |           <div className="ht-legend-item">
  198 |             <span className="ht-legend-dot ht-done" /> Completed
  199 |           </div>

Parsing ecmascript source code failed

Import trace:
  Server Component:
    ./app/hand-tracking/components/ChainRail.tsx
    ./app/hand-tracking/layout.tsx @ http://localhost:3000/_next/static/chunks/node_modules_next_dist_1e8vcs8._.js:1052
[  692102ms] [ERROR] ./app/hand-tracking/components/ChainRail.tsx:193:13
Error: Unexpected token. Did you mean `{'}'}` or `&rbrace;`?
  191 |               </div>
  192 |             </div>
> 193 |           ))}
      |             ^
  194 |         </div>
  195 |
  196 |         <div className="ht-legend">

Parsing ecmascript source code failed

Import trace:
  Server Component:
    ./app/hand-tracking/components/ChainRail.tsx
    ./app/hand-tracking/layout.tsx @ http://localhost:3000/_next/static/chunks/node_modules_next_dist_1e8vcs8._.js:1052
[  692183ms] [ERROR] ./app/hand-tracking/components/ChainRail.tsx:196:9
Error: Expression expected
  194 |         </div>
  195 |
> 196 |         <div className="ht-legend">
      |         ^
  197 |           <div className="ht-legend-item">
  198 |             <span className="ht-legend-dot ht-done" /> Completed
  199 |           </div>

Parsing ecmascript source code failed

Import trace:
  Server Component:
    ./app/hand-tracking/components/ChainRail.tsx
    ./app/hand-tracking/layout.tsx @ http://localhost:3000/_next/static/chunks/node_modules_next_dist_1e8vcs8._.js:1052
[  692184ms] [ERROR] ./app/hand-tracking/components/ChainRail.tsx:193:13
Error: Unexpected token. Did you mean `{'}'}` or `&rbrace;`?
  191 |               </div>
  192 |             </div>
> 193 |           ))}
      |             ^
  194 |         </div>
  195 |
  196 |         <div className="ht-legend">

Parsing ecmascript source code failed

Import trace:
  Server Component:
    ./app/hand-tracking/components/ChainRail.tsx
    ./app/hand-tracking/layout.tsx @ http://localhost:3000/_next/static/chunks/node_modules_next_dist_1e8vcs8._.js:1052
[  692258ms] [ERROR] ./app/hand-tracking/components/ChainRail.tsx:196:9
Error: Expression expected
  194 |         </div>
  195 |
> 196 |         <div className="ht-legend">
      |         ^
  197 |           <div className="ht-legend-item">
  198 |             <span className="ht-legend-dot ht-done" /> Completed
  199 |           </div>

Parsing ecmascript source code failed

Import trace:
  Server Component:
    ./app/hand-tracking/components/ChainRail.tsx
    ./app/hand-tracking/layout.tsx @ http://localhost:3000/_next/static/chunks/node_modules_next_dist_1e8vcs8._.js:1052
[  692258ms] [ERROR] ./app/hand-tracking/components/ChainRail.tsx:193:13
Error: Unexpected token. Did you mean `{'}'}` or `&rbrace;`?
  191 |               </div>
  192 |             </div>
> 193 |           ))}
      |             ^
  194 |         </div>
  195 |
  196 |         <div className="ht-legend">

Parsing ecmascript source code failed

Import trace:
  Server Component:
    ./app/hand-tracking/components/ChainRail.tsx
    ./app/hand-tracking/layout.tsx @ http://localhost:3000/_next/static/chunks/node_modules_next_dist_1e8vcs8._.js:1052
[  692319ms] [ERROR] ./app/hand-tracking/components/ChainRail.tsx:196:9
Error: Expression expected
  194 |         </div>
  195 |
> 196 |         <div className="ht-legend">
      |         ^
  197 |           <div className="ht-legend-item">
  198 |             <span className="ht-legend-dot ht-done" /> Completed
  199 |           </div>

Parsing ecmascript source code failed

Import trace:
  Server Component:
    ./app/hand-tracking/components/ChainRail.tsx
    ./app/hand-tracking/layout.tsx @ http://localhost:3000/_next/static/chunks/node_modules_next_dist_1e8vcs8._.js:1052
[  692320ms] [ERROR] ./app/hand-tracking/components/ChainRail.tsx:193:13
Error: Unexpected token. Did you mean `{'}'}` or `&rbrace;`?
  191 |               </div>
  192 |             </div>
> 193 |           ))}
      |             ^
  194 |         </div>
  195 |
  196 |         <div className="ht-legend">

Parsing ecmascript source code failed

Import trace:
  Server Component:
    ./app/hand-tracking/components/ChainRail.tsx
    ./app/hand-tracking/layout.tsx @ http://localhost:3000/_next/static/chunks/node_modules_next_dist_1e8vcs8._.js:1052
[  692382ms] [ERROR] ./app/hand-tracking/components/ChainRail.tsx:196:9
Error: Expression expected
  194 |         </div>
  195 |
> 196 |         <div className="ht-legend">
      |         ^
  197 |           <div className="ht-legend-item">
  198 |             <span className="ht-legend-dot ht-done" /> Completed
  199 |           </div>

Parsing ecmascript source code failed

Import trace:
  Server Component:
    ./app/hand-tracking/components/ChainRail.tsx
    ./app/hand-tracking/layout.tsx @ http://localhost:3000/_next/static/chunks/node_modules_next_dist_1e8vcs8._.js:1052
[  692383ms] [ERROR] ./app/hand-tracking/components/ChainRail.tsx:193:13
Error: Unexpected token. Did you mean `{'}'}` or `&rbrace;`?
  191 |               </div>
  192 |             </div>
> 193 |           ))}
      |             ^
  194 |         </div>
  195 |
  196 |         <div className="ht-legend">

Parsing ecmascript source code failed

Import trace:
  Server Component:
    ./app/hand-tracking/components/ChainRail.tsx
    ./app/hand-tracking/layout.tsx @ http://localhost:3000/_next/static/chunks/node_modules_next_dist_1e8vcs8._.js:1052
[  692445ms] [ERROR] ./app/hand-tracking/components/ChainRail.tsx:196:9
Error: Expression expected
  194 |         </div>
  195 |
> 196 |         <div className="ht-legend">
      |         ^
  197 |           <div className="ht-legend-item">
  198 |             <span className="ht-legend-dot ht-done" /> Completed
  199 |           </div>

Parsing ecmascript source code failed

Import trace:
  Server Component:
    ./app/hand-tracking/components/ChainRail.tsx
    ./app/hand-tracking/layout.tsx @ http://localhost:3000/_next/static/chunks/node_modules_next_dist_1e8vcs8._.js:1052
[  692445ms] [ERROR] ./app/hand-tracking/components/ChainRail.tsx:193:13
Error: Unexpected token. Did you mean `{'}'}` or `&rbrace;`?
  191 |               </div>
  192 |             </div>
> 193 |           ))}
      |             ^
  194 |         </div>
  195 |
  196 |         <div className="ht-legend">

Parsing ecmascript source code failed

Import trace:
  Server Component:
    ./app/hand-tracking/components/ChainRail.tsx
    ./app/hand-tracking/layout.tsx @ http://localhost:3000/_next/static/chunks/node_modules_next_dist_1e8vcs8._.js:1052
[  692507ms] [ERROR] ./app/hand-tracking/components/ChainRail.tsx:196:9
Error: Expression expected
  194 |         </div>
  195 |
> 196 |         <div className="ht-legend">
      |         ^
  197 |           <div className="ht-legend-item">
  198 |             <span className="ht-legend-dot ht-done" /> Completed
  199 |           </div>

Parsing ecmascript source code failed

Import trace:
  Server Component:
    ./app/hand-tracking/components/ChainRail.tsx
    ./app/hand-tracking/layout.tsx @ http://localhost:3000/_next/static/chunks/node_modules_next_dist_1e8vcs8._.js:1052
[  692508ms] [ERROR] ./app/hand-tracking/components/ChainRail.tsx:193:13
Error: Unexpected token. Did you mean `{'}'}` or `&rbrace;`?
  191 |               </div>
  192 |             </div>
> 193 |           ))}
      |             ^
  194 |         </div>
  195 |
  196 |         <div className="ht-legend">

Parsing ecmascript source code failed

Import trace:
  Server Component:
    ./app/hand-tracking/components/ChainRail.tsx
    ./app/hand-tracking/layout.tsx @ http://localhost:3000/_next/static/chunks/node_modules_next_dist_1e8vcs8._.js:1052
[  692571ms] [ERROR] ./app/hand-tracking/components/ChainRail.tsx:196:9
Error: Expression expected
  194 |         </div>
  195 |
> 196 |         <div className="ht-legend">
      |         ^
  197 |           <div className="ht-legend-item">
  198 |             <span className="ht-legend-dot ht-done" /> Completed
  199 |           </div>

Parsing ecmascript source code failed

Import trace:
  Server Component:
    ./app/hand-tracking/components/ChainRail.tsx
    ./app/hand-tracking/layout.tsx @ http://localhost:3000/_next/static/chunks/node_modules_next_dist_1e8vcs8._.js:1052
[  692571ms] [ERROR] ./app/hand-tracking/components/ChainRail.tsx:193:13
Error: Unexpected token. Did you mean `{'}'}` or `&rbrace;`?
  191 |               </div>
  192 |             </div>
> 193 |           ))}
      |             ^
  194 |         </div>
  195 |
  196 |         <div className="ht-legend">

Parsing ecmascript source code failed

Import trace:
  Server Component:
    ./app/hand-tracking/components/ChainRail.tsx
    ./app/hand-tracking/layout.tsx @ http://localhost:3000/_next/static/chunks/node_modules_next_dist_1e8vcs8._.js:1052
[  692634ms] [ERROR] ./app/hand-tracking/components/ChainRail.tsx:196:9
Error: Expression expected
  194 |         </div>
  195 |
> 196 |         <div className="ht-legend">
      |         ^
  197 |           <div className="ht-legend-item">
  198 |             <span className="ht-legend-dot ht-done" /> Completed
  199 |           </div>

Parsing ecmascript source code failed

Import trace:
  Server Component:
    ./app/hand-tracking/components/ChainRail.tsx
    ./app/hand-tracking/layout.tsx @ http://localhost:3000/_next/static/chunks/node_modules_next_dist_1e8vcs8._.js:1052
[  692635ms] [ERROR] ./app/hand-tracking/components/ChainRail.tsx:193:13
Error: Unexpected token. Did you mean `{'}'}` or `&rbrace;`?
  191 |               </div>
  192 |             </div>
> 193 |           ))}
      |             ^
  194 |         </div>
  195 |
  196 |         <div className="ht-legend">

Parsing ecmascript source code failed

Import trace:
  Server Component:
    ./app/hand-tracking/components/ChainRail.tsx
    ./app/hand-tracking/layout.tsx @ http://localhost:3000/_next/static/chunks/node_modules_next_dist_1e8vcs8._.js:1052
[  692696ms] [ERROR] ./app/hand-tracking/components/ChainRail.tsx:196:9
Error: Expression expected
  194 |         </div>
  195 |
> 196 |         <div className="ht-legend">
      |         ^
  197 |           <div className="ht-legend-item">
  198 |             <span className="ht-legend-dot ht-done" /> Completed
  199 |           </div>

Parsing ecmascript source code failed

Import trace:
  Server Component:
    ./app/hand-tracking/components/ChainRail.tsx
    ./app/hand-tracking/layout.tsx @ http://localhost:3000/_next/static/chunks/node_modules_next_dist_1e8vcs8._.js:1052
[  692697ms] [ERROR] ./app/hand-tracking/components/ChainRail.tsx:193:13
Error: Unexpected token. Did you mean `{'}'}` or `&rbrace;`?
  191 |               </div>
  192 |             </div>
> 193 |           ))}
      |             ^
  194 |         </div>
  195 |
  196 |         <div className="ht-legend">

Parsing ecmascript source code failed

Import trace:
  Server Component:
    ./app/hand-tracking/components/ChainRail.tsx
    ./app/hand-tracking/layout.tsx @ http://localhost:3000/_next/static/chunks/node_modules_next_dist_1e8vcs8._.js:1052
[  692760ms] [ERROR] ./app/hand-tracking/components/ChainRail.tsx:196:9
Error: Expression expected
  194 |         </div>
  195 |
> 196 |         <div className="ht-legend">
      |         ^
  197 |           <div className="ht-legend-item">
  198 |             <span className="ht-legend-dot ht-done" /> Completed
  199 |           </div>

Parsing ecmascript source code failed

Import trace:
  Server Component:
    ./app/hand-tracking/components/ChainRail.tsx
    ./app/hand-tracking/layout.tsx @ http://localhost:3000/_next/static/chunks/node_modules_next_dist_1e8vcs8._.js:1052
[  692760ms] [ERROR] ./app/hand-tracking/components/ChainRail.tsx:193:13
Error: Unexpected token. Did you mean `{'}'}` or `&rbrace;`?
  191 |               </div>
  192 |             </div>
> 193 |           ))}
      |             ^
  194 |         </div>
  195 |
  196 |         <div className="ht-legend">

Parsing ecmascript source code failed

Import trace:
  Server Component:
    ./app/hand-tracking/components/ChainRail.tsx
    ./app/hand-tracking/layout.tsx @ http://localhost:3000/_next/static/chunks/node_modules_next_dist_1e8vcs8._.js:1052
[  692822ms] [ERROR] ./app/hand-tracking/components/ChainRail.tsx:196:9
Error: Expression expected
  194 |         </div>
  195 |
> 196 |         <div className="ht-legend">
      |         ^
  197 |           <div className="ht-legend-item">
  198 |             <span className="ht-legend-dot ht-done" /> Completed
  199 |           </div>

Parsing ecmascript source code failed

Import trace:
  Server Component:
    ./app/hand-tracking/components/ChainRail.tsx
    ./app/hand-tracking/layout.tsx @ http://localhost:3000/_next/static/chunks/node_modules_next_dist_1e8vcs8._.js:1052
[  692823ms] [ERROR] ./app/hand-tracking/components/ChainRail.tsx:193:13
Error: Unexpected token. Did you mean `{'}'}` or `&rbrace;`?
  191 |               </div>
  192 |             </div>
> 193 |           ))}
      |             ^
  194 |         </div>
  195 |
  196 |         <div className="ht-legend">

Parsing ecmascript source code failed

Import trace:
  Server Component:
    ./app/hand-tracking/components/ChainRail.tsx
    ./app/hand-tracking/layout.tsx @ http://localhost:3000/_next/static/chunks/node_modules_next_dist_1e8vcs8._.js:1052
[  692885ms] [ERROR] ./app/hand-tracking/components/ChainRail.tsx:196:9
Error: Expression expected
  194 |         </div>
  195 |
> 196 |         <div className="ht-legend">
      |         ^
  197 |           <div className="ht-legend-item">
  198 |             <span className="ht-legend-dot ht-done" /> Completed
  199 |           </div>

Parsing ecmascript source code failed

Import trace:
  Server Component:
    ./app/hand-tracking/components/ChainRail.tsx
    ./app/hand-tracking/layout.tsx @ http://localhost:3000/_next/static/chunks/node_modules_next_dist_1e8vcs8._.js:1052
[  692885ms] [ERROR] ./app/hand-tracking/components/ChainRail.tsx:193:13
Error: Unexpected token. Did you mean `{'}'}` or `&rbrace;`?
  191 |               </div>
  192 |             </div>
> 193 |           ))}
      |             ^
  194 |         </div>
  195 |
  196 |         <div className="ht-legend">

Parsing ecmascript source code failed

Import trace:
  Server Component:
    ./app/hand-tracking/components/ChainRail.tsx
    ./app/hand-tracking/layout.tsx @ http://localhost:3000/_next/static/chunks/node_modules_next_dist_1e8vcs8._.js:1052
[  692946ms] [ERROR] ./app/hand-tracking/components/ChainRail.tsx:196:9
Error: Expression expected
  194 |         </div>
  195 |
> 196 |         <div className="ht-legend">
      |         ^
  197 |           <div className="ht-legend-item">
  198 |             <span className="ht-legend-dot ht-done" /> Completed
  199 |           </div>

Parsing ecmascript source code failed

Import trace:
  Server Component:
    ./app/hand-tracking/components/ChainRail.tsx
    ./app/hand-tracking/layout.tsx @ http://localhost:3000/_next/static/chunks/node_modules_next_dist_1e8vcs8._.js:1052
[  692946ms] [ERROR] ./app/hand-tracking/components/ChainRail.tsx:193:13
Error: Unexpected token. Did you mean `{'}'}` or `&rbrace;`?
  191 |               </div>
  192 |             </div>
> 193 |           ))}
      |             ^
  194 |         </div>
  195 |
  196 |         <div className="ht-legend">

Parsing ecmascript source code failed

Import trace:
  Server Component:
    ./app/hand-tracking/components/ChainRail.tsx
    ./app/hand-tracking/layout.tsx @ http://localhost:3000/_next/static/chunks/node_modules_next_dist_1e8vcs8._.js:1052
[  693009ms] [ERROR] ./app/hand-tracking/components/ChainRail.tsx:196:9
Error: Expression expected
  194 |         </div>
  195 |
> 196 |         <div className="ht-legend">
      |         ^
  197 |           <div className="ht-legend-item">
  198 |             <span className="ht-legend-dot ht-done" /> Completed
  199 |           </div>

Parsing ecmascript source code failed

Import trace:
  Server Component:
    ./app/hand-tracking/components/ChainRail.tsx
    ./app/hand-tracking/layout.tsx @ http://localhost:3000/_next/static/chunks/node_modules_next_dist_1e8vcs8._.js:1052
[  693009ms] [ERROR] ./app/hand-tracking/components/ChainRail.tsx:193:13
Error: Unexpected token. Did you mean `{'}'}` or `&rbrace;`?
  191 |               </div>
  192 |             </div>
> 193 |           ))}
      |             ^
  194 |         </div>
  195 |
  196 |         <div className="ht-legend">

Parsing ecmascript source code failed

Import trace:
  Server Component:
    ./app/hand-tracking/components/ChainRail.tsx
    ./app/hand-tracking/layout.tsx @ http://localhost:3000/_next/static/chunks/node_modules_next_dist_1e8vcs8._.js:1052
[  693070ms] [ERROR] ./app/hand-tracking/components/ChainRail.tsx:196:9
Error: Expression expected
  194 |         </div>
  195 |
> 196 |         <div className="ht-legend">
      |         ^
  197 |           <div className="ht-legend-item">
  198 |             <span className="ht-legend-dot ht-done" /> Completed
  199 |           </div>

Parsing ecmascript source code failed

Import trace:
  Server Component:
    ./app/hand-tracking/components/ChainRail.tsx
    ./app/hand-tracking/layout.tsx @ http://localhost:3000/_next/static/chunks/node_modules_next_dist_1e8vcs8._.js:1052
[  693071ms] [ERROR] ./app/hand-tracking/components/ChainRail.tsx:193:13
Error: Unexpected token. Did you mean `{'}'}` or `&rbrace;`?
  191 |               </div>
  192 |             </div>
> 193 |           ))}
      |             ^
  194 |         </div>
  195 |
  196 |         <div className="ht-legend">

Parsing ecmascript source code failed

Import trace:
  Server Component:
    ./app/hand-tracking/components/ChainRail.tsx
    ./app/hand-tracking/layout.tsx @ http://localhost:3000/_next/static/chunks/node_modules_next_dist_1e8vcs8._.js:1052
[  693134ms] [ERROR] ./app/hand-tracking/components/ChainRail.tsx:196:9
Error: Expression expected
  194 |         </div>
  195 |
> 196 |         <div className="ht-legend">
      |         ^
  197 |           <div className="ht-legend-item">
  198 |             <span className="ht-legend-dot ht-done" /> Completed
  199 |           </div>

Parsing ecmascript source code failed

Import trace:
  Server Component:
    ./app/hand-tracking/components/ChainRail.tsx
    ./app/hand-tracking/layout.tsx @ http://localhost:3000/_next/static/chunks/node_modules_next_dist_1e8vcs8._.js:1052
[  693134ms] [ERROR] ./app/hand-tracking/components/ChainRail.tsx:193:13
Error: Unexpected token. Did you mean `{'}'}` or `&rbrace;`?
  191 |               </div>
  192 |             </div>
> 193 |           ))}
      |             ^
  194 |         </div>
  195 |
  196 |         <div className="ht-legend">

Parsing ecmascript source code failed

Import trace:
  Server Component:
    ./app/hand-tracking/components/ChainRail.tsx
    ./app/hand-tracking/layout.tsx @ http://localhost:3000/_next/static/chunks/node_modules_next_dist_1e8vcs8._.js:1052
[  693197ms] [ERROR] ./app/hand-tracking/components/ChainRail.tsx:196:9
Error: Expression expected
  194 |         </div>
  195 |
> 196 |         <div className="ht-legend">
      |         ^
  197 |           <div className="ht-legend-item">
  198 |             <span className="ht-legend-dot ht-done" /> Completed
  199 |           </div>

Parsing ecmascript source code failed

Import trace:
  Server Component:
    ./app/hand-tracking/components/ChainRail.tsx
    ./app/hand-tracking/layout.tsx @ http://localhost:3000/_next/static/chunks/node_modules_next_dist_1e8vcs8._.js:1052
[  693198ms] [ERROR] ./app/hand-tracking/components/ChainRail.tsx:193:13
Error: Unexpected token. Did you mean `{'}'}` or `&rbrace;`?
  191 |               </div>
  192 |             </div>
> 193 |           ))}
      |             ^
  194 |         </div>
  195 |
  196 |         <div className="ht-legend">

Parsing ecmascript source code failed

Import trace:
  Server Component:
    ./app/hand-tracking/components/ChainRail.tsx
    ./app/hand-tracking/layout.tsx @ http://localhost:3000/_next/static/chunks/node_modules_next_dist_1e8vcs8._.js:1052
[  693258ms] [ERROR] ./app/hand-tracking/components/ChainRail.tsx:196:9
Error: Expression expected
  194 |         </div>
  195 |
> 196 |         <div className="ht-legend">
      |         ^
  197 |           <div className="ht-legend-item">
  198 |             <span className="ht-legend-dot ht-done" /> Completed
  199 |           </div>

Parsing ecmascript source code failed

Import trace:
  Server Component:
    ./app/hand-tracking/components/ChainRail.tsx
    ./app/hand-tracking/layout.tsx @ http://localhost:3000/_next/static/chunks/node_modules_next_dist_1e8vcs8._.js:1052
[  693258ms] [ERROR] ./app/hand-tracking/components/ChainRail.tsx:193:13
Error: Unexpected token. Did you mean `{'}'}` or `&rbrace;`?
  191 |               </div>
  192 |             </div>
> 193 |           ))}
      |             ^
  194 |         </div>
  195 |
  196 |         <div className="ht-legend">

Parsing ecmascript source code failed

Import trace:
  Server Component:
    ./app/hand-tracking/components/ChainRail.tsx
    ./app/hand-tracking/layout.tsx @ http://localhost:3000/_next/static/chunks/node_modules_next_dist_1e8vcs8._.js:1052
[  693320ms] [ERROR] ./app/hand-tracking/components/ChainRail.tsx:196:9
Error: Expression expected
  194 |         </div>
  195 |
> 196 |         <div className="ht-legend">
      |         ^
  197 |           <div className="ht-legend-item">
  198 |             <span className="ht-legend-dot ht-done" /> Completed
  199 |           </div>

Parsing ecmascript source code failed

Import trace:
  Server Component:
    ./app/hand-tracking/components/ChainRail.tsx
    ./app/hand-tracking/layout.tsx @ http://localhost:3000/_next/static/chunks/node_modules_next_dist_1e8vcs8._.js:1052
[  693320ms] [ERROR] ./app/hand-tracking/components/ChainRail.tsx:193:13
Error: Unexpected token. Did you mean `{'}'}` or `&rbrace;`?
  191 |               </div>
  192 |             </div>
> 193 |           ))}
      |             ^
  194 |         </div>
  195 |
  196 |         <div className="ht-legend">

Parsing ecmascript source code failed

Import trace:
  Server Component:
    ./app/hand-tracking/components/ChainRail.tsx
    ./app/hand-tracking/layout.tsx @ http://localhost:3000/_next/static/chunks/node_modules_next_dist_1e8vcs8._.js:1052
[  693382ms] [ERROR] ./app/hand-tracking/components/ChainRail.tsx:196:9
Error: Expression expected
  194 |         </div>
  195 |
> 196 |         <div className="ht-legend">
      |         ^
  197 |           <div className="ht-legend-item">
  198 |             <span className="ht-legend-dot ht-done" /> Completed
  199 |           </div>

Parsing ecmascript source code failed

Import trace:
  Server Component:
    ./app/hand-tracking/components/ChainRail.tsx
    ./app/hand-tracking/layout.tsx @ http://localhost:3000/_next/static/chunks/node_modules_next_dist_1e8vcs8._.js:1052
[  693383ms] [ERROR] ./app/hand-tracking/components/ChainRail.tsx:193:13
Error: Unexpected token. Did you mean `{'}'}` or `&rbrace;`?
  191 |               </div>
  192 |             </div>
> 193 |           ))}
      |             ^
  194 |         </div>
  195 |
  196 |         <div className="ht-legend">

Parsing ecmascript source code failed

Import trace:
  Server Component:
    ./app/hand-tracking/components/ChainRail.tsx
    ./app/hand-tracking/layout.tsx @ http://localhost:3000/_next/static/chunks/node_modules_next_dist_1e8vcs8._.js:1052
[  693444ms] [ERROR] ./app/hand-tracking/components/ChainRail.tsx:196:9
Error: Expression expected
  194 |         </div>
  195 |
> 196 |         <div className="ht-legend">
      |         ^
  197 |           <div className="ht-legend-item">
  198 |             <span className="ht-legend-dot ht-done" /> Completed
  199 |           </div>

Parsing ecmascript source code failed

Import trace:
  Server Component:
    ./app/hand-tracking/components/ChainRail.tsx
    ./app/hand-tracking/layout.tsx @ http://localhost:3000/_next/static/chunks/node_modules_next_dist_1e8vcs8._.js:1052
[  693445ms] [ERROR] ./app/hand-tracking/components/ChainRail.tsx:193:13
Error: Unexpected token. Did you mean `{'}'}` or `&rbrace;`?
  191 |               </div>
  192 |             </div>
> 193 |           ))}
      |             ^
  194 |         </div>
  195 |
  196 |         <div className="ht-legend">

Parsing ecmascript source code failed

Import trace:
  Server Component:
    ./app/hand-tracking/components/ChainRail.tsx
    ./app/hand-tracking/layout.tsx @ http://localhost:3000/_next/static/chunks/node_modules_next_dist_1e8vcs8._.js:1052
[  693508ms] [ERROR] ./app/hand-tracking/components/ChainRail.tsx:196:9
Error: Expression expected
  194 |         </div>
  195 |
> 196 |         <div className="ht-legend">
      |         ^
  197 |           <div className="ht-legend-item">
  198 |             <span className="ht-legend-dot ht-done" /> Completed
  199 |           </div>

Parsing ecmascript source code failed

Import trace:
  Server Component:
    ./app/hand-tracking/components/ChainRail.tsx
    ./app/hand-tracking/layout.tsx @ http://localhost:3000/_next/static/chunks/node_modules_next_dist_1e8vcs8._.js:1052
[  693508ms] [ERROR] ./app/hand-tracking/components/ChainRail.tsx:193:13
Error: Unexpected token. Did you mean `{'}'}` or `&rbrace;`?
  191 |               </div>
  192 |             </div>
> 193 |           ))}
      |             ^
  194 |         </div>
  195 |
  196 |         <div className="ht-legend">

Parsing ecmascript source code failed

Import trace:
  Server Component:
    ./app/hand-tracking/components/ChainRail.tsx
    ./app/hand-tracking/layout.tsx @ http://localhost:3000/_next/static/chunks/node_modules_next_dist_1e8vcs8._.js:1052
[  693571ms] [ERROR] ./app/hand-tracking/components/ChainRail.tsx:196:9
Error: Expression expected
  194 |         </div>
  195 |
> 196 |         <div className="ht-legend">
      |         ^
  197 |           <div className="ht-legend-item">
  198 |             <span className="ht-legend-dot ht-done" /> Completed
  199 |           </div>

Parsing ecmascript source code failed

Import trace:
  Server Component:
    ./app/hand-tracking/components/ChainRail.tsx
    ./app/hand-tracking/layout.tsx @ http://localhost:3000/_next/static/chunks/node_modules_next_dist_1e8vcs8._.js:1052
[  693572ms] [ERROR] ./app/hand-tracking/components/ChainRail.tsx:193:13
Error: Unexpected token. Did you mean `{'}'}` or `&rbrace;`?
  191 |               </div>
  192 |             </div>
> 193 |           ))}
      |             ^
  194 |         </div>
  195 |
  196 |         <div className="ht-legend">

Parsing ecmascript source code failed

Import trace:
  Server Component:
    ./app/hand-tracking/components/ChainRail.tsx
    ./app/hand-tracking/layout.tsx @ http://localhost:3000/_next/static/chunks/node_modules_next_dist_1e8vcs8._.js:1052
[  693634ms] [ERROR] ./app/hand-tracking/components/ChainRail.tsx:196:9
Error: Expression expected
  194 |         </div>
  195 |
> 196 |         <div className="ht-legend">
      |         ^
  197 |           <div className="ht-legend-item">
  198 |             <span className="ht-legend-dot ht-done" /> Completed
  199 |           </div>

Parsing ecmascript source code failed

Import trace:
  Server Component:
    ./app/hand-tracking/components/ChainRail.tsx
    ./app/hand-tracking/layout.tsx @ http://localhost:3000/_next/static/chunks/node_modules_next_dist_1e8vcs8._.js:1052
[  693634ms] [ERROR] ./app/hand-tracking/components/ChainRail.tsx:193:13
Error: Unexpected token. Did you mean `{'}'}` or `&rbrace;`?
  191 |               </div>
  192 |             </div>
> 193 |           ))}
      |             ^
  194 |         </div>
  195 |
  196 |         <div className="ht-legend">

Parsing ecmascript source code failed

Import trace:
  Server Component:
    ./app/hand-tracking/components/ChainRail.tsx
    ./app/hand-tracking/layout.tsx @ http://localhost:3000/_next/static/chunks/node_modules_next_dist_1e8vcs8._.js:1052
[  693696ms] [ERROR] ./app/hand-tracking/components/ChainRail.tsx:196:9
Error: Expression expected
  194 |         </div>
  195 |
> 196 |         <div className="ht-legend">
      |         ^
  197 |           <div className="ht-legend-item">
  198 |             <span className="ht-legend-dot ht-done" /> Completed
  199 |           </div>

Parsing ecmascript source code failed

Import trace:
  Server Component:
    ./app/hand-tracking/components/ChainRail.tsx
    ./app/hand-tracking/layout.tsx @ http://localhost:3000/_next/static/chunks/node_modules_next_dist_1e8vcs8._.js:1052
[  693696ms] [ERROR] ./app/hand-tracking/components/ChainRail.tsx:193:13
Error: Unexpected token. Did you mean `{'}'}` or `&rbrace;`?
  191 |               </div>
  192 |             </div>
> 193 |           ))}
      |             ^
  194 |         </div>
  195 |
  196 |         <div className="ht-legend">

Parsing ecmascript source code failed

Import trace:
  Server Component:
    ./app/hand-tracking/components/ChainRail.tsx
    ./app/hand-tracking/layout.tsx @ http://localhost:3000/_next/static/chunks/node_modules_next_dist_1e8vcs8._.js:1052
[  693758ms] [ERROR] ./app/hand-tracking/components/ChainRail.tsx:196:9
Error: Expression expected
  194 |         </div>
  195 |
> 196 |         <div className="ht-legend">
      |         ^
  197 |           <div className="ht-legend-item">
  198 |             <span className="ht-legend-dot ht-done" /> Completed
  199 |           </div>

Parsing ecmascript source code failed

Import trace:
  Server Component:
    ./app/hand-tracking/components/ChainRail.tsx
    ./app/hand-tracking/layout.tsx @ http://localhost:3000/_next/static/chunks/node_modules_next_dist_1e8vcs8._.js:1052
[  693758ms] [ERROR] ./app/hand-tracking/components/ChainRail.tsx:193:13
Error: Unexpected token. Did you mean `{'}'}` or `&rbrace;`?
  191 |               </div>
  192 |             </div>
> 193 |           ))}
      |             ^
  194 |         </div>
  195 |
  196 |         <div className="ht-legend">

Parsing ecmascript source code failed

Import trace:
  Server Component:
    ./app/hand-tracking/components/ChainRail.tsx
    ./app/hand-tracking/layout.tsx @ http://localhost:3000/_next/static/chunks/node_modules_next_dist_1e8vcs8._.js:1052
[  693821ms] [ERROR] ./app/hand-tracking/components/ChainRail.tsx:196:9
Error: Expression expected
  194 |         </div>
  195 |
> 196 |         <div className="ht-legend">
      |         ^
  197 |           <div className="ht-legend-item">
  198 |             <span className="ht-legend-dot ht-done" /> Completed
  199 |           </div>

Parsing ecmascript source code failed

Import trace:
  Server Component:
    ./app/hand-tracking/components/ChainRail.tsx
    ./app/hand-tracking/layout.tsx @ http://localhost:3000/_next/static/chunks/node_modules_next_dist_1e8vcs8._.js:1052
[  693821ms] [ERROR] ./app/hand-tracking/components/ChainRail.tsx:193:13
Error: Unexpected token. Did you mean `{'}'}` or `&rbrace;`?
  191 |               </div>
  192 |             </div>
> 193 |           ))}
      |             ^
  194 |         </div>
  195 |
  196 |         <div className="ht-legend">

Parsing ecmascript source code failed

Import trace:
  Server Component:
    ./app/hand-tracking/components/ChainRail.tsx
    ./app/hand-tracking/layout.tsx @ http://localhost:3000/_next/static/chunks/node_modules_next_dist_1e8vcs8._.js:1052
[  693896ms] [ERROR] ./app/hand-tracking/components/ChainRail.tsx:196:9
Error: Expression expected
  194 |         </div>
  195 |
> 196 |         <div className="ht-legend">
      |         ^
  197 |           <div className="ht-legend-item">
  198 |             <span className="ht-legend-dot ht-done" /> Completed
  199 |           </div>

Parsing ecmascript source code failed

Import trace:
  Server Component:
    ./app/hand-tracking/components/ChainRail.tsx
    ./app/hand-tracking/layout.tsx @ http://localhost:3000/_next/static/chunks/node_modules_next_dist_1e8vcs8._.js:1052
[  693896ms] [ERROR] ./app/hand-tracking/components/ChainRail.tsx:193:13
Error: Unexpected token. Did you mean `{'}'}` or `&rbrace;`?
  191 |               </div>
  192 |             </div>
> 193 |           ))}
      |             ^
  194 |         </div>
  195 |
  196 |         <div className="ht-legend">

Parsing ecmascript source code failed

Import trace:
  Server Component:
    ./app/hand-tracking/components/ChainRail.tsx
    ./app/hand-tracking/layout.tsx @ http://localhost:3000/_next/static/chunks/node_modules_next_dist_1e8vcs8._.js:1052
[  693976ms] [ERROR] ./app/hand-tracking/components/ChainRail.tsx:196:9
Error: Expression expected
  194 |         </div>
  195 |
> 196 |         <div className="ht-legend">
      |         ^
  197 |           <div className="ht-legend-item">
  198 |             <span className="ht-legend-dot ht-done" /> Completed
  199 |           </div>

Parsing ecmascript source code failed

Import trace:
  Server Component:
    ./app/hand-tracking/components/ChainRail.tsx
    ./app/hand-tracking/layout.tsx @ http://localhost:3000/_next/static/chunks/node_modules_next_dist_1e8vcs8._.js:1052
[  693977ms] [ERROR] ./app/hand-tracking/components/ChainRail.tsx:193:13
Error: Unexpected token. Did you mean `{'}'}` or `&rbrace;`?
  191 |               </div>
  192 |             </div>
> 193 |           ))}
      |             ^
  194 |         </div>
  195 |
  196 |         <div className="ht-legend">

Parsing ecmascript source code failed

Import trace:
  Server Component:
    ./app/hand-tracking/components/ChainRail.tsx
    ./app/hand-tracking/layout.tsx @ http://localhost:3000/_next/static/chunks/node_modules_next_dist_1e8vcs8._.js:1052
[  694039ms] [ERROR] ./app/hand-tracking/components/ChainRail.tsx:196:9
Error: Expression expected
  194 |         </div>
  195 |
> 196 |         <div className="ht-legend">
      |         ^
  197 |           <div className="ht-legend-item">
  198 |             <span className="ht-legend-dot ht-done" /> Completed
  199 |           </div>

Parsing ecmascript source code failed

Import trace:
  Server Component:
    ./app/hand-tracking/components/ChainRail.tsx
    ./app/hand-tracking/layout.tsx @ http://localhost:3000/_next/static/chunks/node_modules_next_dist_1e8vcs8._.js:1052
[  694040ms] [ERROR] ./app/hand-tracking/components/ChainRail.tsx:193:13
Error: Unexpected token. Did you mean `{'}'}` or `&rbrace;`?
  191 |               </div>
  192 |             </div>
> 193 |           ))}
      |             ^
  194 |         </div>
  195 |
  196 |         <div className="ht-legend">

Parsing ecmascript source code failed

Import trace:
  Server Component:
    ./app/hand-tracking/components/ChainRail.tsx
    ./app/hand-tracking/layout.tsx @ http://localhost:3000/_next/static/chunks/node_modules_next_dist_1e8vcs8._.js:1052
[  694102ms] [ERROR] ./app/hand-tracking/components/ChainRail.tsx:196:9
Error: Expression expected
  194 |         </div>
  195 |
> 196 |         <div className="ht-legend">
      |         ^
  197 |           <div className="ht-legend-item">
  198 |             <span className="ht-legend-dot ht-done" /> Completed
  199 |           </div>

Parsing ecmascript source code failed

Import trace:
  Server Component:
    ./app/hand-tracking/components/ChainRail.tsx
    ./app/hand-tracking/layout.tsx @ http://localhost:3000/_next/static/chunks/node_modules_next_dist_1e8vcs8._.js:1052
[  694103ms] [ERROR] ./app/hand-tracking/components/ChainRail.tsx:193:13
Error: Unexpected token. Did you mean `{'}'}` or `&rbrace;`?
  191 |               </div>
  192 |             </div>
> 193 |           ))}
      |             ^
  194 |         </div>
  195 |
  196 |         <div className="ht-legend">

Parsing ecmascript source code failed

Import trace:
  Server Component:
    ./app/hand-tracking/components/ChainRail.tsx
    ./app/hand-tracking/layout.tsx @ http://localhost:3000/_next/static/chunks/node_modules_next_dist_1e8vcs8._.js:1052
[  694166ms] [ERROR] ./app/hand-tracking/components/ChainRail.tsx:196:9
Error: Expression expected
  194 |         </div>
  195 |
> 196 |         <div className="ht-legend">
      |         ^
  197 |           <div className="ht-legend-item">
  198 |             <span className="ht-legend-dot ht-done" /> Completed
  199 |           </div>

Parsing ecmascript source code failed

Import trace:
  Server Component:
    ./app/hand-tracking/components/ChainRail.tsx
    ./app/hand-tracking/layout.tsx @ http://localhost:3000/_next/static/chunks/node_modules_next_dist_1e8vcs8._.js:1052
[  694166ms] [ERROR] ./app/hand-tracking/components/ChainRail.tsx:193:13
Error: Unexpected token. Did you mean `{'}'}` or `&rbrace;`?
  191 |               </div>
  192 |             </div>
> 193 |           ))}
      |             ^
  194 |         </div>
  195 |
  196 |         <div className="ht-legend">

Parsing ecmascript source code failed

Import trace:
  Server Component:
    ./app/hand-tracking/components/ChainRail.tsx
    ./app/hand-tracking/layout.tsx @ http://localhost:3000/_next/static/chunks/node_modules_next_dist_1e8vcs8._.js:1052
[  694227ms] [ERROR] ./app/hand-tracking/components/ChainRail.tsx:196:9
Error: Expression expected
  194 |         </div>
  195 |
> 196 |         <div className="ht-legend">
      |         ^
  197 |           <div className="ht-legend-item">
  198 |             <span className="ht-legend-dot ht-done" /> Completed
  199 |           </div>

Parsing ecmascript source code failed

Import trace:
  Server Component:
    ./app/hand-tracking/components/ChainRail.tsx
    ./app/hand-tracking/layout.tsx @ http://localhost:3000/_next/static/chunks/node_modules_next_dist_1e8vcs8._.js:1052
[  694227ms] [ERROR] ./app/hand-tracking/components/ChainRail.tsx:193:13
Error: Unexpected token. Did you mean `{'}'}` or `&rbrace;`?
  191 |               </div>
  192 |             </div>
> 193 |           ))}
      |             ^
  194 |         </div>
  195 |
  196 |         <div className="ht-legend">

Parsing ecmascript source code failed

Import trace:
  Server Component:
    ./app/hand-tracking/components/ChainRail.tsx
    ./app/hand-tracking/layout.tsx @ http://localhost:3000/_next/static/chunks/node_modules_next_dist_1e8vcs8._.js:1052
[  694289ms] [ERROR] ./app/hand-tracking/components/ChainRail.tsx:196:9
Error: Expression expected
  194 |         </div>
  195 |
> 196 |         <div className="ht-legend">
      |         ^
  197 |           <div className="ht-legend-item">
  198 |             <span className="ht-legend-dot ht-done" /> Completed
  199 |           </div>

Parsing ecmascript source code failed

Import trace:
  Server Component:
    ./app/hand-tracking/components/ChainRail.tsx
    ./app/hand-tracking/layout.tsx @ http://localhost:3000/_next/static/chunks/node_modules_next_dist_1e8vcs8._.js:1052
[  694289ms] [ERROR] ./app/hand-tracking/components/ChainRail.tsx:193:13
Error: Unexpected token. Did you mean `{'}'}` or `&rbrace;`?
  191 |               </div>
  192 |             </div>
> 193 |           ))}
      |             ^
  194 |         </div>
  195 |
  196 |         <div className="ht-legend">

Parsing ecmascript source code failed

Import trace:
  Server Component:
    ./app/hand-tracking/components/ChainRail.tsx
    ./app/hand-tracking/layout.tsx @ http://localhost:3000/_next/static/chunks/node_modules_next_dist_1e8vcs8._.js:1052
[  694351ms] [ERROR] ./app/hand-tracking/components/ChainRail.tsx:196:9
Error: Expression expected
  194 |         </div>
  195 |
> 196 |         <div className="ht-legend">
      |         ^
  197 |           <div className="ht-legend-item">
  198 |             <span className="ht-legend-dot ht-done" /> Completed
  199 |           </div>

Parsing ecmascript source code failed

Import trace:
  Server Component:
    ./app/hand-tracking/components/ChainRail.tsx
    ./app/hand-tracking/layout.tsx @ http://localhost:3000/_next/static/chunks/node_modules_next_dist_1e8vcs8._.js:1052
[  694351ms] [ERROR] ./app/hand-tracking/components/ChainRail.tsx:193:13
Error: Unexpected token. Did you mean `{'}'}` or `&rbrace;`?
  191 |               </div>
  192 |             </div>
> 193 |           ))}
      |             ^
  194 |         </div>
  195 |
  196 |         <div className="ht-legend">

Parsing ecmascript source code failed

Import trace:
  Server Component:
    ./app/hand-tracking/components/ChainRail.tsx
    ./app/hand-tracking/layout.tsx @ http://localhost:3000/_next/static/chunks/node_modules_next_dist_1e8vcs8._.js:1052
[  694413ms] [ERROR] ./app/hand-tracking/components/ChainRail.tsx:196:9
Error: Expression expected
  194 |         </div>
  195 |
> 196 |         <div className="ht-legend">
      |         ^
  197 |           <div className="ht-legend-item">
  198 |             <span className="ht-legend-dot ht-done" /> Completed
  199 |           </div>

Parsing ecmascript source code failed

Import trace:
  Server Component:
    ./app/hand-tracking/components/ChainRail.tsx
    ./app/hand-tracking/layout.tsx @ http://localhost:3000/_next/static/chunks/node_modules_next_dist_1e8vcs8._.js:1052
[  694413ms] [ERROR] ./app/hand-tracking/components/ChainRail.tsx:193:13
Error: Unexpected token. Did you mean `{'}'}` or `&rbrace;`?
  191 |               </div>
  192 |             </div>
> 193 |           ))}
      |             ^
  194 |         </div>
  195 |
  196 |         <div className="ht-legend">

Parsing ecmascript source code failed

Import trace:
  Server Component:
    ./app/hand-tracking/components/ChainRail.tsx
    ./app/hand-tracking/layout.tsx @ http://localhost:3000/_next/static/chunks/node_modules_next_dist_1e8vcs8._.js:1052
[  694476ms] [ERROR] ./app/hand-tracking/components/ChainRail.tsx:196:9
Error: Expression expected
  194 |         </div>
  195 |
> 196 |         <div className="ht-legend">
      |         ^
  197 |           <div className="ht-legend-item">
  198 |             <span className="ht-legend-dot ht-done" /> Completed
  199 |           </div>

Parsing ecmascript source code failed

Import trace:
  Server Component:
    ./app/hand-tracking/components/ChainRail.tsx
    ./app/hand-tracking/layout.tsx @ http://localhost:3000/_next/static/chunks/node_modules_next_dist_1e8vcs8._.js:1052
[  694476ms] [ERROR] ./app/hand-tracking/components/ChainRail.tsx:193:13
Error: Unexpected token. Did you mean `{'}'}` or `&rbrace;`?
  191 |               </div>
  192 |             </div>
> 193 |           ))}
      |             ^
  194 |         </div>
  195 |
  196 |         <div className="ht-legend">

Parsing ecmascript source code failed

Import trace:
  Server Component:
    ./app/hand-tracking/components/ChainRail.tsx
    ./app/hand-tracking/layout.tsx @ http://localhost:3000/_next/static/chunks/node_modules_next_dist_1e8vcs8._.js:1052
[  694538ms] [ERROR] ./app/hand-tracking/components/ChainRail.tsx:196:9
Error: Expression expected
  194 |         </div>
  195 |
> 196 |         <div className="ht-legend">
      |         ^
  197 |           <div className="ht-legend-item">
  198 |             <span className="ht-legend-dot ht-done" /> Completed
  199 |           </div>

Parsing ecmascript source code failed

Import trace:
  Server Component:
    ./app/hand-tracking/components/ChainRail.tsx
    ./app/hand-tracking/layout.tsx @ http://localhost:3000/_next/static/chunks/node_modules_next_dist_1e8vcs8._.js:1052
[  694538ms] [ERROR] ./app/hand-tracking/components/ChainRail.tsx:193:13
Error: Unexpected token. Did you mean `{'}'}` or `&rbrace;`?
  191 |               </div>
  192 |             </div>
> 193 |           ))}
      |             ^
  194 |         </div>
  195 |
  196 |         <div className="ht-legend">

Parsing ecmascript source code failed

Import trace:
  Server Component:
    ./app/hand-tracking/components/ChainRail.tsx
    ./app/hand-tracking/layout.tsx @ http://localhost:3000/_next/static/chunks/node_modules_next_dist_1e8vcs8._.js:1052
[  694599ms] [ERROR] ./app/hand-tracking/components/ChainRail.tsx:196:9
Error: Expression expected
  194 |         </div>
  195 |
> 196 |         <div className="ht-legend">
      |         ^
  197 |           <div className="ht-legend-item">
  198 |             <span className="ht-legend-dot ht-done" /> Completed
  199 |           </div>

Parsing ecmascript source code failed

Import trace:
  Server Component:
    ./app/hand-tracking/components/ChainRail.tsx
    ./app/hand-tracking/layout.tsx @ http://localhost:3000/_next/static/chunks/node_modules_next_dist_1e8vcs8._.js:1052
[  694600ms] [ERROR] ./app/hand-tracking/components/ChainRail.tsx:193:13
Error: Unexpected token. Did you mean `{'}'}` or `&rbrace;`?
  191 |               </div>
  192 |             </div>
> 193 |           ))}
      |             ^
  194 |         </div>
  195 |
  196 |         <div className="ht-legend">

Parsing ecmascript source code failed

Import trace:
  Server Component:
    ./app/hand-tracking/components/ChainRail.tsx
    ./app/hand-tracking/layout.tsx @ http://localhost:3000/_next/static/chunks/node_modules_next_dist_1e8vcs8._.js:1052
[  694661ms] [ERROR] ./app/hand-tracking/components/ChainRail.tsx:196:9
Error: Expression expected
  194 |         </div>
  195 |
> 196 |         <div className="ht-legend">
      |         ^
  197 |           <div className="ht-legend-item">
  198 |             <span className="ht-legend-dot ht-done" /> Completed
  199 |           </div>

Parsing ecmascript source code failed

Import trace:
  Server Component:
    ./app/hand-tracking/components/ChainRail.tsx
    ./app/hand-tracking/layout.tsx @ http://localhost:3000/_next/static/chunks/node_modules_next_dist_1e8vcs8._.js:1052
[  694661ms] [ERROR] ./app/hand-tracking/components/ChainRail.tsx:193:13
Error: Unexpected token. Did you mean `{'}'}` or `&rbrace;`?
  191 |               </div>
  192 |             </div>
> 193 |           ))}
      |             ^
  194 |         </div>
  195 |
  196 |         <div className="ht-legend">

Parsing ecmascript source code failed

Import trace:
  Server Component:
    ./app/hand-tracking/components/ChainRail.tsx
    ./app/hand-tracking/layout.tsx @ http://localhost:3000/_next/static/chunks/node_modules_next_dist_1e8vcs8._.js:1052
[  694724ms] [ERROR] ./app/hand-tracking/components/ChainRail.tsx:196:9
Error: Expression expected
  194 |         </div>
  195 |
> 196 |         <div className="ht-legend">
      |         ^
  197 |           <div className="ht-legend-item">
  198 |             <span className="ht-legend-dot ht-done" /> Completed
  199 |           </div>

Parsing ecmascript source code failed

Import trace:
  Server Component:
    ./app/hand-tracking/components/ChainRail.tsx
    ./app/hand-tracking/layout.tsx @ http://localhost:3000/_next/static/chunks/node_modules_next_dist_1e8vcs8._.js:1052
[  694725ms] [ERROR] ./app/hand-tracking/components/ChainRail.tsx:193:13
Error: Unexpected token. Did you mean `{'}'}` or `&rbrace;`?
  191 |               </div>
  192 |             </div>
> 193 |           ))}
      |             ^
  194 |         </div>
  195 |
  196 |         <div className="ht-legend">

Parsing ecmascript source code failed

Import trace:
  Server Component:
    ./app/hand-tracking/components/ChainRail.tsx
    ./app/hand-tracking/layout.tsx @ http://localhost:3000/_next/static/chunks/node_modules_next_dist_1e8vcs8._.js:1052
[  694785ms] [ERROR] ./app/hand-tracking/components/ChainRail.tsx:196:9
Error: Expression expected
  194 |         </div>
  195 |
> 196 |         <div className="ht-legend">
      |         ^
  197 |           <div className="ht-legend-item">
  198 |             <span className="ht-legend-dot ht-done" /> Completed
  199 |           </div>

Parsing ecmascript source code failed

Import trace:
  Server Component:
    ./app/hand-tracking/components/ChainRail.tsx
    ./app/hand-tracking/layout.tsx @ http://localhost:3000/_next/static/chunks/node_modules_next_dist_1e8vcs8._.js:1052
[  694786ms] [ERROR] ./app/hand-tracking/components/ChainRail.tsx:193:13
Error: Unexpected token. Did you mean `{'}'}` or `&rbrace;`?
  191 |               </div>
  192 |             </div>
> 193 |           ))}
      |             ^
  194 |         </div>
  195 |
  196 |         <div className="ht-legend">

Parsing ecmascript source code failed

Import trace:
  Server Component:
    ./app/hand-tracking/components/ChainRail.tsx
    ./app/hand-tracking/layout.tsx @ http://localhost:3000/_next/static/chunks/node_modules_next_dist_1e8vcs8._.js:1052
[  694850ms] [ERROR] ./app/hand-tracking/components/ChainRail.tsx:196:9
Error: Expression expected
  194 |         </div>
  195 |
> 196 |         <div className="ht-legend">
      |         ^
  197 |           <div className="ht-legend-item">
  198 |             <span className="ht-legend-dot ht-done" /> Completed
  199 |           </div>

Parsing ecmascript source code failed

Import trace:
  Server Component:
    ./app/hand-tracking/components/ChainRail.tsx
    ./app/hand-tracking/layout.tsx @ http://localhost:3000/_next/static/chunks/node_modules_next_dist_1e8vcs8._.js:1052
[  694850ms] [ERROR] ./app/hand-tracking/components/ChainRail.tsx:193:13
Error: Unexpected token. Did you mean `{'}'}` or `&rbrace;`?
  191 |               </div>
  192 |             </div>
> 193 |           ))}
      |             ^
  194 |         </div>
  195 |
  196 |         <div className="ht-legend">

Parsing ecmascript source code failed

Import trace:
  Server Component:
    ./app/hand-tracking/components/ChainRail.tsx
    ./app/hand-tracking/layout.tsx @ http://localhost:3000/_next/static/chunks/node_modules_next_dist_1e8vcs8._.js:1052
[  694911ms] [ERROR] ./app/hand-tracking/components/ChainRail.tsx:196:9
Error: Expression expected
  194 |         </div>
  195 |
> 196 |         <div className="ht-legend">
      |         ^
  197 |           <div className="ht-legend-item">
  198 |             <span className="ht-legend-dot ht-done" /> Completed
  199 |           </div>

Parsing ecmascript source code failed

Import trace:
  Server Component:
    ./app/hand-tracking/components/ChainRail.tsx
    ./app/hand-tracking/layout.tsx @ http://localhost:3000/_next/static/chunks/node_modules_next_dist_1e8vcs8._.js:1052
[  694912ms] [ERROR] ./app/hand-tracking/components/ChainRail.tsx:193:13
Error: Unexpected token. Did you mean `{'}'}` or `&rbrace;`?
  191 |               </div>
  192 |             </div>
> 193 |           ))}
      |             ^
  194 |         </div>
  195 |
  196 |         <div className="ht-legend">

Parsing ecmascript source code failed

Import trace:
  Server Component:
    ./app/hand-tracking/components/ChainRail.tsx
    ./app/hand-tracking/layout.tsx @ http://localhost:3000/_next/static/chunks/node_modules_next_dist_1e8vcs8._.js:1052
[  694975ms] [ERROR] ./app/hand-tracking/components/ChainRail.tsx:196:9
Error: Expression expected
  194 |         </div>
  195 |
> 196 |         <div className="ht-legend">
      |         ^
  197 |           <div className="ht-legend-item">
  198 |             <span className="ht-legend-dot ht-done" /> Completed
  199 |           </div>

Parsing ecmascript source code failed

Import trace:
  Server Component:
    ./app/hand-tracking/components/ChainRail.tsx
    ./app/hand-tracking/layout.tsx @ http://localhost:3000/_next/static/chunks/node_modules_next_dist_1e8vcs8._.js:1052
[  694975ms] [ERROR] ./app/hand-tracking/components/ChainRail.tsx:193:13
Error: Unexpected token. Did you mean `{'}'}` or `&rbrace;`?
  191 |               </div>
  192 |             </div>
> 193 |           ))}
      |             ^
  194 |         </div>
  195 |
  196 |         <div className="ht-legend">

Parsing ecmascript source code failed

Import trace:
  Server Component:
    ./app/hand-tracking/components/ChainRail.tsx
    ./app/hand-tracking/layout.tsx @ http://localhost:3000/_next/static/chunks/node_modules_next_dist_1e8vcs8._.js:1052
[  695035ms] [ERROR] ./app/hand-tracking/components/ChainRail.tsx:196:9
Error: Expression expected
  194 |         </div>
  195 |
> 196 |         <div className="ht-legend">
      |         ^
  197 |           <div className="ht-legend-item">
  198 |             <span className="ht-legend-dot ht-done" /> Completed
  199 |           </div>

Parsing ecmascript source code failed

Import trace:
  Server Component:
    ./app/hand-tracking/components/ChainRail.tsx
    ./app/hand-tracking/layout.tsx @ http://localhost:3000/_next/static/chunks/node_modules_next_dist_1e8vcs8._.js:1052
[  695035ms] [ERROR] ./app/hand-tracking/components/ChainRail.tsx:193:13
Error: Unexpected token. Did you mean `{'}'}` or `&rbrace;`?
  191 |               </div>
  192 |             </div>
> 193 |           ))}
      |             ^
  194 |         </div>
  195 |
  196 |         <div className="ht-legend">

Parsing ecmascript source code failed

Import trace:
  Server Component:
    ./app/hand-tracking/components/ChainRail.tsx
    ./app/hand-tracking/layout.tsx @ http://localhost:3000/_next/static/chunks/node_modules_next_dist_1e8vcs8._.js:1052
[  695096ms] [ERROR] ./app/hand-tracking/components/ChainRail.tsx:196:9
Error: Expression expected
  194 |         </div>
  195 |
> 196 |         <div className="ht-legend">
      |         ^
  197 |           <div className="ht-legend-item">
  198 |             <span className="ht-legend-dot ht-done" /> Completed
  199 |           </div>

Parsing ecmascript source code failed

Import trace:
  Server Component:
    ./app/hand-tracking/components/ChainRail.tsx
    ./app/hand-tracking/layout.tsx @ http://localhost:3000/_next/static/chunks/node_modules_next_dist_1e8vcs8._.js:1052
[  695096ms] [ERROR] ./app/hand-tracking/components/ChainRail.tsx:193:13
Error: Unexpected token. Did you mean `{'}'}` or `&rbrace;`?
  191 |               </div>
  192 |             </div>
> 193 |           ))}
      |             ^
  194 |         </div>
  195 |
  196 |         <div className="ht-legend">

Parsing ecmascript source code failed

Import trace:
  Server Component:
    ./app/hand-tracking/components/ChainRail.tsx
    ./app/hand-tracking/layout.tsx @ http://localhost:3000/_next/static/chunks/node_modules_next_dist_1e8vcs8._.js:1052
[  695158ms] [ERROR] ./app/hand-tracking/components/ChainRail.tsx:196:9
Error: Expression expected
  194 |         </div>
  195 |
> 196 |         <div className="ht-legend">
      |         ^
  197 |           <div className="ht-legend-item">
  198 |             <span className="ht-legend-dot ht-done" /> Completed
  199 |           </div>

Parsing ecmascript source code failed

Import trace:
  Server Component:
    ./app/hand-tracking/components/ChainRail.tsx
    ./app/hand-tracking/layout.tsx @ http://localhost:3000/_next/static/chunks/node_modules_next_dist_1e8vcs8._.js:1052
[  695159ms] [ERROR] ./app/hand-tracking/components/ChainRail.tsx:193:13
Error: Unexpected token. Did you mean `{'}'}` or `&rbrace;`?
  191 |               </div>
  192 |             </div>
> 193 |           ))}
      |             ^
  194 |         </div>
  195 |
  196 |         <div className="ht-legend">

Parsing ecmascript source code failed

Import trace:
  Server Component:
    ./app/hand-tracking/components/ChainRail.tsx
    ./app/hand-tracking/layout.tsx @ http://localhost:3000/_next/static/chunks/node_modules_next_dist_1e8vcs8._.js:1052
[  695221ms] [ERROR] ./app/hand-tracking/components/ChainRail.tsx:196:9
Error: Expression expected
  194 |         </div>
  195 |
> 196 |         <div className="ht-legend">
      |         ^
  197 |           <div className="ht-legend-item">
  198 |             <span className="ht-legend-dot ht-done" /> Completed
  199 |           </div>

Parsing ecmascript source code failed

Import trace:
  Server Component:
    ./app/hand-tracking/components/ChainRail.tsx
    ./app/hand-tracking/layout.tsx @ http://localhost:3000/_next/static/chunks/node_modules_next_dist_1e8vcs8._.js:1052
[  695221ms] [ERROR] ./app/hand-tracking/components/ChainRail.tsx:193:13
Error: Unexpected token. Did you mean `{'}'}` or `&rbrace;`?
  191 |               </div>
  192 |             </div>
> 193 |           ))}
      |             ^
  194 |         </div>
  195 |
  196 |         <div className="ht-legend">

Parsing ecmascript source code failed

Import trace:
  Server Component:
    ./app/hand-tracking/components/ChainRail.tsx
    ./app/hand-tracking/layout.tsx @ http://localhost:3000/_next/static/chunks/node_modules_next_dist_1e8vcs8._.js:1052
[  695282ms] [ERROR] ./app/hand-tracking/components/ChainRail.tsx:196:9
Error: Expression expected
  194 |         </div>
  195 |
> 196 |         <div className="ht-legend">
      |         ^
  197 |           <div className="ht-legend-item">
  198 |             <span className="ht-legend-dot ht-done" /> Completed
  199 |           </div>

Parsing ecmascript source code failed

Import trace:
  Server Component:
    ./app/hand-tracking/components/ChainRail.tsx
    ./app/hand-tracking/layout.tsx @ http://localhost:3000/_next/static/chunks/node_modules_next_dist_1e8vcs8._.js:1052
[  695283ms] [ERROR] ./app/hand-tracking/components/ChainRail.tsx:193:13
Error: Unexpected token. Did you mean `{'}'}` or `&rbrace;`?
  191 |               </div>
  192 |             </div>
> 193 |           ))}
      |             ^
  194 |         </div>
  195 |
  196 |         <div className="ht-legend">

Parsing ecmascript source code failed

Import trace:
  Server Component:
    ./app/hand-tracking/components/ChainRail.tsx
    ./app/hand-tracking/layout.tsx @ http://localhost:3000/_next/static/chunks/node_modules_next_dist_1e8vcs8._.js:1052
[  695345ms] [ERROR] ./app/hand-tracking/components/ChainRail.tsx:196:9
Error: Expression expected
  194 |         </div>
  195 |
> 196 |         <div className="ht-legend">
      |         ^
  197 |           <div className="ht-legend-item">
  198 |             <span className="ht-legend-dot ht-done" /> Completed
  199 |           </div>

Parsing ecmascript source code failed

Import trace:
  Server Component:
    ./app/hand-tracking/components/ChainRail.tsx
    ./app/hand-tracking/layout.tsx @ http://localhost:3000/_next/static/chunks/node_modules_next_dist_1e8vcs8._.js:1052
[  695345ms] [ERROR] ./app/hand-tracking/components/ChainRail.tsx:193:13
Error: Unexpected token. Did you mean `{'}'}` or `&rbrace;`?
  191 |               </div>
  192 |             </div>
> 193 |           ))}
      |             ^
  194 |         </div>
  195 |
  196 |         <div className="ht-legend">

Parsing ecmascript source code failed

Import trace:
  Server Component:
    ./app/hand-tracking/components/ChainRail.tsx
    ./app/hand-tracking/layout.tsx @ http://localhost:3000/_next/static/chunks/node_modules_next_dist_1e8vcs8._.js:1052
[  695409ms] [ERROR] ./app/hand-tracking/components/ChainRail.tsx:196:9
Error: Expression expected
  194 |         </div>
  195 |
> 196 |         <div className="ht-legend">
      |         ^
  197 |           <div className="ht-legend-item">
  198 |             <span className="ht-legend-dot ht-done" /> Completed
  199 |           </div>

Parsing ecmascript source code failed

Import trace:
  Server Component:
    ./app/hand-tracking/components/ChainRail.tsx
    ./app/hand-tracking/layout.tsx @ http://localhost:3000/_next/static/chunks/node_modules_next_dist_1e8vcs8._.js:1052
[  695409ms] [ERROR] ./app/hand-tracking/components/ChainRail.tsx:193:13
Error: Unexpected token. Did you mean `{'}'}` or `&rbrace;`?
  191 |               </div>
  192 |             </div>
> 193 |           ))}
      |             ^
  194 |         </div>
  195 |
  196 |         <div className="ht-legend">

Parsing ecmascript source code failed

Import trace:
  Server Component:
    ./app/hand-tracking/components/ChainRail.tsx
    ./app/hand-tracking/layout.tsx @ http://localhost:3000/_next/static/chunks/node_modules_next_dist_1e8vcs8._.js:1052
[  695471ms] [ERROR] ./app/hand-tracking/components/ChainRail.tsx:196:9
Error: Expression expected
  194 |         </div>
  195 |
> 196 |         <div className="ht-legend">
      |         ^
  197 |           <div className="ht-legend-item">
  198 |             <span className="ht-legend-dot ht-done" /> Completed
  199 |           </div>

Parsing ecmascript source code failed

Import trace:
  Server Component:
    ./app/hand-tracking/components/ChainRail.tsx
    ./app/hand-tracking/layout.tsx @ http://localhost:3000/_next/static/chunks/node_modules_next_dist_1e8vcs8._.js:1052
[  695471ms] [ERROR] ./app/hand-tracking/components/ChainRail.tsx:193:13
Error: Unexpected token. Did you mean `{'}'}` or `&rbrace;`?
  191 |               </div>
  192 |             </div>
> 193 |           ))}
      |             ^
  194 |         </div>
  195 |
  196 |         <div className="ht-legend">

Parsing ecmascript source code failed

Import trace:
  Server Component:
    ./app/hand-tracking/components/ChainRail.tsx
    ./app/hand-tracking/layout.tsx @ http://localhost:3000/_next/static/chunks/node_modules_next_dist_1e8vcs8._.js:1052
[  695533ms] [ERROR] ./app/hand-tracking/components/ChainRail.tsx:196:9
Error: Expression expected
  194 |         </div>
  195 |
> 196 |         <div className="ht-legend">
      |         ^
  197 |           <div className="ht-legend-item">
  198 |             <span className="ht-legend-dot ht-done" /> Completed
  199 |           </div>

Parsing ecmascript source code failed

Import trace:
  Server Component:
    ./app/hand-tracking/components/ChainRail.tsx
    ./app/hand-tracking/layout.tsx @ http://localhost:3000/_next/static/chunks/node_modules_next_dist_1e8vcs8._.js:1052
[  695534ms] [ERROR] ./app/hand-tracking/components/ChainRail.tsx:193:13
Error: Unexpected token. Did you mean `{'}'}` or `&rbrace;`?
  191 |               </div>
  192 |             </div>
> 193 |           ))}
      |             ^
  194 |         </div>
  195 |
  196 |         <div className="ht-legend">

Parsing ecmascript source code failed

Import trace:
  Server Component:
    ./app/hand-tracking/components/ChainRail.tsx
    ./app/hand-tracking/layout.tsx @ http://localhost:3000/_next/static/chunks/node_modules_next_dist_1e8vcs8._.js:1052
[  695595ms] [ERROR] ./app/hand-tracking/components/ChainRail.tsx:196:9
Error: Expression expected
  194 |         </div>
  195 |
> 196 |         <div className="ht-legend">
      |         ^
  197 |           <div className="ht-legend-item">
  198 |             <span className="ht-legend-dot ht-done" /> Completed
  199 |           </div>

Parsing ecmascript source code failed

Import trace:
  Server Component:
    ./app/hand-tracking/components/ChainRail.tsx
    ./app/hand-tracking/layout.tsx @ http://localhost:3000/_next/static/chunks/node_modules_next_dist_1e8vcs8._.js:1052
[  695596ms] [ERROR] ./app/hand-tracking/components/ChainRail.tsx:193:13
Error: Unexpected token. Did you mean `{'}'}` or `&rbrace;`?
  191 |               </div>
  192 |             </div>
> 193 |           ))}
      |             ^
  194 |         </div>
  195 |
  196 |         <div className="ht-legend">

Parsing ecmascript source code failed

Import trace:
  Server Component:
    ./app/hand-tracking/components/ChainRail.tsx
    ./app/hand-tracking/layout.tsx @ http://localhost:3000/_next/static/chunks/node_modules_next_dist_1e8vcs8._.js:1052
[  695657ms] [ERROR] ./app/hand-tracking/components/ChainRail.tsx:196:9
Error: Expression expected
  194 |         </div>
  195 |
> 196 |         <div className="ht-legend">
      |         ^
  197 |           <div className="ht-legend-item">
  198 |             <span className="ht-legend-dot ht-done" /> Completed
  199 |           </div>

Parsing ecmascript source code failed

Import trace:
  Server Component:
    ./app/hand-tracking/components/ChainRail.tsx
    ./app/hand-tracking/layout.tsx @ http://localhost:3000/_next/static/chunks/node_modules_next_dist_1e8vcs8._.js:1052
[  695658ms] [ERROR] ./app/hand-tracking/components/ChainRail.tsx:193:13
Error: Unexpected token. Did you mean `{'}'}` or `&rbrace;`?
  191 |               </div>
  192 |             </div>
> 193 |           ))}
      |             ^
  194 |         </div>
  195 |
  196 |         <div className="ht-legend">

Parsing ecmascript source code failed

Import trace:
  Server Component:
    ./app/hand-tracking/components/ChainRail.tsx
    ./app/hand-tracking/layout.tsx @ http://localhost:3000/_next/static/chunks/node_modules_next_dist_1e8vcs8._.js:1052
[  695721ms] [ERROR] ./app/hand-tracking/components/ChainRail.tsx:196:9
Error: Expression expected
  194 |         </div>
  195 |
> 196 |         <div className="ht-legend">
      |         ^
  197 |           <div className="ht-legend-item">
  198 |             <span className="ht-legend-dot ht-done" /> Completed
  199 |           </div>

Parsing ecmascript source code failed

Import trace:
  Server Component:
    ./app/hand-tracking/components/ChainRail.tsx
    ./app/hand-tracking/layout.tsx @ http://localhost:3000/_next/static/chunks/node_modules_next_dist_1e8vcs8._.js:1052
[  695721ms] [ERROR] ./app/hand-tracking/components/ChainRail.tsx:193:13
Error: Unexpected token. Did you mean `{'}'}` or `&rbrace;`?
  191 |               </div>
  192 |             </div>
> 193 |           ))}
      |             ^
  194 |         </div>
  195 |
  196 |         <div className="ht-legend">

Parsing ecmascript source code failed

Import trace:
  Server Component:
    ./app/hand-tracking/components/ChainRail.tsx
    ./app/hand-tracking/layout.tsx @ http://localhost:3000/_next/static/chunks/node_modules_next_dist_1e8vcs8._.js:1052
[  695802ms] [ERROR] ./app/hand-tracking/components/ChainRail.tsx:196:9
Error: Expression expected
  194 |         </div>
  195 |
> 196 |         <div className="ht-legend">
      |         ^
  197 |           <div className="ht-legend-item">
  198 |             <span className="ht-legend-dot ht-done" /> Completed
  199 |           </div>

Parsing ecmascript source code failed

Import trace:
  Server Component:
    ./app/hand-tracking/components/ChainRail.tsx
    ./app/hand-tracking/layout.tsx @ http://localhost:3000/_next/static/chunks/node_modules_next_dist_1e8vcs8._.js:1052
[  695803ms] [ERROR] ./app/hand-tracking/components/ChainRail.tsx:193:13
Error: Unexpected token. Did you mean `{'}'}` or `&rbrace;`?
  191 |               </div>
  192 |             </div>
> 193 |           ))}
      |             ^
  194 |         </div>
  195 |
  196 |         <div className="ht-legend">

Parsing ecmascript source code failed

Import trace:
  Server Component:
    ./app/hand-tracking/components/ChainRail.tsx
    ./app/hand-tracking/layout.tsx @ http://localhost:3000/_next/static/chunks/node_modules_next_dist_1e8vcs8._.js:1052
[  695863ms] [ERROR] ./app/hand-tracking/components/ChainRail.tsx:196:9
Error: Expression expected
  194 |         </div>
  195 |
> 196 |         <div className="ht-legend">
      |         ^
  197 |           <div className="ht-legend-item">
  198 |             <span className="ht-legend-dot ht-done" /> Completed
  199 |           </div>

Parsing ecmascript source code failed

Import trace:
  Server Component:
    ./app/hand-tracking/components/ChainRail.tsx
    ./app/hand-tracking/layout.tsx @ http://localhost:3000/_next/static/chunks/node_modules_next_dist_1e8vcs8._.js:1052
[  695864ms] [ERROR] ./app/hand-tracking/components/ChainRail.tsx:193:13
Error: Unexpected token. Did you mean `{'}'}` or `&rbrace;`?
  191 |               </div>
  192 |             </div>
> 193 |           ))}
      |             ^
  194 |         </div>
  195 |
  196 |         <div className="ht-legend">

Parsing ecmascript source code failed

Import trace:
  Server Component:
    ./app/hand-tracking/components/ChainRail.tsx
    ./app/hand-tracking/layout.tsx @ http://localhost:3000/_next/static/chunks/node_modules_next_dist_1e8vcs8._.js:1052
[  695926ms] [ERROR] ./app/hand-tracking/components/ChainRail.tsx:196:9
Error: Expression expected
  194 |         </div>
  195 |
> 196 |         <div className="ht-legend">
      |         ^
  197 |           <div className="ht-legend-item">
  198 |             <span className="ht-legend-dot ht-done" /> Completed
  199 |           </div>

Parsing ecmascript source code failed

Import trace:
  Server Component:
    ./app/hand-tracking/components/ChainRail.tsx
    ./app/hand-tracking/layout.tsx @ http://localhost:3000/_next/static/chunks/node_modules_next_dist_1e8vcs8._.js:1052
[  695926ms] [ERROR] ./app/hand-tracking/components/ChainRail.tsx:193:13
Error: Unexpected token. Did you mean `{'}'}` or `&rbrace;`?
  191 |               </div>
  192 |             </div>
> 193 |           ))}
      |             ^
  194 |         </div>
  195 |
  196 |         <div className="ht-legend">

Parsing ecmascript source code failed

Import trace:
  Server Component:
    ./app/hand-tracking/components/ChainRail.tsx
    ./app/hand-tracking/layout.tsx @ http://localhost:3000/_next/static/chunks/node_modules_next_dist_1e8vcs8._.js:1052
[  695987ms] [ERROR] ./app/hand-tracking/components/ChainRail.tsx:196:9
Error: Expression expected
  194 |         </div>
  195 |
> 196 |         <div className="ht-legend">
      |         ^
  197 |           <div className="ht-legend-item">
  198 |             <span className="ht-legend-dot ht-done" /> Completed
  199 |           </div>

Parsing ecmascript source code failed

Import trace:
  Server Component:
    ./app/hand-tracking/components/ChainRail.tsx
    ./app/hand-tracking/layout.tsx @ http://localhost:3000/_next/static/chunks/node_modules_next_dist_1e8vcs8._.js:1052
[  695987ms] [ERROR] ./app/hand-tracking/components/ChainRail.tsx:193:13
Error: Unexpected token. Did you mean `{'}'}` or `&rbrace;`?
  191 |               </div>
  192 |             </div>
> 193 |           ))}
      |             ^
  194 |         </div>
  195 |
  196 |         <div className="ht-legend">

Parsing ecmascript source code failed

Import trace:
  Server Component:
    ./app/hand-tracking/components/ChainRail.tsx
    ./app/hand-tracking/layout.tsx @ http://localhost:3000/_next/static/chunks/node_modules_next_dist_1e8vcs8._.js:1052
[  696049ms] [ERROR] ./app/hand-tracking/components/ChainRail.tsx:196:9
Error: Expression expected
  194 |         </div>
  195 |
> 196 |         <div className="ht-legend">
      |         ^
  197 |           <div className="ht-legend-item">
  198 |             <span className="ht-legend-dot ht-done" /> Completed
  199 |           </div>

Parsing ecmascript source code failed

Import trace:
  Server Component:
    ./app/hand-tracking/components/ChainRail.tsx
    ./app/hand-tracking/layout.tsx @ http://localhost:3000/_next/static/chunks/node_modules_next_dist_1e8vcs8._.js:1052
[  696050ms] [ERROR] ./app/hand-tracking/components/ChainRail.tsx:193:13
Error: Unexpected token. Did you mean `{'}'}` or `&rbrace;`?
  191 |               </div>
  192 |             </div>
> 193 |           ))}
      |             ^
  194 |         </div>
  195 |
  196 |         <div className="ht-legend">

Parsing ecmascript source code failed

Import trace:
  Server Component:
    ./app/hand-tracking/components/ChainRail.tsx
    ./app/hand-tracking/layout.tsx @ http://localhost:3000/_next/static/chunks/node_modules_next_dist_1e8vcs8._.js:1052
[  696112ms] [ERROR] ./app/hand-tracking/components/ChainRail.tsx:196:9
Error: Expression expected
  194 |         </div>
  195 |
> 196 |         <div className="ht-legend">
      |         ^
  197 |           <div className="ht-legend-item">
  198 |             <span className="ht-legend-dot ht-done" /> Completed
  199 |           </div>

Parsing ecmascript source code failed

Import trace:
  Server Component:
    ./app/hand-tracking/components/ChainRail.tsx
    ./app/hand-tracking/layout.tsx @ http://localhost:3000/_next/static/chunks/node_modules_next_dist_1e8vcs8._.js:1052
[  696112ms] [ERROR] ./app/hand-tracking/components/ChainRail.tsx:193:13
Error: Unexpected token. Did you mean `{'}'}` or `&rbrace;`?
  191 |               </div>
  192 |             </div>
> 193 |           ))}
      |             ^
  194 |         </div>
  195 |
  196 |         <div className="ht-legend">

Parsing ecmascript source code failed

Import trace:
  Server Component:
    ./app/hand-tracking/components/ChainRail.tsx
    ./app/hand-tracking/layout.tsx @ http://localhost:3000/_next/static/chunks/node_modules_next_dist_1e8vcs8._.js:1052
[  696174ms] [ERROR] ./app/hand-tracking/components/ChainRail.tsx:196:9
Error: Expression expected
  194 |         </div>
  195 |
> 196 |         <div className="ht-legend">
      |         ^
  197 |           <div className="ht-legend-item">
  198 |             <span className="ht-legend-dot ht-done" /> Completed
  199 |           </div>

Parsing ecmascript source code failed

Import trace:
  Server Component:
    ./app/hand-tracking/components/ChainRail.tsx
    ./app/hand-tracking/layout.tsx @ http://localhost:3000/_next/static/chunks/node_modules_next_dist_1e8vcs8._.js:1052
[  696174ms] [ERROR] ./app/hand-tracking/components/ChainRail.tsx:193:13
Error: Unexpected token. Did you mean `{'}'}` or `&rbrace;`?
  191 |               </div>
  192 |             </div>
> 193 |           ))}
      |             ^
  194 |         </div>
  195 |
  196 |         <div className="ht-legend">

Parsing ecmascript source code failed

Import trace:
  Server Component:
    ./app/hand-tracking/components/ChainRail.tsx
    ./app/hand-tracking/layout.tsx @ http://localhost:3000/_next/static/chunks/node_modules_next_dist_1e8vcs8._.js:1052
[  696236ms] [ERROR] ./app/hand-tracking/components/ChainRail.tsx:196:9
Error: Expression expected
  194 |         </div>
  195 |
> 196 |         <div className="ht-legend">
      |         ^
  197 |           <div className="ht-legend-item">
  198 |             <span className="ht-legend-dot ht-done" /> Completed
  199 |           </div>

Parsing ecmascript source code failed

Import trace:
  Server Component:
    ./app/hand-tracking/components/ChainRail.tsx
    ./app/hand-tracking/layout.tsx @ http://localhost:3000/_next/static/chunks/node_modules_next_dist_1e8vcs8._.js:1052
[  696236ms] [ERROR] ./app/hand-tracking/components/ChainRail.tsx:193:13
Error: Unexpected token. Did you mean `{'}'}` or `&rbrace;`?
  191 |               </div>
  192 |             </div>
> 193 |           ))}
      |             ^
  194 |         </div>
  195 |
  196 |         <div className="ht-legend">

Parsing ecmascript source code failed

Import trace:
  Server Component:
    ./app/hand-tracking/components/ChainRail.tsx
    ./app/hand-tracking/layout.tsx @ http://localhost:3000/_next/static/chunks/node_modules_next_dist_1e8vcs8._.js:1052
[  696299ms] [ERROR] ./app/hand-tracking/components/ChainRail.tsx:196:9
Error: Expression expected
  194 |         </div>
  195 |
> 196 |         <div className="ht-legend">
      |         ^
  197 |           <div className="ht-legend-item">
  198 |             <span className="ht-legend-dot ht-done" /> Completed
  199 |           </div>

Parsing ecmascript source code failed

Import trace:
  Server Component:
    ./app/hand-tracking/components/ChainRail.tsx
    ./app/hand-tracking/layout.tsx @ http://localhost:3000/_next/static/chunks/node_modules_next_dist_1e8vcs8._.js:1052
[  696299ms] [ERROR] ./app/hand-tracking/components/ChainRail.tsx:193:13
Error: Unexpected token. Did you mean `{'}'}` or `&rbrace;`?
  191 |               </div>
  192 |             </div>
> 193 |           ))}
      |             ^
  194 |         </div>
  195 |
  196 |         <div className="ht-legend">

Parsing ecmascript source code failed

Import trace:
  Server Component:
    ./app/hand-tracking/components/ChainRail.tsx
    ./app/hand-tracking/layout.tsx @ http://localhost:3000/_next/static/chunks/node_modules_next_dist_1e8vcs8._.js:1052
[  696360ms] [ERROR] ./app/hand-tracking/components/ChainRail.tsx:196:9
Error: Expression expected
  194 |         </div>
  195 |
> 196 |         <div className="ht-legend">
      |         ^
  197 |           <div className="ht-legend-item">
  198 |             <span className="ht-legend-dot ht-done" /> Completed
  199 |           </div>

Parsing ecmascript source code failed

Import trace:
  Server Component:
    ./app/hand-tracking/components/ChainRail.tsx
    ./app/hand-tracking/layout.tsx @ http://localhost:3000/_next/static/chunks/node_modules_next_dist_1e8vcs8._.js:1052
[  696361ms] [ERROR] ./app/hand-tracking/components/ChainRail.tsx:193:13
Error: Unexpected token. Did you mean `{'}'}` or `&rbrace;`?
  191 |               </div>
  192 |             </div>
> 193 |           ))}
      |             ^
  194 |         </div>
  195 |
  196 |         <div className="ht-legend">

Parsing ecmascript source code failed

Import trace:
  Server Component:
    ./app/hand-tracking/components/ChainRail.tsx
    ./app/hand-tracking/layout.tsx @ http://localhost:3000/_next/static/chunks/node_modules_next_dist_1e8vcs8._.js:1052
[  696421ms] [ERROR] ./app/hand-tracking/components/ChainRail.tsx:196:9
Error: Expression expected
  194 |         </div>
  195 |
> 196 |         <div className="ht-legend">
      |         ^
  197 |           <div className="ht-legend-item">
  198 |             <span className="ht-legend-dot ht-done" /> Completed
  199 |           </div>

Parsing ecmascript source code failed

Import trace:
  Server Component:
    ./app/hand-tracking/components/ChainRail.tsx
    ./app/hand-tracking/layout.tsx @ http://localhost:3000/_next/static/chunks/node_modules_next_dist_1e8vcs8._.js:1052
[  696422ms] [ERROR] ./app/hand-tracking/components/ChainRail.tsx:193:13
Error: Unexpected token. Did you mean `{'}'}` or `&rbrace;`?
  191 |               </div>
  192 |             </div>
> 193 |           ))}
      |             ^
  194 |         </div>
  195 |
  196 |         <div className="ht-legend">

Parsing ecmascript source code failed

Import trace:
  Server Component:
    ./app/hand-tracking/components/ChainRail.tsx
    ./app/hand-tracking/layout.tsx @ http://localhost:3000/_next/static/chunks/node_modules_next_dist_1e8vcs8._.js:1052
[  696485ms] [ERROR] ./app/hand-tracking/components/ChainRail.tsx:196:9
Error: Expression expected
  194 |         </div>
  195 |
> 196 |         <div className="ht-legend">
      |         ^
  197 |           <div className="ht-legend-item">
  198 |             <span className="ht-legend-dot ht-done" /> Completed
  199 |           </div>

Parsing ecmascript source code failed

Import trace:
  Server Component:
    ./app/hand-tracking/components/ChainRail.tsx
    ./app/hand-tracking/layout.tsx @ http://localhost:3000/_next/static/chunks/node_modules_next_dist_1e8vcs8._.js:1052
[  696486ms] [ERROR] ./app/hand-tracking/components/ChainRail.tsx:193:13
Error: Unexpected token. Did you mean `{'}'}` or `&rbrace;`?
  191 |               </div>
  192 |             </div>
> 193 |           ))}
      |             ^
  194 |         </div>
  195 |
  196 |         <div className="ht-legend">

Parsing ecmascript source code failed

Import trace:
  Server Component:
    ./app/hand-tracking/components/ChainRail.tsx
    ./app/hand-tracking/layout.tsx @ http://localhost:3000/_next/static/chunks/node_modules_next_dist_1e8vcs8._.js:1052
[  696549ms] [ERROR] ./app/hand-tracking/components/ChainRail.tsx:196:9
Error: Expression expected
  194 |         </div>
  195 |
> 196 |         <div className="ht-legend">
      |         ^
  197 |           <div className="ht-legend-item">
  198 |             <span className="ht-legend-dot ht-done" /> Completed
  199 |           </div>

Parsing ecmascript source code failed

Import trace:
  Server Component:
    ./app/hand-tracking/components/ChainRail.tsx
    ./app/hand-tracking/layout.tsx @ http://localhost:3000/_next/static/chunks/node_modules_next_dist_1e8vcs8._.js:1052
[  696550ms] [ERROR] ./app/hand-tracking/components/ChainRail.tsx:193:13
Error: Unexpected token. Did you mean `{'}'}` or `&rbrace;`?
  191 |               </div>
  192 |             </div>
> 193 |           ))}
      |             ^
  194 |         </div>
  195 |
  196 |         <div className="ht-legend">

Parsing ecmascript source code failed

Import trace:
  Server Component:
    ./app/hand-tracking/components/ChainRail.tsx
    ./app/hand-tracking/layout.tsx @ http://localhost:3000/_next/static/chunks/node_modules_next_dist_1e8vcs8._.js:1052
[  696611ms] [ERROR] ./app/hand-tracking/components/ChainRail.tsx:196:9
Error: Expression expected
  194 |         </div>
  195 |
> 196 |         <div className="ht-legend">
      |         ^
  197 |           <div className="ht-legend-item">
  198 |             <span className="ht-legend-dot ht-done" /> Completed
  199 |           </div>

Parsing ecmascript source code failed

Import trace:
  Server Component:
    ./app/hand-tracking/components/ChainRail.tsx
    ./app/hand-tracking/layout.tsx @ http://localhost:3000/_next/static/chunks/node_modules_next_dist_1e8vcs8._.js:1052
[  696611ms] [ERROR] ./app/hand-tracking/components/ChainRail.tsx:193:13
Error: Unexpected token. Did you mean `{'}'}` or `&rbrace;`?
  191 |               </div>
  192 |             </div>
> 193 |           ))}
      |             ^
  194 |         </div>
  195 |
  196 |         <div className="ht-legend">

Parsing ecmascript source code failed

Import trace:
  Server Component:
    ./app/hand-tracking/components/ChainRail.tsx
    ./app/hand-tracking/layout.tsx @ http://localhost:3000/_next/static/chunks/node_modules_next_dist_1e8vcs8._.js:1052
[  696676ms] [ERROR] ./app/hand-tracking/components/ChainRail.tsx:196:9
Error: Expression expected
  194 |         </div>
  195 |
> 196 |         <div className="ht-legend">
      |         ^
  197 |           <div className="ht-legend-item">
  198 |             <span className="ht-legend-dot ht-done" /> Completed
  199 |           </div>

Parsing ecmascript source code failed

Import trace:
  Server Component:
    ./app/hand-tracking/components/ChainRail.tsx
    ./app/hand-tracking/layout.tsx @ http://localhost:3000/_next/static/chunks/node_modules_next_dist_1e8vcs8._.js:1052
[  696676ms] [ERROR] ./app/hand-tracking/components/ChainRail.tsx:193:13
Error: Unexpected token. Did you mean `{'}'}` or `&rbrace;`?
  191 |               </div>
  192 |             </div>
> 193 |           ))}
      |             ^
  194 |         </div>
  195 |
  196 |         <div className="ht-legend">

Parsing ecmascript source code failed

Import trace:
  Server Component:
    ./app/hand-tracking/components/ChainRail.tsx
    ./app/hand-tracking/layout.tsx @ http://localhost:3000/_next/static/chunks/node_modules_next_dist_1e8vcs8._.js:1052
[  696736ms] [ERROR] ./app/hand-tracking/components/ChainRail.tsx:196:9
Error: Expression expected
  194 |         </div>
  195 |
> 196 |         <div className="ht-legend">
      |         ^
  197 |           <div className="ht-legend-item">
  198 |             <span className="ht-legend-dot ht-done" /> Completed
  199 |           </div>

Parsing ecmascript source code failed

Import trace:
  Server Component:
    ./app/hand-tracking/components/ChainRail.tsx
    ./app/hand-tracking/layout.tsx @ http://localhost:3000/_next/static/chunks/node_modules_next_dist_1e8vcs8._.js:1052
[  696737ms] [ERROR] ./app/hand-tracking/components/ChainRail.tsx:193:13
Error: Unexpected token. Did you mean `{'}'}` or `&rbrace;`?
  191 |               </div>
  192 |             </div>
> 193 |           ))}
      |             ^
  194 |         </div>
  195 |
  196 |         <div className="ht-legend">

Parsing ecmascript source code failed

Import trace:
  Server Component:
    ./app/hand-tracking/components/ChainRail.tsx
    ./app/hand-tracking/layout.tsx @ http://localhost:3000/_next/static/chunks/node_modules_next_dist_1e8vcs8._.js:1052
[  696798ms] [ERROR] ./app/hand-tracking/components/ChainRail.tsx:196:9
Error: Expression expected
  194 |         </div>
  195 |
> 196 |         <div className="ht-legend">
      |         ^
  197 |           <div className="ht-legend-item">
  198 |             <span className="ht-legend-dot ht-done" /> Completed
  199 |           </div>

Parsing ecmascript source code failed

Import trace:
  Server Component:
    ./app/hand-tracking/components/ChainRail.tsx
    ./app/hand-tracking/layout.tsx @ http://localhost:3000/_next/static/chunks/node_modules_next_dist_1e8vcs8._.js:1052
[  696798ms] [ERROR] ./app/hand-tracking/components/ChainRail.tsx:193:13
Error: Unexpected token. Did you mean `{'}'}` or `&rbrace;`?
  191 |               </div>
  192 |             </div>
> 193 |           ))}
      |             ^
  194 |         </div>
  195 |
  196 |         <div className="ht-legend">

Parsing ecmascript source code failed

Import trace:
  Server Component:
    ./app/hand-tracking/components/ChainRail.tsx
    ./app/hand-tracking/layout.tsx @ http://localhost:3000/_next/static/chunks/node_modules_next_dist_1e8vcs8._.js:1052
[  696859ms] [ERROR] ./app/hand-tracking/components/ChainRail.tsx:196:9
Error: Expression expected
  194 |         </div>
  195 |
> 196 |         <div className="ht-legend">
      |         ^
  197 |           <div className="ht-legend-item">
  198 |             <span className="ht-legend-dot ht-done" /> Completed
  199 |           </div>

Parsing ecmascript source code failed

Import trace:
  Server Component:
    ./app/hand-tracking/components/ChainRail.tsx
    ./app/hand-tracking/layout.tsx @ http://localhost:3000/_next/static/chunks/node_modules_next_dist_1e8vcs8._.js:1052
[  696860ms] [ERROR] ./app/hand-tracking/components/ChainRail.tsx:193:13
Error: Unexpected token. Did you mean `{'}'}` or `&rbrace;`?
  191 |               </div>
  192 |             </div>
> 193 |           ))}
      |             ^
  194 |         </div>
  195 |
  196 |         <div className="ht-legend">

Parsing ecmascript source code failed

Import trace:
  Server Component:
    ./app/hand-tracking/components/ChainRail.tsx
    ./app/hand-tracking/layout.tsx @ http://localhost:3000/_next/static/chunks/node_modules_next_dist_1e8vcs8._.js:1052
[  696922ms] [ERROR] ./app/hand-tracking/components/ChainRail.tsx:196:9
Error: Expression expected
  194 |         </div>
  195 |
> 196 |         <div className="ht-legend">
      |         ^
  197 |           <div className="ht-legend-item">
  198 |             <span className="ht-legend-dot ht-done" /> Completed
  199 |           </div>

Parsing ecmascript source code failed

Import trace:
  Server Component:
    ./app/hand-tracking/components/ChainRail.tsx
    ./app/hand-tracking/layout.tsx @ http://localhost:3000/_next/static/chunks/node_modules_next_dist_1e8vcs8._.js:1052
[  696922ms] [ERROR] ./app/hand-tracking/components/ChainRail.tsx:193:13
Error: Unexpected token. Did you mean `{'}'}` or `&rbrace;`?
  191 |               </div>
  192 |             </div>
> 193 |           ))}
      |             ^
  194 |         </div>
  195 |
  196 |         <div className="ht-legend">

Parsing ecmascript source code failed

Import trace:
  Server Component:
    ./app/hand-tracking/components/ChainRail.tsx
    ./app/hand-tracking/layout.tsx @ http://localhost:3000/_next/static/chunks/node_modules_next_dist_1e8vcs8._.js:1052
[  696982ms] [ERROR] ./app/hand-tracking/components/ChainRail.tsx:196:9
Error: Expression expected
  194 |         </div>
  195 |
> 196 |         <div className="ht-legend">
      |         ^
  197 |           <div className="ht-legend-item">
  198 |             <span className="ht-legend-dot ht-done" /> Completed
  199 |           </div>

Parsing ecmascript source code failed

Import trace:
  Server Component:
    ./app/hand-tracking/components/ChainRail.tsx
    ./app/hand-tracking/layout.tsx @ http://localhost:3000/_next/static/chunks/node_modules_next_dist_1e8vcs8._.js:1052
[  696983ms] [ERROR] ./app/hand-tracking/components/ChainRail.tsx:193:13
Error: Unexpected token. Did you mean `{'}'}` or `&rbrace;`?
  191 |               </div>
  192 |             </div>
> 193 |           ))}
      |             ^
  194 |         </div>
  195 |
  196 |         <div className="ht-legend">

Parsing ecmascript source code failed

Import trace:
  Server Component:
    ./app/hand-tracking/components/ChainRail.tsx
    ./app/hand-tracking/layout.tsx @ http://localhost:3000/_next/static/chunks/node_modules_next_dist_1e8vcs8._.js:1052
[  697046ms] [ERROR] ./app/hand-tracking/components/ChainRail.tsx:196:9
Error: Expression expected
  194 |         </div>
  195 |
> 196 |         <div className="ht-legend">
      |         ^
  197 |           <div className="ht-legend-item">
  198 |             <span className="ht-legend-dot ht-done" /> Completed
  199 |           </div>

Parsing ecmascript source code failed

Import trace:
  Server Component:
    ./app/hand-tracking/components/ChainRail.tsx
    ./app/hand-tracking/layout.tsx @ http://localhost:3000/_next/static/chunks/node_modules_next_dist_1e8vcs8._.js:1052
[  697046ms] [ERROR] ./app/hand-tracking/components/ChainRail.tsx:193:13
Error: Unexpected token. Did you mean `{'}'}` or `&rbrace;`?
  191 |               </div>
  192 |             </div>
> 193 |           ))}
      |             ^
  194 |         </div>
  195 |
  196 |         <div className="ht-legend">

Parsing ecmascript source code failed

Import trace:
  Server Component:
    ./app/hand-tracking/components/ChainRail.tsx
    ./app/hand-tracking/layout.tsx @ http://localhost:3000/_next/static/chunks/node_modules_next_dist_1e8vcs8._.js:1052
[  697107ms] [ERROR] ./app/hand-tracking/components/ChainRail.tsx:196:9
Error: Expression expected
  194 |         </div>
  195 |
> 196 |         <div className="ht-legend">
      |         ^
  197 |           <div className="ht-legend-item">
  198 |             <span className="ht-legend-dot ht-done" /> Completed
  199 |           </div>

Parsing ecmascript source code failed

Import trace:
  Server Component:
    ./app/hand-tracking/components/ChainRail.tsx
    ./app/hand-tracking/layout.tsx @ http://localhost:3000/_next/static/chunks/node_modules_next_dist_1e8vcs8._.js:1052
[  697108ms] [ERROR] ./app/hand-tracking/components/ChainRail.tsx:193:13
Error: Unexpected token. Did you mean `{'}'}` or `&rbrace;`?
  191 |               </div>
  192 |             </div>
> 193 |           ))}
      |             ^
  194 |         </div>
  195 |
  196 |         <div className="ht-legend">

Parsing ecmascript source code failed

Import trace:
  Server Component:
    ./app/hand-tracking/components/ChainRail.tsx
    ./app/hand-tracking/layout.tsx @ http://localhost:3000/_next/static/chunks/node_modules_next_dist_1e8vcs8._.js:1052
[  697168ms] [ERROR] ./app/hand-tracking/components/ChainRail.tsx:196:9
Error: Expression expected
  194 |         </div>
  195 |
> 196 |         <div className="ht-legend">
      |         ^
  197 |           <div className="ht-legend-item">
  198 |             <span className="ht-legend-dot ht-done" /> Completed
  199 |           </div>

Parsing ecmascript source code failed

Import trace:
  Server Component:
    ./app/hand-tracking/components/ChainRail.tsx
    ./app/hand-tracking/layout.tsx @ http://localhost:3000/_next/static/chunks/node_modules_next_dist_1e8vcs8._.js:1052
[  697168ms] [ERROR] ./app/hand-tracking/components/ChainRail.tsx:193:13
Error: Unexpected token. Did you mean `{'}'}` or `&rbrace;`?
  191 |               </div>
  192 |             </div>
> 193 |           ))}
      |             ^
  194 |         </div>
  195 |
  196 |         <div className="ht-legend">

Parsing ecmascript source code failed

Import trace:
  Server Component:
    ./app/hand-tracking/components/ChainRail.tsx
    ./app/hand-tracking/layout.tsx @ http://localhost:3000/_next/static/chunks/node_modules_next_dist_1e8vcs8._.js:1052
[  697228ms] [ERROR] ./app/hand-tracking/components/ChainRail.tsx:196:9
Error: Expression expected
  194 |         </div>
  195 |
> 196 |         <div className="ht-legend">
      |         ^
  197 |           <div className="ht-legend-item">
  198 |             <span className="ht-legend-dot ht-done" /> Completed
  199 |           </div>

Parsing ecmascript source code failed

Import trace:
  Server Component:
    ./app/hand-tracking/components/ChainRail.tsx
    ./app/hand-tracking/layout.tsx @ http://localhost:3000/_next/static/chunks/node_modules_next_dist_1e8vcs8._.js:1052
[  697229ms] [ERROR] ./app/hand-tracking/components/ChainRail.tsx:193:13
Error: Unexpected token. Did you mean `{'}'}` or `&rbrace;`?
  191 |               </div>
  192 |             </div>
> 193 |           ))}
      |             ^
  194 |         </div>
  195 |
  196 |         <div className="ht-legend">

Parsing ecmascript source code failed

Import trace:
  Server Component:
    ./app/hand-tracking/components/ChainRail.tsx
    ./app/hand-tracking/layout.tsx @ http://localhost:3000/_next/static/chunks/node_modules_next_dist_1e8vcs8._.js:1052
[  697291ms] [ERROR] ./app/hand-tracking/components/ChainRail.tsx:196:9
Error: Expression expected
  194 |         </div>
  195 |
> 196 |         <div className="ht-legend">
      |         ^
  197 |           <div className="ht-legend-item">
  198 |             <span className="ht-legend-dot ht-done" /> Completed
  199 |           </div>

Parsing ecmascript source code failed

Import trace:
  Server Component:
    ./app/hand-tracking/components/ChainRail.tsx
    ./app/hand-tracking/layout.tsx @ http://localhost:3000/_next/static/chunks/node_modules_next_dist_1e8vcs8._.js:1052
[  697291ms] [ERROR] ./app/hand-tracking/components/ChainRail.tsx:193:13
Error: Unexpected token. Did you mean `{'}'}` or `&rbrace;`?
  191 |               </div>
  192 |             </div>
> 193 |           ))}
      |             ^
  194 |         </div>
  195 |
  196 |         <div className="ht-legend">

Parsing ecmascript source code failed

Import trace:
  Server Component:
    ./app/hand-tracking/components/ChainRail.tsx
    ./app/hand-tracking/layout.tsx @ http://localhost:3000/_next/static/chunks/node_modules_next_dist_1e8vcs8._.js:1052
[  697351ms] [ERROR] ./app/hand-tracking/components/ChainRail.tsx:196:9
Error: Expression expected
  194 |         </div>
  195 |
> 196 |         <div className="ht-legend">
      |         ^
  197 |           <div className="ht-legend-item">
  198 |             <span className="ht-legend-dot ht-done" /> Completed
  199 |           </div>

Parsing ecmascript source code failed

Import trace:
  Server Component:
    ./app/hand-tracking/components/ChainRail.tsx
    ./app/hand-tracking/layout.tsx @ http://localhost:3000/_next/static/chunks/node_modules_next_dist_1e8vcs8._.js:1052
[  697351ms] [ERROR] ./app/hand-tracking/components/ChainRail.tsx:193:13
Error: Unexpected token. Did you mean `{'}'}` or `&rbrace;`?
  191 |               </div>
  192 |             </div>
> 193 |           ))}
      |             ^
  194 |         </div>
  195 |
  196 |         <div className="ht-legend">

Parsing ecmascript source code failed

Import trace:
  Server Component:
    ./app/hand-tracking/components/ChainRail.tsx
    ./app/hand-tracking/layout.tsx @ http://localhost:3000/_next/static/chunks/node_modules_next_dist_1e8vcs8._.js:1052
[  697416ms] [ERROR] ./app/hand-tracking/components/ChainRail.tsx:196:9
Error: Expression expected
  194 |         </div>
  195 |
> 196 |         <div className="ht-legend">
      |         ^
  197 |           <div className="ht-legend-item">
  198 |             <span className="ht-legend-dot ht-done" /> Completed
  199 |           </div>

Parsing ecmascript source code failed

Import trace:
  Server Component:
    ./app/hand-tracking/components/ChainRail.tsx
    ./app/hand-tracking/layout.tsx @ http://localhost:3000/_next/static/chunks/node_modules_next_dist_1e8vcs8._.js:1052
[  697416ms] [ERROR] ./app/hand-tracking/components/ChainRail.tsx:193:13
Error: Unexpected token. Did you mean `{'}'}` or `&rbrace;`?
  191 |               </div>
  192 |             </div>
> 193 |           ))}
      |             ^
  194 |         </div>
  195 |
  196 |         <div className="ht-legend">

Parsing ecmascript source code failed

Import trace:
  Server Component:
    ./app/hand-tracking/components/ChainRail.tsx
    ./app/hand-tracking/layout.tsx @ http://localhost:3000/_next/static/chunks/node_modules_next_dist_1e8vcs8._.js:1052
[  697477ms] [ERROR] ./app/hand-tracking/components/ChainRail.tsx:196:9
Error: Expression expected
  194 |         </div>
  195 |
> 196 |         <div className="ht-legend">
      |         ^
  197 |           <div className="ht-legend-item">
  198 |             <span className="ht-legend-dot ht-done" /> Completed
  199 |           </div>

Parsing ecmascript source code failed

Import trace:
  Server Component:
    ./app/hand-tracking/components/ChainRail.tsx
    ./app/hand-tracking/layout.tsx @ http://localhost:3000/_next/static/chunks/node_modules_next_dist_1e8vcs8._.js:1052
[  697477ms] [ERROR] ./app/hand-tracking/components/ChainRail.tsx:193:13
Error: Unexpected token. Did you mean `{'}'}` or `&rbrace;`?
  191 |               </div>
  192 |             </div>
> 193 |           ))}
      |             ^
  194 |         </div>
  195 |
  196 |         <div className="ht-legend">

Parsing ecmascript source code failed

Import trace:
  Server Component:
    ./app/hand-tracking/components/ChainRail.tsx
    ./app/hand-tracking/layout.tsx @ http://localhost:3000/_next/static/chunks/node_modules_next_dist_1e8vcs8._.js:1052
[  697540ms] [ERROR] ./app/hand-tracking/components/ChainRail.tsx:196:9
Error: Expression expected
  194 |         </div>
  195 |
> 196 |         <div className="ht-legend">
      |         ^
  197 |           <div className="ht-legend-item">
  198 |             <span className="ht-legend-dot ht-done" /> Completed
  199 |           </div>

Parsing ecmascript source code failed

Import trace:
  Server Component:
    ./app/hand-tracking/components/ChainRail.tsx
    ./app/hand-tracking/layout.tsx @ http://localhost:3000/_next/static/chunks/node_modules_next_dist_1e8vcs8._.js:1052
[  697541ms] [ERROR] ./app/hand-tracking/components/ChainRail.tsx:193:13
Error: Unexpected token. Did you mean `{'}'}` or `&rbrace;`?
  191 |               </div>
  192 |             </div>
> 193 |           ))}
      |             ^
  194 |         </div>
  195 |
  196 |         <div className="ht-legend">

Parsing ecmascript source code failed

Import trace:
  Server Component:
    ./app/hand-tracking/components/ChainRail.tsx
    ./app/hand-tracking/layout.tsx @ http://localhost:3000/_next/static/chunks/node_modules_next_dist_1e8vcs8._.js:1052
[  697591ms] [ERROR] ./app/hand-tracking/components/ChainRail.tsx:196:9
Error: Expression expected
  194 |         </div>
  195 |
> 196 |         <div className="ht-legend">
      |         ^
  197 |           <div className="ht-legend-item">
  198 |             <span className="ht-legend-dot ht-done" /> Completed
  199 |           </div>

Parsing ecmascript source code failed

Import trace:
  Server Component:
    ./app/hand-tracking/components/ChainRail.tsx
    ./app/hand-tracking/layout.tsx @ http://localhost:3000/_next/static/chunks/node_modules_next_dist_1e8vcs8._.js:1052
[  697591ms] [ERROR] ./app/hand-tracking/components/ChainRail.tsx:193:13
Error: Unexpected token. Did you mean `{'}'}` or `&rbrace;`?
  191 |               </div>
  192 |             </div>
> 193 |           ))}
      |             ^
  194 |         </div>
  195 |
  196 |         <div className="ht-legend">

Parsing ecmascript source code failed

Import trace:
  Server Component:
    ./app/hand-tracking/components/ChainRail.tsx
    ./app/hand-tracking/layout.tsx @ http://localhost:3000/_next/static/chunks/node_modules_next_dist_1e8vcs8._.js:1052
[  697680ms] [ERROR] ./app/hand-tracking/components/ChainRail.tsx:196:9
Error: Expression expected
  194 |         </div>
  195 |
> 196 |         <div className="ht-legend">
      |         ^
  197 |           <div className="ht-legend-item">
  198 |             <span className="ht-legend-dot ht-done" /> Completed
  199 |           </div>

Parsing ecmascript source code failed

Import trace:
  Server Component:
    ./app/hand-tracking/components/ChainRail.tsx
    ./app/hand-tracking/layout.tsx @ http://localhost:3000/_next/static/chunks/node_modules_next_dist_1e8vcs8._.js:1052
[  697680ms] [ERROR] ./app/hand-tracking/components/ChainRail.tsx:193:13
Error: Unexpected token. Did you mean `{'}'}` or `&rbrace;`?
  191 |               </div>
  192 |             </div>
> 193 |           ))}
      |             ^
  194 |         </div>
  195 |
  196 |         <div className="ht-legend">

Parsing ecmascript source code failed

Import trace:
  Server Component:
    ./app/hand-tracking/components/ChainRail.tsx
    ./app/hand-tracking/layout.tsx @ http://localhost:3000/_next/static/chunks/node_modules_next_dist_1e8vcs8._.js:1052
[  697741ms] [ERROR] ./app/hand-tracking/components/ChainRail.tsx:196:9
Error: Expression expected
  194 |         </div>
  195 |
> 196 |         <div className="ht-legend">
      |         ^
  197 |           <div className="ht-legend-item">
  198 |             <span className="ht-legend-dot ht-done" /> Completed
  199 |           </div>

Parsing ecmascript source code failed

Import trace:
  Server Component:
    ./app/hand-tracking/components/ChainRail.tsx
    ./app/hand-tracking/layout.tsx @ http://localhost:3000/_next/static/chunks/node_modules_next_dist_1e8vcs8._.js:1052
[  697742ms] [ERROR] ./app/hand-tracking/components/ChainRail.tsx:193:13
Error: Unexpected token. Did you mean `{'}'}` or `&rbrace;`?
  191 |               </div>
  192 |             </div>
> 193 |           ))}
      |             ^
  194 |         </div>
  195 |
  196 |         <div className="ht-legend">

Parsing ecmascript source code failed

Import trace:
  Server Component:
    ./app/hand-tracking/components/ChainRail.tsx
    ./app/hand-tracking/layout.tsx @ http://localhost:3000/_next/static/chunks/node_modules_next_dist_1e8vcs8._.js:1052
[  697804ms] [ERROR] ./app/hand-tracking/components/ChainRail.tsx:196:9
Error: Expression expected
  194 |         </div>
  195 |
> 196 |         <div className="ht-legend">
      |         ^
  197 |           <div className="ht-legend-item">
  198 |             <span className="ht-legend-dot ht-done" /> Completed
  199 |           </div>

Parsing ecmascript source code failed

Import trace:
  Server Component:
    ./app/hand-tracking/components/ChainRail.tsx
    ./app/hand-tracking/layout.tsx @ http://localhost:3000/_next/static/chunks/node_modules_next_dist_1e8vcs8._.js:1052
[  697805ms] [ERROR] ./app/hand-tracking/components/ChainRail.tsx:193:13
Error: Unexpected token. Did you mean `{'}'}` or `&rbrace;`?
  191 |               </div>
  192 |             </div>
> 193 |           ))}
      |             ^
  194 |         </div>
  195 |
  196 |         <div className="ht-legend">

Parsing ecmascript source code failed

Import trace:
  Server Component:
    ./app/hand-tracking/components/ChainRail.tsx
    ./app/hand-tracking/layout.tsx @ http://localhost:3000/_next/static/chunks/node_modules_next_dist_1e8vcs8._.js:1052
[  697866ms] [ERROR] ./app/hand-tracking/components/ChainRail.tsx:196:9
Error: Expression expected
  194 |         </div>
  195 |
> 196 |         <div className="ht-legend">
      |         ^
  197 |           <div className="ht-legend-item">
  198 |             <span className="ht-legend-dot ht-done" /> Completed
  199 |           </div>

Parsing ecmascript source code failed

Import trace:
  Server Component:
    ./app/hand-tracking/components/ChainRail.tsx
    ./app/hand-tracking/layout.tsx @ http://localhost:3000/_next/static/chunks/node_modules_next_dist_1e8vcs8._.js:1052
[  697866ms] [ERROR] ./app/hand-tracking/components/ChainRail.tsx:193:13
Error: Unexpected token. Did you mean `{'}'}` or `&rbrace;`?
  191 |               </div>
  192 |             </div>
> 193 |           ))}
      |             ^
  194 |         </div>
  195 |
  196 |         <div className="ht-legend">

Parsing ecmascript source code failed

Import trace:
  Server Component:
    ./app/hand-tracking/components/ChainRail.tsx
    ./app/hand-tracking/layout.tsx @ http://localhost:3000/_next/static/chunks/node_modules_next_dist_1e8vcs8._.js:1052
[  697928ms] [ERROR] ./app/hand-tracking/components/ChainRail.tsx:196:9
Error: Expression expected
  194 |         </div>
  195 |
> 196 |         <div className="ht-legend">
      |         ^
  197 |           <div className="ht-legend-item">
  198 |             <span className="ht-legend-dot ht-done" /> Completed
  199 |           </div>

Parsing ecmascript source code failed

Import trace:
  Server Component:
    ./app/hand-tracking/components/ChainRail.tsx
    ./app/hand-tracking/layout.tsx @ http://localhost:3000/_next/static/chunks/node_modules_next_dist_1e8vcs8._.js:1052
[  697929ms] [ERROR] ./app/hand-tracking/components/ChainRail.tsx:193:13
Error: Unexpected token. Did you mean `{'}'}` or `&rbrace;`?
  191 |               </div>
  192 |             </div>
> 193 |           ))}
      |             ^
  194 |         </div>
  195 |
  196 |         <div className="ht-legend">

Parsing ecmascript source code failed

Import trace:
  Server Component:
    ./app/hand-tracking/components/ChainRail.tsx
    ./app/hand-tracking/layout.tsx @ http://localhost:3000/_next/static/chunks/node_modules_next_dist_1e8vcs8._.js:1052
[  697991ms] [ERROR] ./app/hand-tracking/components/ChainRail.tsx:196:9
Error: Expression expected
  194 |         </div>
  195 |
> 196 |         <div className="ht-legend">
      |         ^
  197 |           <div className="ht-legend-item">
  198 |             <span className="ht-legend-dot ht-done" /> Completed
  199 |           </div>

Parsing ecmascript source code failed

Import trace:
  Server Component:
    ./app/hand-tracking/components/ChainRail.tsx
    ./app/hand-tracking/layout.tsx @ http://localhost:3000/_next/static/chunks/node_modules_next_dist_1e8vcs8._.js:1052
[  697991ms] [ERROR] ./app/hand-tracking/components/ChainRail.tsx:193:13
Error: Unexpected token. Did you mean `{'}'}` or `&rbrace;`?
  191 |               </div>
  192 |             </div>
> 193 |           ))}
      |             ^
  194 |         </div>
  195 |
  196 |         <div className="ht-legend">

Parsing ecmascript source code failed

Import trace:
  Server Component:
    ./app/hand-tracking/components/ChainRail.tsx
    ./app/hand-tracking/layout.tsx @ http://localhost:3000/_next/static/chunks/node_modules_next_dist_1e8vcs8._.js:1052
[  698052ms] [ERROR] ./app/hand-tracking/components/ChainRail.tsx:196:9
Error: Expression expected
  194 |         </div>
  195 |
> 196 |         <div className="ht-legend">
      |         ^
  197 |           <div className="ht-legend-item">
  198 |             <span className="ht-legend-dot ht-done" /> Completed
  199 |           </div>

Parsing ecmascript source code failed

Import trace:
  Server Component:
    ./app/hand-tracking/components/ChainRail.tsx
    ./app/hand-tracking/layout.tsx @ http://localhost:3000/_next/static/chunks/node_modules_next_dist_1e8vcs8._.js:1052
[  698053ms] [ERROR] ./app/hand-tracking/components/ChainRail.tsx:193:13
Error: Unexpected token. Did you mean `{'}'}` or `&rbrace;`?
  191 |               </div>
  192 |             </div>
> 193 |           ))}
      |             ^
  194 |         </div>
  195 |
  196 |         <div className="ht-legend">

Parsing ecmascript source code failed

Import trace:
  Server Component:
    ./app/hand-tracking/components/ChainRail.tsx
    ./app/hand-tracking/layout.tsx @ http://localhost:3000/_next/static/chunks/node_modules_next_dist_1e8vcs8._.js:1052
[  698115ms] [ERROR] ./app/hand-tracking/components/ChainRail.tsx:196:9
Error: Expression expected
  194 |         </div>
  195 |
> 196 |         <div className="ht-legend">
      |         ^
  197 |           <div className="ht-legend-item">
  198 |             <span className="ht-legend-dot ht-done" /> Completed
  199 |           </div>

Parsing ecmascript source code failed

Import trace:
  Server Component:
    ./app/hand-tracking/components/ChainRail.tsx
    ./app/hand-tracking/layout.tsx @ http://localhost:3000/_next/static/chunks/node_modules_next_dist_1e8vcs8._.js:1052
[  698116ms] [ERROR] ./app/hand-tracking/components/ChainRail.tsx:193:13
Error: Unexpected token. Did you mean `{'}'}` or `&rbrace;`?
  191 |               </div>
  192 |             </div>
> 193 |           ))}
      |             ^
  194 |         </div>
  195 |
  196 |         <div className="ht-legend">

Parsing ecmascript source code failed

Import trace:
  Server Component:
    ./app/hand-tracking/components/ChainRail.tsx
    ./app/hand-tracking/layout.tsx @ http://localhost:3000/_next/static/chunks/node_modules_next_dist_1e8vcs8._.js:1052
[  698177ms] [ERROR] ./app/hand-tracking/components/ChainRail.tsx:196:9
Error: Expression expected
  194 |         </div>
  195 |
> 196 |         <div className="ht-legend">
      |         ^
  197 |           <div className="ht-legend-item">
  198 |             <span className="ht-legend-dot ht-done" /> Completed
  199 |           </div>

Parsing ecmascript source code failed

Import trace:
  Server Component:
    ./app/hand-tracking/components/ChainRail.tsx
    ./app/hand-tracking/layout.tsx @ http://localhost:3000/_next/static/chunks/node_modules_next_dist_1e8vcs8._.js:1052
[  698178ms] [ERROR] ./app/hand-tracking/components/ChainRail.tsx:193:13
Error: Unexpected token. Did you mean `{'}'}` or `&rbrace;`?
  191 |               </div>
  192 |             </div>
> 193 |           ))}
      |             ^
  194 |         </div>
  195 |
  196 |         <div className="ht-legend">

Parsing ecmascript source code failed

Import trace:
  Server Component:
    ./app/hand-tracking/components/ChainRail.tsx
    ./app/hand-tracking/layout.tsx @ http://localhost:3000/_next/static/chunks/node_modules_next_dist_1e8vcs8._.js:1052
[  698240ms] [ERROR] ./app/hand-tracking/components/ChainRail.tsx:196:9
Error: Expression expected
  194 |         </div>
  195 |
> 196 |         <div className="ht-legend">
      |         ^
  197 |           <div className="ht-legend-item">
  198 |             <span className="ht-legend-dot ht-done" /> Completed
  199 |           </div>

Parsing ecmascript source code failed

Import trace:
  Server Component:
    ./app/hand-tracking/components/ChainRail.tsx
    ./app/hand-tracking/layout.tsx @ http://localhost:3000/_next/static/chunks/node_modules_next_dist_1e8vcs8._.js:1052
[  698241ms] [ERROR] ./app/hand-tracking/components/ChainRail.tsx:193:13
Error: Unexpected token. Did you mean `{'}'}` or `&rbrace;`?
  191 |               </div>
  192 |             </div>
> 193 |           ))}
      |             ^
  194 |         </div>
  195 |
  196 |         <div className="ht-legend">

Parsing ecmascript source code failed

Import trace:
  Server Component:
    ./app/hand-tracking/components/ChainRail.tsx
    ./app/hand-tracking/layout.tsx @ http://localhost:3000/_next/static/chunks/node_modules_next_dist_1e8vcs8._.js:1052
[  698303ms] [ERROR] ./app/hand-tracking/components/ChainRail.tsx:196:9
Error: Expression expected
  194 |         </div>
  195 |
> 196 |         <div className="ht-legend">
      |         ^
  197 |           <div className="ht-legend-item">
  198 |             <span className="ht-legend-dot ht-done" /> Completed
  199 |           </div>

Parsing ecmascript source code failed

Import trace:
  Server Component:
    ./app/hand-tracking/components/ChainRail.tsx
    ./app/hand-tracking/layout.tsx @ http://localhost:3000/_next/static/chunks/node_modules_next_dist_1e8vcs8._.js:1052
[  698304ms] [ERROR] ./app/hand-tracking/components/ChainRail.tsx:193:13
Error: Unexpected token. Did you mean `{'}'}` or `&rbrace;`?
  191 |               </div>
  192 |             </div>
> 193 |           ))}
      |             ^
  194 |         </div>
  195 |
  196 |         <div className="ht-legend">

Parsing ecmascript source code failed

Import trace:
  Server Component:
    ./app/hand-tracking/components/ChainRail.tsx
    ./app/hand-tracking/layout.tsx @ http://localhost:3000/_next/static/chunks/node_modules_next_dist_1e8vcs8._.js:1052
[  698366ms] [ERROR] ./app/hand-tracking/components/ChainRail.tsx:196:9
Error: Expression expected
  194 |         </div>
  195 |
> 196 |         <div className="ht-legend">
      |         ^
  197 |           <div className="ht-legend-item">
  198 |             <span className="ht-legend-dot ht-done" /> Completed
  199 |           </div>

Parsing ecmascript source code failed

Import trace:
  Server Component:
    ./app/hand-tracking/components/ChainRail.tsx
    ./app/hand-tracking/layout.tsx @ http://localhost:3000/_next/static/chunks/node_modules_next_dist_1e8vcs8._.js:1052
[  698366ms] [ERROR] ./app/hand-tracking/components/ChainRail.tsx:193:13
Error: Unexpected token. Did you mean `{'}'}` or `&rbrace;`?
  191 |               </div>
  192 |             </div>
> 193 |           ))}
      |             ^
  194 |         </div>
  195 |
  196 |         <div className="ht-legend">

Parsing ecmascript source code failed

Import trace:
  Server Component:
    ./app/hand-tracking/components/ChainRail.tsx
    ./app/hand-tracking/layout.tsx @ http://localhost:3000/_next/static/chunks/node_modules_next_dist_1e8vcs8._.js:1052
[  698428ms] [ERROR] ./app/hand-tracking/components/ChainRail.tsx:196:9
Error: Expression expected
  194 |         </div>
  195 |
> 196 |         <div className="ht-legend">
      |         ^
  197 |           <div className="ht-legend-item">
  198 |             <span className="ht-legend-dot ht-done" /> Completed
  199 |           </div>

Parsing ecmascript source code failed

Import trace:
  Server Component:
    ./app/hand-tracking/components/ChainRail.tsx
    ./app/hand-tracking/layout.tsx @ http://localhost:3000/_next/static/chunks/node_modules_next_dist_1e8vcs8._.js:1052
[  698428ms] [ERROR] ./app/hand-tracking/components/ChainRail.tsx:193:13
Error: Unexpected token. Did you mean `{'}'}` or `&rbrace;`?
  191 |               </div>
  192 |             </div>
> 193 |           ))}
      |             ^
  194 |         </div>
  195 |
  196 |         <div className="ht-legend">

Parsing ecmascript source code failed

Import trace:
  Server Component:
    ./app/hand-tracking/components/ChainRail.tsx
    ./app/hand-tracking/layout.tsx @ http://localhost:3000/_next/static/chunks/node_modules_next_dist_1e8vcs8._.js:1052
[  698491ms] [ERROR] ./app/hand-tracking/components/ChainRail.tsx:196:9
Error: Expression expected
  194 |         </div>
  195 |
> 196 |         <div className="ht-legend">
      |         ^
  197 |           <div className="ht-legend-item">
  198 |             <span className="ht-legend-dot ht-done" /> Completed
  199 |           </div>

Parsing ecmascript source code failed

Import trace:
  Server Component:
    ./app/hand-tracking/components/ChainRail.tsx
    ./app/hand-tracking/layout.tsx @ http://localhost:3000/_next/static/chunks/node_modules_next_dist_1e8vcs8._.js:1052
[  698491ms] [ERROR] ./app/hand-tracking/components/ChainRail.tsx:193:13
Error: Unexpected token. Did you mean `{'}'}` or `&rbrace;`?
  191 |               </div>
  192 |             </div>
> 193 |           ))}
      |             ^
  194 |         </div>
  195 |
  196 |         <div className="ht-legend">

Parsing ecmascript source code failed

Import trace:
  Server Component:
    ./app/hand-tracking/components/ChainRail.tsx
    ./app/hand-tracking/layout.tsx @ http://localhost:3000/_next/static/chunks/node_modules_next_dist_1e8vcs8._.js:1052
[  698553ms] [ERROR] ./app/hand-tracking/components/ChainRail.tsx:196:9
Error: Expression expected
  194 |         </div>
  195 |
> 196 |         <div className="ht-legend">
      |         ^
  197 |           <div className="ht-legend-item">
  198 |             <span className="ht-legend-dot ht-done" /> Completed
  199 |           </div>

Parsing ecmascript source code failed

Import trace:
  Server Component:
    ./app/hand-tracking/components/ChainRail.tsx
    ./app/hand-tracking/layout.tsx @ http://localhost:3000/_next/static/chunks/node_modules_next_dist_1e8vcs8._.js:1052
[  698554ms] [ERROR] ./app/hand-tracking/components/ChainRail.tsx:193:13
Error: Unexpected token. Did you mean `{'}'}` or `&rbrace;`?
  191 |               </div>
  192 |             </div>
> 193 |           ))}
      |             ^
  194 |         </div>
  195 |
  196 |         <div className="ht-legend">

Parsing ecmascript source code failed

Import trace:
  Server Component:
    ./app/hand-tracking/components/ChainRail.tsx
    ./app/hand-tracking/layout.tsx @ http://localhost:3000/_next/static/chunks/node_modules_next_dist_1e8vcs8._.js:1052
[  698617ms] [ERROR] ./app/hand-tracking/components/ChainRail.tsx:196:9
Error: Expression expected
  194 |         </div>
  195 |
> 196 |         <div className="ht-legend">
      |         ^
  197 |           <div className="ht-legend-item">
  198 |             <span className="ht-legend-dot ht-done" /> Completed
  199 |           </div>

Parsing ecmascript source code failed

Import trace:
  Server Component:
    ./app/hand-tracking/components/ChainRail.tsx
    ./app/hand-tracking/layout.tsx @ http://localhost:3000/_next/static/chunks/node_modules_next_dist_1e8vcs8._.js:1052
[  698617ms] [ERROR] ./app/hand-tracking/components/ChainRail.tsx:193:13
Error: Unexpected token. Did you mean `{'}'}` or `&rbrace;`?
  191 |               </div>
  192 |             </div>
> 193 |           ))}
      |             ^
  194 |         </div>
  195 |
  196 |         <div className="ht-legend">

Parsing ecmascript source code failed

Import trace:
  Server Component:
    ./app/hand-tracking/components/ChainRail.tsx
    ./app/hand-tracking/layout.tsx @ http://localhost:3000/_next/static/chunks/node_modules_next_dist_1e8vcs8._.js:1052
[  698678ms] [ERROR] ./app/hand-tracking/components/ChainRail.tsx:196:9
Error: Expression expected
  194 |         </div>
  195 |
> 196 |         <div className="ht-legend">
      |         ^
  197 |           <div className="ht-legend-item">
  198 |             <span className="ht-legend-dot ht-done" /> Completed
  199 |           </div>

Parsing ecmascript source code failed

Import trace:
  Server Component:
    ./app/hand-tracking/components/ChainRail.tsx
    ./app/hand-tracking/layout.tsx @ http://localhost:3000/_next/static/chunks/node_modules_next_dist_1e8vcs8._.js:1052
[  698679ms] [ERROR] ./app/hand-tracking/components/ChainRail.tsx:193:13
Error: Unexpected token. Did you mean `{'}'}` or `&rbrace;`?
  191 |               </div>
  192 |             </div>
> 193 |           ))}
      |             ^
  194 |         </div>
  195 |
  196 |         <div className="ht-legend">

Parsing ecmascript source code failed

Import trace:
  Server Component:
    ./app/hand-tracking/components/ChainRail.tsx
    ./app/hand-tracking/layout.tsx @ http://localhost:3000/_next/static/chunks/node_modules_next_dist_1e8vcs8._.js:1052
[  698741ms] [ERROR] ./app/hand-tracking/components/ChainRail.tsx:196:9
Error: Expression expected
  194 |         </div>
  195 |
> 196 |         <div className="ht-legend">
      |         ^
  197 |           <div className="ht-legend-item">
  198 |             <span className="ht-legend-dot ht-done" /> Completed
  199 |           </div>

Parsing ecmascript source code failed

Import trace:
  Server Component:
    ./app/hand-tracking/components/ChainRail.tsx
    ./app/hand-tracking/layout.tsx @ http://localhost:3000/_next/static/chunks/node_modules_next_dist_1e8vcs8._.js:1052
[  698741ms] [ERROR] ./app/hand-tracking/components/ChainRail.tsx:193:13
Error: Unexpected token. Did you mean `{'}'}` or `&rbrace;`?
  191 |               </div>
  192 |             </div>
> 193 |           ))}
      |             ^
  194 |         </div>
  195 |
  196 |         <div className="ht-legend">

Parsing ecmascript source code failed

Import trace:
  Server Component:
    ./app/hand-tracking/components/ChainRail.tsx
    ./app/hand-tracking/layout.tsx @ http://localhost:3000/_next/static/chunks/node_modules_next_dist_1e8vcs8._.js:1052
[  698803ms] [ERROR] ./app/hand-tracking/components/ChainRail.tsx:196:9
Error: Expression expected
  194 |         </div>
  195 |
> 196 |         <div className="ht-legend">
      |         ^
  197 |           <div className="ht-legend-item">
  198 |             <span className="ht-legend-dot ht-done" /> Completed
  199 |           </div>

Parsing ecmascript source code failed

Import trace:
  Server Component:
    ./app/hand-tracking/components/ChainRail.tsx
    ./app/hand-tracking/layout.tsx @ http://localhost:3000/_next/static/chunks/node_modules_next_dist_1e8vcs8._.js:1052
[  698804ms] [ERROR] ./app/hand-tracking/components/ChainRail.tsx:193:13
Error: Unexpected token. Did you mean `{'}'}` or `&rbrace;`?
  191 |               </div>
  192 |             </div>
> 193 |           ))}
      |             ^
  194 |         </div>
  195 |
  196 |         <div className="ht-legend">

Parsing ecmascript source code failed

Import trace:
  Server Component:
    ./app/hand-tracking/components/ChainRail.tsx
    ./app/hand-tracking/layout.tsx @ http://localhost:3000/_next/static/chunks/node_modules_next_dist_1e8vcs8._.js:1052
[  698866ms] [ERROR] ./app/hand-tracking/components/ChainRail.tsx:196:9
Error: Expression expected
  194 |         </div>
  195 |
> 196 |         <div className="ht-legend">
      |         ^
  197 |           <div className="ht-legend-item">
  198 |             <span className="ht-legend-dot ht-done" /> Completed
  199 |           </div>

Parsing ecmascript source code failed

Import trace:
  Server Component:
    ./app/hand-tracking/components/ChainRail.tsx
    ./app/hand-tracking/layout.tsx @ http://localhost:3000/_next/static/chunks/node_modules_next_dist_1e8vcs8._.js:1052
[  698866ms] [ERROR] ./app/hand-tracking/components/ChainRail.tsx:193:13
Error: Unexpected token. Did you mean `{'}'}` or `&rbrace;`?
  191 |               </div>
  192 |             </div>
> 193 |           ))}
      |             ^
  194 |         </div>
  195 |
  196 |         <div className="ht-legend">

Parsing ecmascript source code failed

Import trace:
  Server Component:
    ./app/hand-tracking/components/ChainRail.tsx
    ./app/hand-tracking/layout.tsx @ http://localhost:3000/_next/static/chunks/node_modules_next_dist_1e8vcs8._.js:1052
[  698927ms] [ERROR] ./app/hand-tracking/components/ChainRail.tsx:196:9
Error: Expression expected
  194 |         </div>
  195 |
> 196 |         <div className="ht-legend">
      |         ^
  197 |           <div className="ht-legend-item">
  198 |             <span className="ht-legend-dot ht-done" /> Completed
  199 |           </div>

Parsing ecmascript source code failed

Import trace:
  Server Component:
    ./app/hand-tracking/components/ChainRail.tsx
    ./app/hand-tracking/layout.tsx @ http://localhost:3000/_next/static/chunks/node_modules_next_dist_1e8vcs8._.js:1052
[  698927ms] [ERROR] ./app/hand-tracking/components/ChainRail.tsx:193:13
Error: Unexpected token. Did you mean `{'}'}` or `&rbrace;`?
  191 |               </div>
  192 |             </div>
> 193 |           ))}
      |             ^
  194 |         </div>
  195 |
  196 |         <div className="ht-legend">

Parsing ecmascript source code failed

Import trace:
  Server Component:
    ./app/hand-tracking/components/ChainRail.tsx
    ./app/hand-tracking/layout.tsx @ http://localhost:3000/_next/static/chunks/node_modules_next_dist_1e8vcs8._.js:1052
[  698991ms] [ERROR] ./app/hand-tracking/components/ChainRail.tsx:196:9
Error: Expression expected
  194 |         </div>
  195 |
> 196 |         <div className="ht-legend">
      |         ^
  197 |           <div className="ht-legend-item">
  198 |             <span className="ht-legend-dot ht-done" /> Completed
  199 |           </div>

Parsing ecmascript source code failed

Import trace:
  Server Component:
    ./app/hand-tracking/components/ChainRail.tsx
    ./app/hand-tracking/layout.tsx @ http://localhost:3000/_next/static/chunks/node_modules_next_dist_1e8vcs8._.js:1052
[  698991ms] [ERROR] ./app/hand-tracking/components/ChainRail.tsx:193:13
Error: Unexpected token. Did you mean `{'}'}` or `&rbrace;`?
  191 |               </div>
  192 |             </div>
> 193 |           ))}
      |             ^
  194 |         </div>
  195 |
  196 |         <div className="ht-legend">

Parsing ecmascript source code failed

Import trace:
  Server Component:
    ./app/hand-tracking/components/ChainRail.tsx
    ./app/hand-tracking/layout.tsx @ http://localhost:3000/_next/static/chunks/node_modules_next_dist_1e8vcs8._.js:1052
[  699052ms] [ERROR] ./app/hand-tracking/components/ChainRail.tsx:196:9
Error: Expression expected
  194 |         </div>
  195 |
> 196 |         <div className="ht-legend">
      |         ^
  197 |           <div className="ht-legend-item">
  198 |             <span className="ht-legend-dot ht-done" /> Completed
  199 |           </div>

Parsing ecmascript source code failed

Import trace:
  Server Component:
    ./app/hand-tracking/components/ChainRail.tsx
    ./app/hand-tracking/layout.tsx @ http://localhost:3000/_next/static/chunks/node_modules_next_dist_1e8vcs8._.js:1052
[  699053ms] [ERROR] ./app/hand-tracking/components/ChainRail.tsx:193:13
Error: Unexpected token. Did you mean `{'}'}` or `&rbrace;`?
  191 |               </div>
  192 |             </div>
> 193 |           ))}
      |             ^
  194 |         </div>
  195 |
  196 |         <div className="ht-legend">

Parsing ecmascript source code failed

Import trace:
  Server Component:
    ./app/hand-tracking/components/ChainRail.tsx
    ./app/hand-tracking/layout.tsx @ http://localhost:3000/_next/static/chunks/node_modules_next_dist_1e8vcs8._.js:1052
[  699116ms] [ERROR] ./app/hand-tracking/components/ChainRail.tsx:196:9
Error: Expression expected
  194 |         </div>
  195 |
> 196 |         <div className="ht-legend">
      |         ^
  197 |           <div className="ht-legend-item">
  198 |             <span className="ht-legend-dot ht-done" /> Completed
  199 |           </div>

Parsing ecmascript source code failed

Import trace:
  Server Component:
    ./app/hand-tracking/components/ChainRail.tsx
    ./app/hand-tracking/layout.tsx @ http://localhost:3000/_next/static/chunks/node_modules_next_dist_1e8vcs8._.js:1052
[  699116ms] [ERROR] ./app/hand-tracking/components/ChainRail.tsx:193:13
Error: Unexpected token. Did you mean `{'}'}` or `&rbrace;`?
  191 |               </div>
  192 |             </div>
> 193 |           ))}
      |             ^
  194 |         </div>
  195 |
  196 |         <div className="ht-legend">

Parsing ecmascript source code failed

Import trace:
  Server Component:
    ./app/hand-tracking/components/ChainRail.tsx
    ./app/hand-tracking/layout.tsx @ http://localhost:3000/_next/static/chunks/node_modules_next_dist_1e8vcs8._.js:1052
[  699196ms] [ERROR] ./app/hand-tracking/components/ChainRail.tsx:196:9
Error: Expression expected
  194 |         </div>
  195 |
> 196 |         <div className="ht-legend">
      |         ^
  197 |           <div className="ht-legend-item">
  198 |             <span className="ht-legend-dot ht-done" /> Completed
  199 |           </div>

Parsing ecmascript source code failed

Import trace:
  Server Component:
    ./app/hand-tracking/components/ChainRail.tsx
    ./app/hand-tracking/layout.tsx @ http://localhost:3000/_next/static/chunks/node_modules_next_dist_1e8vcs8._.js:1052
[  699197ms] [ERROR] ./app/hand-tracking/components/ChainRail.tsx:193:13
Error: Unexpected token. Did you mean `{'}'}` or `&rbrace;`?
  191 |               </div>
  192 |             </div>
> 193 |           ))}
      |             ^
  194 |         </div>
  195 |
  196 |         <div className="ht-legend">

Parsing ecmascript source code failed

Import trace:
  Server Component:
    ./app/hand-tracking/components/ChainRail.tsx
    ./app/hand-tracking/layout.tsx @ http://localhost:3000/_next/static/chunks/node_modules_next_dist_1e8vcs8._.js:1052
[  699254ms] [ERROR] ./app/hand-tracking/components/ChainRail.tsx:196:9
Error: Expression expected
  194 |         </div>
  195 |
> 196 |         <div className="ht-legend">
      |         ^
  197 |           <div className="ht-legend-item">
  198 |             <span className="ht-legend-dot ht-done" /> Completed
  199 |           </div>

Parsing ecmascript source code failed

Import trace:
  Server Component:
    ./app/hand-tracking/components/ChainRail.tsx
    ./app/hand-tracking/layout.tsx @ http://localhost:3000/_next/static/chunks/node_modules_next_dist_1e8vcs8._.js:1052
[  699255ms] [ERROR] ./app/hand-tracking/components/ChainRail.tsx:193:13
Error: Unexpected token. Did you mean `{'}'}` or `&rbrace;`?
  191 |               </div>
  192 |             </div>
> 193 |           ))}
      |             ^
  194 |         </div>
  195 |
  196 |         <div className="ht-legend">

Parsing ecmascript source code failed

Import trace:
  Server Component:
    ./app/hand-tracking/components/ChainRail.tsx
    ./app/hand-tracking/layout.tsx @ http://localhost:3000/_next/static/chunks/node_modules_next_dist_1e8vcs8._.js:1052
[  699360ms] [ERROR] ./app/hand-tracking/components/ChainRail.tsx:196:9
Error: Expression expected
  194 |         </div>
  195 |
> 196 |         <div className="ht-legend">
      |         ^
  197 |           <div className="ht-legend-item">
  198 |             <span className="ht-legend-dot ht-done" /> Completed
  199 |           </div>

Parsing ecmascript source code failed

Import trace:
  Server Component:
    ./app/hand-tracking/components/ChainRail.tsx
    ./app/hand-tracking/layout.tsx @ http://localhost:3000/_next/static/chunks/node_modules_next_dist_1e8vcs8._.js:1052
[  699360ms] [ERROR] ./app/hand-tracking/components/ChainRail.tsx:193:13
Error: Unexpected token. Did you mean `{'}'}` or `&rbrace;`?
  191 |               </div>
  192 |             </div>
> 193 |           ))}
      |             ^
  194 |         </div>
  195 |
  196 |         <div className="ht-legend">

Parsing ecmascript source code failed

Import trace:
  Server Component:
    ./app/hand-tracking/components/ChainRail.tsx
    ./app/hand-tracking/layout.tsx @ http://localhost:3000/_next/static/chunks/node_modules_next_dist_1e8vcs8._.js:1052
[  699426ms] [ERROR] ./app/hand-tracking/components/ChainRail.tsx:196:9
Error: Expression expected
  194 |         </div>
  195 |
> 196 |         <div className="ht-legend">
      |         ^
  197 |           <div className="ht-legend-item">
  198 |             <span className="ht-legend-dot ht-done" /> Completed
  199 |           </div>

Parsing ecmascript source code failed

Import trace:
  Server Component:
    ./app/hand-tracking/components/ChainRail.tsx
    ./app/hand-tracking/layout.tsx @ http://localhost:3000/_next/static/chunks/node_modules_next_dist_1e8vcs8._.js:1052
[  699427ms] [ERROR] ./app/hand-tracking/components/ChainRail.tsx:193:13
Error: Unexpected token. Did you mean `{'}'}` or `&rbrace;`?
  191 |               </div>
  192 |             </div>
> 193 |           ))}
      |             ^
  194 |         </div>
  195 |
  196 |         <div className="ht-legend">

Parsing ecmascript source code failed

Import trace:
  Server Component:
    ./app/hand-tracking/components/ChainRail.tsx
    ./app/hand-tracking/layout.tsx @ http://localhost:3000/_next/static/chunks/node_modules_next_dist_1e8vcs8._.js:1052
[  699488ms] [ERROR] ./app/hand-tracking/components/ChainRail.tsx:196:9
Error: Expression expected
  194 |         </div>
  195 |
> 196 |         <div className="ht-legend">
      |         ^
  197 |           <div className="ht-legend-item">
  198 |             <span className="ht-legend-dot ht-done" /> Completed
  199 |           </div>

Parsing ecmascript source code failed

Import trace:
  Server Component:
    ./app/hand-tracking/components/ChainRail.tsx
    ./app/hand-tracking/layout.tsx @ http://localhost:3000/_next/static/chunks/node_modules_next_dist_1e8vcs8._.js:1052
[  699488ms] [ERROR] ./app/hand-tracking/components/ChainRail.tsx:193:13
Error: Unexpected token. Did you mean `{'}'}` or `&rbrace;`?
  191 |               </div>
  192 |             </div>
> 193 |           ))}
      |             ^
  194 |         </div>
  195 |
  196 |         <div className="ht-legend">

Parsing ecmascript source code failed

Import trace:
  Server Component:
    ./app/hand-tracking/components/ChainRail.tsx
    ./app/hand-tracking/layout.tsx @ http://localhost:3000/_next/static/chunks/node_modules_next_dist_1e8vcs8._.js:1052
[  699550ms] [ERROR] ./app/hand-tracking/components/ChainRail.tsx:196:9
Error: Expression expected
  194 |         </div>
  195 |
> 196 |         <div className="ht-legend">
      |         ^
  197 |           <div className="ht-legend-item">
  198 |             <span className="ht-legend-dot ht-done" /> Completed
  199 |           </div>

Parsing ecmascript source code failed

Import trace:
  Server Component:
    ./app/hand-tracking/components/ChainRail.tsx
    ./app/hand-tracking/layout.tsx @ http://localhost:3000/_next/static/chunks/node_modules_next_dist_1e8vcs8._.js:1052
[  699551ms] [ERROR] ./app/hand-tracking/components/ChainRail.tsx:193:13
Error: Unexpected token. Did you mean `{'}'}` or `&rbrace;`?
  191 |               </div>
  192 |             </div>
> 193 |           ))}
      |             ^
  194 |         </div>
  195 |
  196 |         <div className="ht-legend">

Parsing ecmascript source code failed

Import trace:
  Server Component:
    ./app/hand-tracking/components/ChainRail.tsx
    ./app/hand-tracking/layout.tsx @ http://localhost:3000/_next/static/chunks/node_modules_next_dist_1e8vcs8._.js:1052
[  699611ms] [ERROR] ./app/hand-tracking/components/ChainRail.tsx:196:9
Error: Expression expected
  194 |         </div>
  195 |
> 196 |         <div className="ht-legend">
      |         ^
  197 |           <div className="ht-legend-item">
  198 |             <span className="ht-legend-dot ht-done" /> Completed
  199 |           </div>

Parsing ecmascript source code failed

Import trace:
  Server Component:
    ./app/hand-tracking/components/ChainRail.tsx
    ./app/hand-tracking/layout.tsx @ http://localhost:3000/_next/static/chunks/node_modules_next_dist_1e8vcs8._.js:1052
[  699612ms] [ERROR] ./app/hand-tracking/components/ChainRail.tsx:193:13
Error: Unexpected token. Did you mean `{'}'}` or `&rbrace;`?
  191 |               </div>
  192 |             </div>
> 193 |           ))}
      |             ^
  194 |         </div>
  195 |
  196 |         <div className="ht-legend">

Parsing ecmascript source code failed

Import trace:
  Server Component:
    ./app/hand-tracking/components/ChainRail.tsx
    ./app/hand-tracking/layout.tsx @ http://localhost:3000/_next/static/chunks/node_modules_next_dist_1e8vcs8._.js:1052
[  699675ms] [ERROR] ./app/hand-tracking/components/ChainRail.tsx:196:9
Error: Expression expected
  194 |         </div>
  195 |
> 196 |         <div className="ht-legend">
      |         ^
  197 |           <div className="ht-legend-item">
  198 |             <span className="ht-legend-dot ht-done" /> Completed
  199 |           </div>

Parsing ecmascript source code failed

Import trace:
  Server Component:
    ./app/hand-tracking/components/ChainRail.tsx
    ./app/hand-tracking/layout.tsx @ http://localhost:3000/_next/static/chunks/node_modules_next_dist_1e8vcs8._.js:1052
[  699676ms] [ERROR] ./app/hand-tracking/components/ChainRail.tsx:193:13
Error: Unexpected token. Did you mean `{'}'}` or `&rbrace;`?
  191 |               </div>
  192 |             </div>
> 193 |           ))}
      |             ^
  194 |         </div>
  195 |
  196 |         <div className="ht-legend">

Parsing ecmascript source code failed

Import trace:
  Server Component:
    ./app/hand-tracking/components/ChainRail.tsx
    ./app/hand-tracking/layout.tsx @ http://localhost:3000/_next/static/chunks/node_modules_next_dist_1e8vcs8._.js:1052
[  699739ms] [ERROR] ./app/hand-tracking/components/ChainRail.tsx:196:9
Error: Expression expected
  194 |         </div>
  195 |
> 196 |         <div className="ht-legend">
      |         ^
  197 |           <div className="ht-legend-item">
  198 |             <span className="ht-legend-dot ht-done" /> Completed
  199 |           </div>

Parsing ecmascript source code failed

Import trace:
  Server Component:
    ./app/hand-tracking/components/ChainRail.tsx
    ./app/hand-tracking/layout.tsx @ http://localhost:3000/_next/static/chunks/node_modules_next_dist_1e8vcs8._.js:1052
[  699739ms] [ERROR] ./app/hand-tracking/components/ChainRail.tsx:193:13
Error: Unexpected token. Did you mean `{'}'}` or `&rbrace;`?
  191 |               </div>
  192 |             </div>
> 193 |           ))}
      |             ^
  194 |         </div>
  195 |
  196 |         <div className="ht-legend">

Parsing ecmascript source code failed

Import trace:
  Server Component:
    ./app/hand-tracking/components/ChainRail.tsx
    ./app/hand-tracking/layout.tsx @ http://localhost:3000/_next/static/chunks/node_modules_next_dist_1e8vcs8._.js:1052
[  699801ms] [ERROR] ./app/hand-tracking/components/ChainRail.tsx:196:9
Error: Expression expected
  194 |         </div>
  195 |
> 196 |         <div className="ht-legend">
      |         ^
  197 |           <div className="ht-legend-item">
  198 |             <span className="ht-legend-dot ht-done" /> Completed
  199 |           </div>

Parsing ecmascript source code failed

Import trace:
  Server Component:
    ./app/hand-tracking/components/ChainRail.tsx
    ./app/hand-tracking/layout.tsx @ http://localhost:3000/_next/static/chunks/node_modules_next_dist_1e8vcs8._.js:1052
[  699801ms] [ERROR] ./app/hand-tracking/components/ChainRail.tsx:193:13
Error: Unexpected token. Did you mean `{'}'}` or `&rbrace;`?
  191 |               </div>
  192 |             </div>
> 193 |           ))}
      |             ^
  194 |         </div>
  195 |
  196 |         <div className="ht-legend">

Parsing ecmascript source code failed

Import trace:
  Server Component:
    ./app/hand-tracking/components/ChainRail.tsx
    ./app/hand-tracking/layout.tsx @ http://localhost:3000/_next/static/chunks/node_modules_next_dist_1e8vcs8._.js:1052
[  699864ms] [ERROR] ./app/hand-tracking/components/ChainRail.tsx:196:9
Error: Expression expected
  194 |         </div>
  195 |
> 196 |         <div className="ht-legend">
      |         ^
  197 |           <div className="ht-legend-item">
  198 |             <span className="ht-legend-dot ht-done" /> Completed
  199 |           </div>

Parsing ecmascript source code failed

Import trace:
  Server Component:
    ./app/hand-tracking/components/ChainRail.tsx
    ./app/hand-tracking/layout.tsx @ http://localhost:3000/_next/static/chunks/node_modules_next_dist_1e8vcs8._.js:1052
[  699865ms] [ERROR] ./app/hand-tracking/components/ChainRail.tsx:193:13
Error: Unexpected token. Did you mean `{'}'}` or `&rbrace;`?
  191 |               </div>
  192 |             </div>
> 193 |           ))}
      |             ^
  194 |         </div>
  195 |
  196 |         <div className="ht-legend">

Parsing ecmascript source code failed

Import trace:
  Server Component:
    ./app/hand-tracking/components/ChainRail.tsx
    ./app/hand-tracking/layout.tsx @ http://localhost:3000/_next/static/chunks/node_modules_next_dist_1e8vcs8._.js:1052
[  699926ms] [ERROR] ./app/hand-tracking/components/ChainRail.tsx:196:9
Error: Expression expected
  194 |         </div>
  195 |
> 196 |         <div className="ht-legend">
      |         ^
  197 |           <div className="ht-legend-item">
  198 |             <span className="ht-legend-dot ht-done" /> Completed
  199 |           </div>

Parsing ecmascript source code failed

Import trace:
  Server Component:
    ./app/hand-tracking/components/ChainRail.tsx
    ./app/hand-tracking/layout.tsx @ http://localhost:3000/_next/static/chunks/node_modules_next_dist_1e8vcs8._.js:1052
[  699927ms] [ERROR] ./app/hand-tracking/components/ChainRail.tsx:193:13
Error: Unexpected token. Did you mean `{'}'}` or `&rbrace;`?
  191 |               </div>
  192 |             </div>
> 193 |           ))}
      |             ^
  194 |         </div>
  195 |
  196 |         <div className="ht-legend">

Parsing ecmascript source code failed

Import trace:
  Server Component:
    ./app/hand-tracking/components/ChainRail.tsx
    ./app/hand-tracking/layout.tsx @ http://localhost:3000/_next/static/chunks/node_modules_next_dist_1e8vcs8._.js:1052
[  699990ms] [ERROR] ./app/hand-tracking/components/ChainRail.tsx:196:9
Error: Expression expected
  194 |         </div>
  195 |
> 196 |         <div className="ht-legend">
      |         ^
  197 |           <div className="ht-legend-item">
  198 |             <span className="ht-legend-dot ht-done" /> Completed
  199 |           </div>

Parsing ecmascript source code failed

Import trace:
  Server Component:
    ./app/hand-tracking/components/ChainRail.tsx
    ./app/hand-tracking/layout.tsx @ http://localhost:3000/_next/static/chunks/node_modules_next_dist_1e8vcs8._.js:1052
[  699991ms] [ERROR] ./app/hand-tracking/components/ChainRail.tsx:193:13
Error: Unexpected token. Did you mean `{'}'}` or `&rbrace;`?
  191 |               </div>
  192 |             </div>
> 193 |           ))}
      |             ^
  194 |         </div>
  195 |
  196 |         <div className="ht-legend">

Parsing ecmascript source code failed

Import trace:
  Server Component:
    ./app/hand-tracking/components/ChainRail.tsx
    ./app/hand-tracking/layout.tsx @ http://localhost:3000/_next/static/chunks/node_modules_next_dist_1e8vcs8._.js:1052
[  700051ms] [ERROR] ./app/hand-tracking/components/ChainRail.tsx:196:9
Error: Expression expected
  194 |         </div>
  195 |
> 196 |         <div className="ht-legend">
      |         ^
  197 |           <div className="ht-legend-item">
  198 |             <span className="ht-legend-dot ht-done" /> Completed
  199 |           </div>

Parsing ecmascript source code failed

Import trace:
  Server Component:
    ./app/hand-tracking/components/ChainRail.tsx
    ./app/hand-tracking/layout.tsx @ http://localhost:3000/_next/static/chunks/node_modules_next_dist_1e8vcs8._.js:1052
[  700051ms] [ERROR] ./app/hand-tracking/components/ChainRail.tsx:193:13
Error: Unexpected token. Did you mean `{'}'}` or `&rbrace;`?
  191 |               </div>
  192 |             </div>
> 193 |           ))}
      |             ^
  194 |         </div>
  195 |
  196 |         <div className="ht-legend">

Parsing ecmascript source code failed

Import trace:
  Server Component:
    ./app/hand-tracking/components/ChainRail.tsx
    ./app/hand-tracking/layout.tsx @ http://localhost:3000/_next/static/chunks/node_modules_next_dist_1e8vcs8._.js:1052
[  700113ms] [ERROR] ./app/hand-tracking/components/ChainRail.tsx:196:9
Error: Expression expected
  194 |         </div>
  195 |
> 196 |         <div className="ht-legend">
      |         ^
  197 |           <div className="ht-legend-item">
  198 |             <span className="ht-legend-dot ht-done" /> Completed
  199 |           </div>

Parsing ecmascript source code failed

Import trace:
  Server Component:
    ./app/hand-tracking/components/ChainRail.tsx
    ./app/hand-tracking/layout.tsx @ http://localhost:3000/_next/static/chunks/node_modules_next_dist_1e8vcs8._.js:1052
[  700113ms] [ERROR] ./app/hand-tracking/components/ChainRail.tsx:193:13
Error: Unexpected token. Did you mean `{'}'}` or `&rbrace;`?
  191 |               </div>
  192 |             </div>
> 193 |           ))}
      |             ^
  194 |         </div>
  195 |
  196 |         <div className="ht-legend">

Parsing ecmascript source code failed

Import trace:
  Server Component:
    ./app/hand-tracking/components/ChainRail.tsx
    ./app/hand-tracking/layout.tsx @ http://localhost:3000/_next/static/chunks/node_modules_next_dist_1e8vcs8._.js:1052
[  700177ms] [ERROR] ./app/hand-tracking/components/ChainRail.tsx:196:9
Error: Expression expected
  194 |         </div>
  195 |
> 196 |         <div className="ht-legend">
      |         ^
  197 |           <div className="ht-legend-item">
  198 |             <span className="ht-legend-dot ht-done" /> Completed
  199 |           </div>

Parsing ecmascript source code failed

Import trace:
  Server Component:
    ./app/hand-tracking/components/ChainRail.tsx
    ./app/hand-tracking/layout.tsx @ http://localhost:3000/_next/static/chunks/node_modules_next_dist_1e8vcs8._.js:1052
[  700177ms] [ERROR] ./app/hand-tracking/components/ChainRail.tsx:193:13
Error: Unexpected token. Did you mean `{'}'}` or `&rbrace;`?
  191 |               </div>
  192 |             </div>
> 193 |           ))}
      |             ^
  194 |         </div>
  195 |
  196 |         <div className="ht-legend">

Parsing ecmascript source code failed

Import trace:
  Server Component:
    ./app/hand-tracking/components/ChainRail.tsx
    ./app/hand-tracking/layout.tsx @ http://localhost:3000/_next/static/chunks/node_modules_next_dist_1e8vcs8._.js:1052
[  700238ms] [ERROR] ./app/hand-tracking/components/ChainRail.tsx:196:9
Error: Expression expected
  194 |         </div>
  195 |
> 196 |         <div className="ht-legend">
      |         ^
  197 |           <div className="ht-legend-item">
  198 |             <span className="ht-legend-dot ht-done" /> Completed
  199 |           </div>

Parsing ecmascript source code failed

Import trace:
  Server Component:
    ./app/hand-tracking/components/ChainRail.tsx
    ./app/hand-tracking/layout.tsx @ http://localhost:3000/_next/static/chunks/node_modules_next_dist_1e8vcs8._.js:1052
[  700238ms] [ERROR] ./app/hand-tracking/components/ChainRail.tsx:193:13
Error: Unexpected token. Did you mean `{'}'}` or `&rbrace;`?
  191 |               </div>
  192 |             </div>
> 193 |           ))}
      |             ^
  194 |         </div>
  195 |
  196 |         <div className="ht-legend">

Parsing ecmascript source code failed

Import trace:
  Server Component:
    ./app/hand-tracking/components/ChainRail.tsx
    ./app/hand-tracking/layout.tsx @ http://localhost:3000/_next/static/chunks/node_modules_next_dist_1e8vcs8._.js:1052
[  700300ms] [ERROR] ./app/hand-tracking/components/ChainRail.tsx:196:9
Error: Expression expected
  194 |         </div>
  195 |
> 196 |         <div className="ht-legend">
      |         ^
  197 |           <div className="ht-legend-item">
  198 |             <span className="ht-legend-dot ht-done" /> Completed
  199 |           </div>

Parsing ecmascript source code failed

Import trace:
  Server Component:
    ./app/hand-tracking/components/ChainRail.tsx
    ./app/hand-tracking/layout.tsx @ http://localhost:3000/_next/static/chunks/node_modules_next_dist_1e8vcs8._.js:1052
[  700300ms] [ERROR] ./app/hand-tracking/components/ChainRail.tsx:193:13
Error: Unexpected token. Did you mean `{'}'}` or `&rbrace;`?
  191 |               </div>
  192 |             </div>
> 193 |           ))}
      |             ^
  194 |         </div>
  195 |
  196 |         <div className="ht-legend">

Parsing ecmascript source code failed

Import trace:
  Server Component:
    ./app/hand-tracking/components/ChainRail.tsx
    ./app/hand-tracking/layout.tsx @ http://localhost:3000/_next/static/chunks/node_modules_next_dist_1e8vcs8._.js:1052
[  700362ms] [ERROR] ./app/hand-tracking/components/ChainRail.tsx:196:9
Error: Expression expected
  194 |         </div>
  195 |
> 196 |         <div className="ht-legend">
      |         ^
  197 |           <div className="ht-legend-item">
  198 |             <span className="ht-legend-dot ht-done" /> Completed
  199 |           </div>

Parsing ecmascript source code failed

Import trace:
  Server Component:
    ./app/hand-tracking/components/ChainRail.tsx
    ./app/hand-tracking/layout.tsx @ http://localhost:3000/_next/static/chunks/node_modules_next_dist_1e8vcs8._.js:1052
[  700362ms] [ERROR] ./app/hand-tracking/components/ChainRail.tsx:193:13
Error: Unexpected token. Did you mean `{'}'}` or `&rbrace;`?
  191 |               </div>
  192 |             </div>
> 193 |           ))}
      |             ^
  194 |         </div>
  195 |
  196 |         <div className="ht-legend">

Parsing ecmascript source code failed

Import trace:
  Server Component:
    ./app/hand-tracking/components/ChainRail.tsx
    ./app/hand-tracking/layout.tsx @ http://localhost:3000/_next/static/chunks/node_modules_next_dist_1e8vcs8._.js:1052
[  700425ms] [ERROR] ./app/hand-tracking/components/ChainRail.tsx:196:9
Error: Expression expected
  194 |         </div>
  195 |
> 196 |         <div className="ht-legend">
      |         ^
  197 |           <div className="ht-legend-item">
  198 |             <span className="ht-legend-dot ht-done" /> Completed
  199 |           </div>

Parsing ecmascript source code failed

Import trace:
  Server Component:
    ./app/hand-tracking/components/ChainRail.tsx
    ./app/hand-tracking/layout.tsx @ http://localhost:3000/_next/static/chunks/node_modules_next_dist_1e8vcs8._.js:1052
[  700426ms] [ERROR] ./app/hand-tracking/components/ChainRail.tsx:193:13
Error: Unexpected token. Did you mean `{'}'}` or `&rbrace;`?
  191 |               </div>
  192 |             </div>
> 193 |           ))}
      |             ^
  194 |         </div>
  195 |
  196 |         <div className="ht-legend">

Parsing ecmascript source code failed

Import trace:
  Server Component:
    ./app/hand-tracking/components/ChainRail.tsx
    ./app/hand-tracking/layout.tsx @ http://localhost:3000/_next/static/chunks/node_modules_next_dist_1e8vcs8._.js:1052
[  700488ms] [ERROR] ./app/hand-tracking/components/ChainRail.tsx:196:9
Error: Expression expected
  194 |         </div>
  195 |
> 196 |         <div className="ht-legend">
      |         ^
  197 |           <div className="ht-legend-item">
  198 |             <span className="ht-legend-dot ht-done" /> Completed
  199 |           </div>

Parsing ecmascript source code failed

Import trace:
  Server Component:
    ./app/hand-tracking/components/ChainRail.tsx
    ./app/hand-tracking/layout.tsx @ http://localhost:3000/_next/static/chunks/node_modules_next_dist_1e8vcs8._.js:1052
[  700489ms] [ERROR] ./app/hand-tracking/components/ChainRail.tsx:193:13
Error: Unexpected token. Did you mean `{'}'}` or `&rbrace;`?
  191 |               </div>
  192 |             </div>
> 193 |           ))}
      |             ^
  194 |         </div>
  195 |
  196 |         <div className="ht-legend">

Parsing ecmascript source code failed

Import trace:
  Server Component:
    ./app/hand-tracking/components/ChainRail.tsx
    ./app/hand-tracking/layout.tsx @ http://localhost:3000/_next/static/chunks/node_modules_next_dist_1e8vcs8._.js:1052
[  700550ms] [ERROR] ./app/hand-tracking/components/ChainRail.tsx:196:9
Error: Expression expected
  194 |         </div>
  195 |
> 196 |         <div className="ht-legend">
      |         ^
  197 |           <div className="ht-legend-item">
  198 |             <span className="ht-legend-dot ht-done" /> Completed
  199 |           </div>

Parsing ecmascript source code failed

Import trace:
  Server Component:
    ./app/hand-tracking/components/ChainRail.tsx
    ./app/hand-tracking/layout.tsx @ http://localhost:3000/_next/static/chunks/node_modules_next_dist_1e8vcs8._.js:1052
[  700551ms] [ERROR] ./app/hand-tracking/components/ChainRail.tsx:193:13
Error: Unexpected token. Did you mean `{'}'}` or `&rbrace;`?
  191 |               </div>
  192 |             </div>
> 193 |           ))}
      |             ^
  194 |         </div>
  195 |
  196 |         <div className="ht-legend">

Parsing ecmascript source code failed

Import trace:
  Server Component:
    ./app/hand-tracking/components/ChainRail.tsx
    ./app/hand-tracking/layout.tsx @ http://localhost:3000/_next/static/chunks/node_modules_next_dist_1e8vcs8._.js:1052
[  700611ms] [ERROR] ./app/hand-tracking/components/ChainRail.tsx:196:9
Error: Expression expected
  194 |         </div>
  195 |
> 196 |         <div className="ht-legend">
      |         ^
  197 |           <div className="ht-legend-item">
  198 |             <span className="ht-legend-dot ht-done" /> Completed
  199 |           </div>

Parsing ecmascript source code failed

Import trace:
  Server Component:
    ./app/hand-tracking/components/ChainRail.tsx
    ./app/hand-tracking/layout.tsx @ http://localhost:3000/_next/static/chunks/node_modules_next_dist_1e8vcs8._.js:1052
[  700612ms] [ERROR] ./app/hand-tracking/components/ChainRail.tsx:193:13
Error: Unexpected token. Did you mean `{'}'}` or `&rbrace;`?
  191 |               </div>
  192 |             </div>
> 193 |           ))}
      |             ^
  194 |         </div>
  195 |
  196 |         <div className="ht-legend">

Parsing ecmascript source code failed

Import trace:
  Server Component:
    ./app/hand-tracking/components/ChainRail.tsx
    ./app/hand-tracking/layout.tsx @ http://localhost:3000/_next/static/chunks/node_modules_next_dist_1e8vcs8._.js:1052
[  700674ms] [ERROR] ./app/hand-tracking/components/ChainRail.tsx:196:9
Error: Expression expected
  194 |         </div>
  195 |
> 196 |         <div className="ht-legend">
      |         ^
  197 |           <div className="ht-legend-item">
  198 |             <span className="ht-legend-dot ht-done" /> Completed
  199 |           </div>

Parsing ecmascript source code failed

Import trace:
  Server Component:
    ./app/hand-tracking/components/ChainRail.tsx
    ./app/hand-tracking/layout.tsx @ http://localhost:3000/_next/static/chunks/node_modules_next_dist_1e8vcs8._.js:1052
[  700674ms] [ERROR] ./app/hand-tracking/components/ChainRail.tsx:193:13
Error: Unexpected token. Did you mean `{'}'}` or `&rbrace;`?
  191 |               </div>
  192 |             </div>
> 193 |           ))}
      |             ^
  194 |         </div>
  195 |
  196 |         <div className="ht-legend">

Parsing ecmascript source code failed

Import trace:
  Server Component:
    ./app/hand-tracking/components/ChainRail.tsx
    ./app/hand-tracking/layout.tsx @ http://localhost:3000/_next/static/chunks/node_modules_next_dist_1e8vcs8._.js:1052
[  700735ms] [ERROR] ./app/hand-tracking/components/ChainRail.tsx:196:9
Error: Expression expected
  194 |         </div>
  195 |
> 196 |         <div className="ht-legend">
      |         ^
  197 |           <div className="ht-legend-item">
  198 |             <span className="ht-legend-dot ht-done" /> Completed
  199 |           </div>

Parsing ecmascript source code failed

Import trace:
  Server Component:
    ./app/hand-tracking/components/ChainRail.tsx
    ./app/hand-tracking/layout.tsx @ http://localhost:3000/_next/static/chunks/node_modules_next_dist_1e8vcs8._.js:1052
[  700735ms] [ERROR] ./app/hand-tracking/components/ChainRail.tsx:193:13
Error: Unexpected token. Did you mean `{'}'}` or `&rbrace;`?
  191 |               </div>
  192 |             </div>
> 193 |           ))}
      |             ^
  194 |         </div>
  195 |
  196 |         <div className="ht-legend">

Parsing ecmascript source code failed

Import trace:
  Server Component:
    ./app/hand-tracking/components/ChainRail.tsx
    ./app/hand-tracking/layout.tsx @ http://localhost:3000/_next/static/chunks/node_modules_next_dist_1e8vcs8._.js:1052
[  700799ms] [ERROR] ./app/hand-tracking/components/ChainRail.tsx:196:9
Error: Expression expected
  194 |         </div>
  195 |
> 196 |         <div className="ht-legend">
      |         ^
  197 |           <div className="ht-legend-item">
  198 |             <span className="ht-legend-dot ht-done" /> Completed
  199 |           </div>

Parsing ecmascript source code failed

Import trace:
  Server Component:
    ./app/hand-tracking/components/ChainRail.tsx
    ./app/hand-tracking/layout.tsx @ http://localhost:3000/_next/static/chunks/node_modules_next_dist_1e8vcs8._.js:1052
[  700799ms] [ERROR] ./app/hand-tracking/components/ChainRail.tsx:193:13
Error: Unexpected token. Did you mean `{'}'}` or `&rbrace;`?
  191 |               </div>
  192 |             </div>
> 193 |           ))}
      |             ^
  194 |         </div>
  195 |
  196 |         <div className="ht-legend">

Parsing ecmascript source code failed

Import trace:
  Server Component:
    ./app/hand-tracking/components/ChainRail.tsx
    ./app/hand-tracking/layout.tsx @ http://localhost:3000/_next/static/chunks/node_modules_next_dist_1e8vcs8._.js:1052
[  700891ms] [ERROR] ./app/hand-tracking/components/ChainRail.tsx:196:9
Error: Expression expected
  194 |         </div>
  195 |
> 196 |         <div className="ht-legend">
      |         ^
  197 |           <div className="ht-legend-item">
  198 |             <span className="ht-legend-dot ht-done" /> Completed
  199 |           </div>

Parsing ecmascript source code failed

Import trace:
  Server Component:
    ./app/hand-tracking/components/ChainRail.tsx
    ./app/hand-tracking/layout.tsx @ http://localhost:3000/_next/static/chunks/node_modules_next_dist_1e8vcs8._.js:1052
[  700892ms] [ERROR] ./app/hand-tracking/components/ChainRail.tsx:193:13
Error: Unexpected token. Did you mean `{'}'}` or `&rbrace;`?
  191 |               </div>
  192 |             </div>
> 193 |           ))}
      |             ^
  194 |         </div>
  195 |
  196 |         <div className="ht-legend">

Parsing ecmascript source code failed

Import trace:
  Server Component:
    ./app/hand-tracking/components/ChainRail.tsx
    ./app/hand-tracking/layout.tsx @ http://localhost:3000/_next/static/chunks/node_modules_next_dist_1e8vcs8._.js:1052
[  700952ms] [ERROR] ./app/hand-tracking/components/ChainRail.tsx:196:9
Error: Expression expected
  194 |         </div>
  195 |
> 196 |         <div className="ht-legend">
      |         ^
  197 |           <div className="ht-legend-item">
  198 |             <span className="ht-legend-dot ht-done" /> Completed
  199 |           </div>

Parsing ecmascript source code failed

Import trace:
  Server Component:
    ./app/hand-tracking/components/ChainRail.tsx
    ./app/hand-tracking/layout.tsx @ http://localhost:3000/_next/static/chunks/node_modules_next_dist_1e8vcs8._.js:1052
[  700952ms] [ERROR] ./app/hand-tracking/components/ChainRail.tsx:193:13
Error: Unexpected token. Did you mean `{'}'}` or `&rbrace;`?
  191 |               </div>
  192 |             </div>
> 193 |           ))}
      |             ^
  194 |         </div>
  195 |
  196 |         <div className="ht-legend">

Parsing ecmascript source code failed

Import trace:
  Server Component:
    ./app/hand-tracking/components/ChainRail.tsx
    ./app/hand-tracking/layout.tsx @ http://localhost:3000/_next/static/chunks/node_modules_next_dist_1e8vcs8._.js:1052
[  701016ms] [ERROR] ./app/hand-tracking/components/ChainRail.tsx:196:9
Error: Expression expected
  194 |         </div>
  195 |
> 196 |         <div className="ht-legend">
      |         ^
  197 |           <div className="ht-legend-item">
  198 |             <span className="ht-legend-dot ht-done" /> Completed
  199 |           </div>

Parsing ecmascript source code failed

Import trace:
  Server Component:
    ./app/hand-tracking/components/ChainRail.tsx
    ./app/hand-tracking/layout.tsx @ http://localhost:3000/_next/static/chunks/node_modules_next_dist_1e8vcs8._.js:1052
[  701017ms] [ERROR] ./app/hand-tracking/components/ChainRail.tsx:193:13
Error: Unexpected token. Did you mean `{'}'}` or `&rbrace;`?
  191 |               </div>
  192 |             </div>
> 193 |           ))}
      |             ^
  194 |         </div>
  195 |
  196 |         <div className="ht-legend">

Parsing ecmascript source code failed

Import trace:
  Server Component:
    ./app/hand-tracking/components/ChainRail.tsx
    ./app/hand-tracking/layout.tsx @ http://localhost:3000/_next/static/chunks/node_modules_next_dist_1e8vcs8._.js:1052
[  701077ms] [ERROR] ./app/hand-tracking/components/ChainRail.tsx:196:9
Error: Expression expected
  194 |         </div>
  195 |
> 196 |         <div className="ht-legend">
      |         ^
  197 |           <div className="ht-legend-item">
  198 |             <span className="ht-legend-dot ht-done" /> Completed
  199 |           </div>

Parsing ecmascript source code failed

Import trace:
  Server Component:
    ./app/hand-tracking/components/ChainRail.tsx
    ./app/hand-tracking/layout.tsx @ http://localhost:3000/_next/static/chunks/node_modules_next_dist_1e8vcs8._.js:1052
[  701077ms] [ERROR] ./app/hand-tracking/components/ChainRail.tsx:193:13
Error: Unexpected token. Did you mean `{'}'}` or `&rbrace;`?
  191 |               </div>
  192 |             </div>
> 193 |           ))}
      |             ^
  194 |         </div>
  195 |
  196 |         <div className="ht-legend">

Parsing ecmascript source code failed

Import trace:
  Server Component:
    ./app/hand-tracking/components/ChainRail.tsx
    ./app/hand-tracking/layout.tsx @ http://localhost:3000/_next/static/chunks/node_modules_next_dist_1e8vcs8._.js:1052
[  701140ms] [ERROR] ./app/hand-tracking/components/ChainRail.tsx:196:9
Error: Expression expected
  194 |         </div>
  195 |
> 196 |         <div className="ht-legend">
      |         ^
  197 |           <div className="ht-legend-item">
  198 |             <span className="ht-legend-dot ht-done" /> Completed
  199 |           </div>

Parsing ecmascript source code failed

Import trace:
  Server Component:
    ./app/hand-tracking/components/ChainRail.tsx
    ./app/hand-tracking/layout.tsx @ http://localhost:3000/_next/static/chunks/node_modules_next_dist_1e8vcs8._.js:1052
[  701140ms] [ERROR] ./app/hand-tracking/components/ChainRail.tsx:193:13
Error: Unexpected token. Did you mean `{'}'}` or `&rbrace;`?
  191 |               </div>
  192 |             </div>
> 193 |           ))}
      |             ^
  194 |         </div>
  195 |
  196 |         <div className="ht-legend">

Parsing ecmascript source code failed

Import trace:
  Server Component:
    ./app/hand-tracking/components/ChainRail.tsx
    ./app/hand-tracking/layout.tsx @ http://localhost:3000/_next/static/chunks/node_modules_next_dist_1e8vcs8._.js:1052
[  701201ms] [ERROR] ./app/hand-tracking/components/ChainRail.tsx:196:9
Error: Expression expected
  194 |         </div>
  195 |
> 196 |         <div className="ht-legend">
      |         ^
  197 |           <div className="ht-legend-item">
  198 |             <span className="ht-legend-dot ht-done" /> Completed
  199 |           </div>

Parsing ecmascript source code failed

Import trace:
  Server Component:
    ./app/hand-tracking/components/ChainRail.tsx
    ./app/hand-tracking/layout.tsx @ http://localhost:3000/_next/static/chunks/node_modules_next_dist_1e8vcs8._.js:1052
[  701202ms] [ERROR] ./app/hand-tracking/components/ChainRail.tsx:193:13
Error: Unexpected token. Did you mean `{'}'}` or `&rbrace;`?
  191 |               </div>
  192 |             </div>
> 193 |           ))}
      |             ^
  194 |         </div>
  195 |
  196 |         <div className="ht-legend">

Parsing ecmascript source code failed

Import trace:
  Server Component:
    ./app/hand-tracking/components/ChainRail.tsx
    ./app/hand-tracking/layout.tsx @ http://localhost:3000/_next/static/chunks/node_modules_next_dist_1e8vcs8._.js:1052
[  701265ms] [ERROR] ./app/hand-tracking/components/ChainRail.tsx:196:9
Error: Expression expected
  194 |         </div>
  195 |
> 196 |         <div className="ht-legend">
      |         ^
  197 |           <div className="ht-legend-item">
  198 |             <span className="ht-legend-dot ht-done" /> Completed
  199 |           </div>

Parsing ecmascript source code failed

Import trace:
  Server Component:
    ./app/hand-tracking/components/ChainRail.tsx
    ./app/hand-tracking/layout.tsx @ http://localhost:3000/_next/static/chunks/node_modules_next_dist_1e8vcs8._.js:1052
[  701266ms] [ERROR] ./app/hand-tracking/components/ChainRail.tsx:193:13
Error: Unexpected token. Did you mean `{'}'}` or `&rbrace;`?
  191 |               </div>
  192 |             </div>
> 193 |           ))}
      |             ^
  194 |         </div>
  195 |
  196 |         <div className="ht-legend">

Parsing ecmascript source code failed

Import trace:
  Server Component:
    ./app/hand-tracking/components/ChainRail.tsx
    ./app/hand-tracking/layout.tsx @ http://localhost:3000/_next/static/chunks/node_modules_next_dist_1e8vcs8._.js:1052
[  701326ms] [ERROR] ./app/hand-tracking/components/ChainRail.tsx:196:9
Error: Expression expected
  194 |         </div>
  195 |
> 196 |         <div className="ht-legend">
      |         ^
  197 |           <div className="ht-legend-item">
  198 |             <span className="ht-legend-dot ht-done" /> Completed
  199 |           </div>

Parsing ecmascript source code failed

Import trace:
  Server Component:
    ./app/hand-tracking/components/ChainRail.tsx
    ./app/hand-tracking/layout.tsx @ http://localhost:3000/_next/static/chunks/node_modules_next_dist_1e8vcs8._.js:1052
[  701327ms] [ERROR] ./app/hand-tracking/components/ChainRail.tsx:193:13
Error: Unexpected token. Did you mean `{'}'}` or `&rbrace;`?
  191 |               </div>
  192 |             </div>
> 193 |           ))}
      |             ^
  194 |         </div>
  195 |
  196 |         <div className="ht-legend">

Parsing ecmascript source code failed

Import trace:
  Server Component:
    ./app/hand-tracking/components/ChainRail.tsx
    ./app/hand-tracking/layout.tsx @ http://localhost:3000/_next/static/chunks/node_modules_next_dist_1e8vcs8._.js:1052
[  701383ms] [ERROR] ./app/hand-tracking/components/ChainRail.tsx:196:9
Error: Expression expected
  194 |         </div>
  195 |
> 196 |         <div className="ht-legend">
      |         ^
  197 |           <div className="ht-legend-item">
  198 |             <span className="ht-legend-dot ht-done" /> Completed
  199 |           </div>

Parsing ecmascript source code failed

Import trace:
  Server Component:
    ./app/hand-tracking/components/ChainRail.tsx
    ./app/hand-tracking/layout.tsx @ http://localhost:3000/_next/static/chunks/node_modules_next_dist_1e8vcs8._.js:1052
[  701383ms] [ERROR] ./app/hand-tracking/components/ChainRail.tsx:193:13
Error: Unexpected token. Did you mean `{'}'}` or `&rbrace;`?
  191 |               </div>
  192 |             </div>
> 193 |           ))}
      |             ^
  194 |         </div>
  195 |
  196 |         <div className="ht-legend">

Parsing ecmascript source code failed

Import trace:
  Server Component:
    ./app/hand-tracking/components/ChainRail.tsx
    ./app/hand-tracking/layout.tsx @ http://localhost:3000/_next/static/chunks/node_modules_next_dist_1e8vcs8._.js:1052
[  701502ms] [ERROR] ./app/hand-tracking/components/ChainRail.tsx:196:9
Error: Expression expected
  194 |         </div>
  195 |
> 196 |         <div className="ht-legend">
      |         ^
  197 |           <div className="ht-legend-item">
  198 |             <span className="ht-legend-dot ht-done" /> Completed
  199 |           </div>

Parsing ecmascript source code failed

Import trace:
  Server Component:
    ./app/hand-tracking/components/ChainRail.tsx
    ./app/hand-tracking/layout.tsx @ http://localhost:3000/_next/static/chunks/node_modules_next_dist_1e8vcs8._.js:1052
[  701502ms] [ERROR] ./app/hand-tracking/components/ChainRail.tsx:193:13
Error: Unexpected token. Did you mean `{'}'}` or `&rbrace;`?
  191 |               </div>
  192 |             </div>
> 193 |           ))}
      |             ^
  194 |         </div>
  195 |
  196 |         <div className="ht-legend">

Parsing ecmascript source code failed

Import trace:
  Server Component:
    ./app/hand-tracking/components/ChainRail.tsx
    ./app/hand-tracking/layout.tsx @ http://localhost:3000/_next/static/chunks/node_modules_next_dist_1e8vcs8._.js:1052
[  701562ms] [ERROR] ./app/hand-tracking/components/ChainRail.tsx:196:9
Error: Expression expected
  194 |         </div>
  195 |
> 196 |         <div className="ht-legend">
      |         ^
  197 |           <div className="ht-legend-item">
  198 |             <span className="ht-legend-dot ht-done" /> Completed
  199 |           </div>

Parsing ecmascript source code failed

Import trace:
  Server Component:
    ./app/hand-tracking/components/ChainRail.tsx
    ./app/hand-tracking/layout.tsx @ http://localhost:3000/_next/static/chunks/node_modules_next_dist_1e8vcs8._.js:1052
[  701563ms] [ERROR] ./app/hand-tracking/components/ChainRail.tsx:193:13
Error: Unexpected token. Did you mean `{'}'}` or `&rbrace;`?
  191 |               </div>
  192 |             </div>
> 193 |           ))}
      |             ^
  194 |         </div>
  195 |
  196 |         <div className="ht-legend">

Parsing ecmascript source code failed

Import trace:
  Server Component:
    ./app/hand-tracking/components/ChainRail.tsx
    ./app/hand-tracking/layout.tsx @ http://localhost:3000/_next/static/chunks/node_modules_next_dist_1e8vcs8._.js:1052
[  701589ms] [LOG] [Fast Refresh] rebuilding @ http://localhost:3000/_next/static/chunks/node_modules_next_dist_1e8vcs8._.js:776
[  701641ms] [ERROR] ./app/hand-tracking/components/ChainRail.tsx:196:9
Error: Expression expected
  194 |         </div>
  195 |
> 196 |         <div className="ht-legend">
      |         ^
  197 |           <div className="ht-legend-item">
  198 |             <span className="ht-legend-dot ht-done" /> Completed
  199 |           </div>

Parsing ecmascript source code failed

Import trace:
  Server Component:
    ./app/hand-tracking/components/ChainRail.tsx
    ./app/hand-tracking/layout.tsx @ http://localhost:3000/_next/static/chunks/node_modules_next_dist_1e8vcs8._.js:1052
[  701642ms] [ERROR] ./app/hand-tracking/components/ChainRail.tsx:193:13
Error: Unexpected token. Did you mean `{'}'}` or `&rbrace;`?
  191 |               </div>
  192 |             </div>
> 193 |           ))}
      |             ^
  194 |         </div>
  195 |
  196 |         <div className="ht-legend">

Parsing ecmascript source code failed

Import trace:
  Server Component:
    ./app/hand-tracking/components/ChainRail.tsx
    ./app/hand-tracking/layout.tsx @ http://localhost:3000/_next/static/chunks/node_modules_next_dist_1e8vcs8._.js:1052
[  701790ms] [LOG] [Fast Refresh] rebuilding @ http://localhost:3000/_next/static/chunks/node_modules_next_dist_1e8vcs8._.js:776
[  701983ms] [LOG] [Fast Refresh] done in 54ms @ http://localhost:3000/_next/static/chunks/node_modules_next_dist_1e8vcs8._.js:776
[  722023ms] [LOG] [Fast Refresh] rebuilding @ http://localhost:3000/_next/static/chunks/node_modules_next_dist_1e8vcs8._.js:776
[  722163ms] [LOG] [Fast Refresh] done in 20ms @ http://localhost:3000/_next/static/chunks/node_modules_next_dist_1e8vcs8._.js:776
[  722270ms] [LOG] [Fast Refresh] done in 20ms @ http://localhost:3000/_next/static/chunks/node_modules_next_dist_1e8vcs8._.js:776
[  722329ms] [LOG] [Fast Refresh] done in 20ms @ http://localhost:3000/_next/static/chunks/node_modules_next_dist_1e8vcs8._.js:776
[  722401ms] [LOG] [Fast Refresh] done in 20ms @ http://localhost:3000/_next/static/chunks/node_modules_next_dist_1e8vcs8._.js:776
[  722464ms] [LOG] [Fast Refresh] done in 20ms @ http://localhost:3000/_next/static/chunks/node_modules_next_dist_1e8vcs8._.js:776
[  722526ms] [LOG] [Fast Refresh] done in 20ms @ http://localhost:3000/_next/static/chunks/node_modules_next_dist_1e8vcs8._.js:776
[  722592ms] [LOG] [Fast Refresh] done in 20ms @ http://localhost:3000/_next/static/chunks/node_modules_next_dist_1e8vcs8._.js:776
[  722670ms] [LOG] [Fast Refresh] done in 20ms @ http://localhost:3000/_next/static/chunks/node_modules_next_dist_1e8vcs8._.js:776
[  722728ms] [LOG] [Fast Refresh] done in 20ms @ http://localhost:3000/_next/static/chunks/node_modules_next_dist_1e8vcs8._.js:776
[  722791ms] [LOG] [Fast Refresh] done in 20ms @ http://localhost:3000/_next/static/chunks/node_modules_next_dist_1e8vcs8._.js:776
[  722854ms] [LOG] [Fast Refresh] done in 20ms @ http://localhost:3000/_next/static/chunks/node_modules_next_dist_1e8vcs8._.js:776
[  722915ms] [LOG] [Fast Refresh] done in 20ms @ http://localhost:3000/_next/static/chunks/node_modules_next_dist_1e8vcs8._.js:776
[  722976ms] [LOG] [Fast Refresh] done in 20ms @ http://localhost:3000/_next/static/chunks/node_modules_next_dist_1e8vcs8._.js:776
[  723040ms] [LOG] [Fast Refresh] done in 20ms @ http://localhost:3000/_next/static/chunks/node_modules_next_dist_1e8vcs8._.js:776
[  723100ms] [LOG] [Fast Refresh] done in 20ms @ http://localhost:3000/_next/static/chunks/node_modules_next_dist_1e8vcs8._.js:776
[  723163ms] [LOG] [Fast Refresh] done in 20ms @ http://localhost:3000/_next/static/chunks/node_modules_next_dist_1e8vcs8._.js:776
[  723227ms] [LOG] [Fast Refresh] done in 20ms @ http://localhost:3000/_next/static/chunks/node_modules_next_dist_1e8vcs8._.js:776
[  723290ms] [LOG] [Fast Refresh] done in 20ms @ http://localhost:3000/_next/static/chunks/node_modules_next_dist_1e8vcs8._.js:776
[  723353ms] [LOG] [Fast Refresh] done in 20ms @ http://localhost:3000/_next/static/chunks/node_modules_next_dist_1e8vcs8._.js:776
[  723416ms] [LOG] [Fast Refresh] done in 20ms @ http://localhost:3000/_next/static/chunks/node_modules_next_dist_1e8vcs8._.js:776
[  723479ms] [LOG] [Fast Refresh] done in 20ms @ http://localhost:3000/_next/static/chunks/node_modules_next_dist_1e8vcs8._.js:776
[  723541ms] [LOG] [Fast Refresh] done in 20ms @ http://localhost:3000/_next/static/chunks/node_modules_next_dist_1e8vcs8._.js:776
[  723603ms] [LOG] [Fast Refresh] done in 20ms @ http://localhost:3000/_next/static/chunks/node_modules_next_dist_1e8vcs8._.js:776
[  723665ms] [LOG] [Fast Refresh] done in 20ms @ http://localhost:3000/_next/static/chunks/node_modules_next_dist_1e8vcs8._.js:776
[  723727ms] [LOG] [Fast Refresh] done in 20ms @ http://localhost:3000/_next/static/chunks/node_modules_next_dist_1e8vcs8._.js:776
[  723790ms] [LOG] [Fast Refresh] done in 20ms @ http://localhost:3000/_next/static/chunks/node_modules_next_dist_1e8vcs8._.js:776
[  723853ms] [LOG] [Fast Refresh] done in 20ms @ http://localhost:3000/_next/static/chunks/node_modules_next_dist_1e8vcs8._.js:776
[  723915ms] [LOG] [Fast Refresh] done in 20ms @ http://localhost:3000/_next/static/chunks/node_modules_next_dist_1e8vcs8._.js:776
[  723977ms] [LOG] [Fast Refresh] done in 20ms @ http://localhost:3000/_next/static/chunks/node_modules_next_dist_1e8vcs8._.js:776
[  724040ms] [LOG] [Fast Refresh] done in 20ms @ http://localhost:3000/_next/static/chunks/node_modules_next_dist_1e8vcs8._.js:776
[  724101ms] [LOG] [Fast Refresh] done in 20ms @ http://localhost:3000/_next/static/chunks/node_modules_next_dist_1e8vcs8._.js:776
[  724162ms] [LOG] [Fast Refresh] done in 20ms @ http://localhost:3000/_next/static/chunks/node_modules_next_dist_1e8vcs8._.js:776
[  724225ms] [LOG] [Fast Refresh] done in 20ms @ http://localhost:3000/_next/static/chunks/node_modules_next_dist_1e8vcs8._.js:776
[  724287ms] [LOG] [Fast Refresh] done in 20ms @ http://localhost:3000/_next/static/chunks/node_modules_next_dist_1e8vcs8._.js:776
[  724351ms] [LOG] [Fast Refresh] done in 20ms @ http://localhost:3000/_next/static/chunks/node_modules_next_dist_1e8vcs8._.js:776
[  724412ms] [LOG] [Fast Refresh] done in 20ms @ http://localhost:3000/_next/static/chunks/node_modules_next_dist_1e8vcs8._.js:776
[  724460ms] [LOG] [Fast Refresh] done in 20ms @ http://localhost:3000/_next/static/chunks/node_modules_next_dist_1e8vcs8._.js:776
[  724523ms] [LOG] [Fast Refresh] done in 20ms @ http://localhost:3000/_next/static/chunks/node_modules_next_dist_1e8vcs8._.js:776
[  724585ms] [LOG] [Fast Refresh] done in 20ms @ http://localhost:3000/_next/static/chunks/node_modules_next_dist_1e8vcs8._.js:776
[  724648ms] [LOG] [Fast Refresh] done in 20ms @ http://localhost:3000/_next/static/chunks/node_modules_next_dist_1e8vcs8._.js:776
[  724708ms] [LOG] [Fast Refresh] done in 20ms @ http://localhost:3000/_next/static/chunks/node_modules_next_dist_1e8vcs8._.js:776
[  724770ms] [LOG] [Fast Refresh] done in 20ms @ http://localhost:3000/_next/static/chunks/node_modules_next_dist_1e8vcs8._.js:776
[  724834ms] [LOG] [Fast Refresh] done in 20ms @ http://localhost:3000/_next/static/chunks/node_modules_next_dist_1e8vcs8._.js:776
[  724895ms] [LOG] [Fast Refresh] done in 20ms @ http://localhost:3000/_next/static/chunks/node_modules_next_dist_1e8vcs8._.js:776
[  724959ms] [LOG] [Fast Refresh] done in 20ms @ http://localhost:3000/_next/static/chunks/node_modules_next_dist_1e8vcs8._.js:776
[  725007ms] [LOG] [Fast Refresh] done in 20ms @ http://localhost:3000/_next/static/chunks/node_modules_next_dist_1e8vcs8._.js:776
[  725069ms] [LOG] [Fast Refresh] done in 20ms @ http://localhost:3000/_next/static/chunks/node_modules_next_dist_1e8vcs8._.js:776
[  725132ms] [LOG] [Fast Refresh] done in 20ms @ http://localhost:3000/_next/static/chunks/node_modules_next_dist_1e8vcs8._.js:776
[  725208ms] [LOG] [Fast Refresh] done in 20ms @ http://localhost:3000/_next/static/chunks/node_modules_next_dist_1e8vcs8._.js:776
[  725275ms] [LOG] [Fast Refresh] done in 20ms @ http://localhost:3000/_next/static/chunks/node_modules_next_dist_1e8vcs8._.js:776
[  725336ms] [LOG] [Fast Refresh] done in 20ms @ http://localhost:3000/_next/static/chunks/node_modules_next_dist_1e8vcs8._.js:776
[  725399ms] [LOG] [Fast Refresh] done in 20ms @ http://localhost:3000/_next/static/chunks/node_modules_next_dist_1e8vcs8._.js:776
[  725460ms] [LOG] [Fast Refresh] done in 20ms @ http://localhost:3000/_next/static/chunks/node_modules_next_dist_1e8vcs8._.js:776
[  725522ms] [LOG] [Fast Refresh] done in 20ms @ http://localhost:3000/_next/static/chunks/node_modules_next_dist_1e8vcs8._.js:776
[  725584ms] [LOG] [Fast Refresh] done in 20ms @ http://localhost:3000/_next/static/chunks/node_modules_next_dist_1e8vcs8._.js:776
[  725648ms] [LOG] [Fast Refresh] done in 20ms @ http://localhost:3000/_next/static/chunks/node_modules_next_dist_1e8vcs8._.js:776
[  725709ms] [LOG] [Fast Refresh] done in 20ms @ http://localhost:3000/_next/static/chunks/node_modules_next_dist_1e8vcs8._.js:776
[  725770ms] [LOG] [Fast Refresh] done in 20ms @ http://localhost:3000/_next/static/chunks/node_modules_next_dist_1e8vcs8._.js:776
[  725832ms] [LOG] [Fast Refresh] done in 20ms @ http://localhost:3000/_next/static/chunks/node_modules_next_dist_1e8vcs8._.js:776
[  725895ms] [LOG] [Fast Refresh] done in 20ms @ http://localhost:3000/_next/static/chunks/node_modules_next_dist_1e8vcs8._.js:776
[  725958ms] [LOG] [Fast Refresh] done in 20ms @ http://localhost:3000/_next/static/chunks/node_modules_next_dist_1e8vcs8._.js:776
[  726020ms] [LOG] [Fast Refresh] done in 20ms @ http://localhost:3000/_next/static/chunks/node_modules_next_dist_1e8vcs8._.js:776
[  726081ms] [LOG] [Fast Refresh] done in 20ms @ http://localhost:3000/_next/static/chunks/node_modules_next_dist_1e8vcs8._.js:776
[  726144ms] [LOG] [Fast Refresh] done in 20ms @ http://localhost:3000/_next/static/chunks/node_modules_next_dist_1e8vcs8._.js:776
[  726207ms] [LOG] [Fast Refresh] done in 20ms @ http://localhost:3000/_next/static/chunks/node_modules_next_dist_1e8vcs8._.js:776
[  726269ms] [LOG] [Fast Refresh] done in 20ms @ http://localhost:3000/_next/static/chunks/node_modules_next_dist_1e8vcs8._.js:776
[  726334ms] [LOG] [Fast Refresh] done in 20ms @ http://localhost:3000/_next/static/chunks/node_modules_next_dist_1e8vcs8._.js:776
[  726394ms] [LOG] [Fast Refresh] done in 20ms @ http://localhost:3000/_next/static/chunks/node_modules_next_dist_1e8vcs8._.js:776
[  726457ms] [LOG] [Fast Refresh] done in 20ms @ http://localhost:3000/_next/static/chunks/node_modules_next_dist_1e8vcs8._.js:776
[  726518ms] [LOG] [Fast Refresh] done in 20ms @ http://localhost:3000/_next/static/chunks/node_modules_next_dist_1e8vcs8._.js:776
[  726583ms] [LOG] [Fast Refresh] done in 20ms @ http://localhost:3000/_next/static/chunks/node_modules_next_dist_1e8vcs8._.js:776
[  726644ms] [LOG] [Fast Refresh] done in 20ms @ http://localhost:3000/_next/static/chunks/node_modules_next_dist_1e8vcs8._.js:776
[  726706ms] [LOG] [Fast Refresh] done in 20ms @ http://localhost:3000/_next/static/chunks/node_modules_next_dist_1e8vcs8._.js:776
[  726768ms] [LOG] [Fast Refresh] done in 20ms @ http://localhost:3000/_next/static/chunks/node_modules_next_dist_1e8vcs8._.js:776
[  726831ms] [LOG] [Fast Refresh] done in 20ms @ http://localhost:3000/_next/static/chunks/node_modules_next_dist_1e8vcs8._.js:776
[  726894ms] [LOG] [Fast Refresh] done in 20ms @ http://localhost:3000/_next/static/chunks/node_modules_next_dist_1e8vcs8._.js:776
[  726957ms] [LOG] [Fast Refresh] done in 20ms @ http://localhost:3000/_next/static/chunks/node_modules_next_dist_1e8vcs8._.js:776
[  727018ms] [LOG] [Fast Refresh] done in 20ms @ http://localhost:3000/_next/static/chunks/node_modules_next_dist_1e8vcs8._.js:776
[  727082ms] [LOG] [Fast Refresh] done in 20ms @ http://localhost:3000/_next/static/chunks/node_modules_next_dist_1e8vcs8._.js:776
[  727144ms] [LOG] [Fast Refresh] done in 20ms @ http://localhost:3000/_next/static/chunks/node_modules_next_dist_1e8vcs8._.js:776
[  727216ms] [LOG] [Fast Refresh] done in 20ms @ http://localhost:3000/_next/static/chunks/node_modules_next_dist_1e8vcs8._.js:776
[  727285ms] [LOG] [Fast Refresh] done in 20ms @ http://localhost:3000/_next/static/chunks/node_modules_next_dist_1e8vcs8._.js:776
[  727347ms] [LOG] [Fast Refresh] done in 20ms @ http://localhost:3000/_next/static/chunks/node_modules_next_dist_1e8vcs8._.js:776
[  727409ms] [LOG] [Fast Refresh] done in 20ms @ http://localhost:3000/_next/static/chunks/node_modules_next_dist_1e8vcs8._.js:776
[  727471ms] [LOG] [Fast Refresh] done in 20ms @ http://localhost:3000/_next/static/chunks/node_modules_next_dist_1e8vcs8._.js:776
[  727534ms] [LOG] [Fast Refresh] done in 20ms @ http://localhost:3000/_next/static/chunks/node_modules_next_dist_1e8vcs8._.js:776
[  727596ms] [LOG] [Fast Refresh] done in 20ms @ http://localhost:3000/_next/static/chunks/node_modules_next_dist_1e8vcs8._.js:776
[  727658ms] [LOG] [Fast Refresh] done in 20ms @ http://localhost:3000/_next/static/chunks/node_modules_next_dist_1e8vcs8._.js:776
[  727719ms] [LOG] [Fast Refresh] done in 20ms @ http://localhost:3000/_next/static/chunks/node_modules_next_dist_1e8vcs8._.js:776
[  727781ms] [LOG] [Fast Refresh] done in 20ms @ http://localhost:3000/_next/static/chunks/node_modules_next_dist_1e8vcs8._.js:776
[  727844ms] [LOG] [Fast Refresh] done in 20ms @ http://localhost:3000/_next/static/chunks/node_modules_next_dist_1e8vcs8._.js:776
[  727907ms] [LOG] [Fast Refresh] done in 20ms @ http://localhost:3000/_next/static/chunks/node_modules_next_dist_1e8vcs8._.js:776
[  727970ms] [LOG] [Fast Refresh] done in 20ms @ http://localhost:3000/_next/static/chunks/node_modules_next_dist_1e8vcs8._.js:776
[  728033ms] [LOG] [Fast Refresh] done in 20ms @ http://localhost:3000/_next/static/chunks/node_modules_next_dist_1e8vcs8._.js:776
[  728096ms] [LOG] [Fast Refresh] done in 20ms @ http://localhost:3000/_next/static/chunks/node_modules_next_dist_1e8vcs8._.js:776
[  728144ms] [LOG] [Fast Refresh] done in 20ms @ http://localhost:3000/_next/static/chunks/node_modules_next_dist_1e8vcs8._.js:776
[  728208ms] [LOG] [Fast Refresh] done in 20ms @ http://localhost:3000/_next/static/chunks/node_modules_next_dist_1e8vcs8._.js:776
[  728270ms] [LOG] [Fast Refresh] done in 20ms @ http://localhost:3000/_next/static/chunks/node_modules_next_dist_1e8vcs8._.js:776
[  728332ms] [LOG] [Fast Refresh] done in 20ms @ http://localhost:3000/_next/static/chunks/node_modules_next_dist_1e8vcs8._.js:776
[  728393ms] [LOG] [Fast Refresh] done in 20ms @ http://localhost:3000/_next/static/chunks/node_modules_next_dist_1e8vcs8._.js:776
[  728457ms] [LOG] [Fast Refresh] done in 20ms @ http://localhost:3000/_next/static/chunks/node_modules_next_dist_1e8vcs8._.js:776
[  728518ms] [LOG] [Fast Refresh] done in 20ms @ http://localhost:3000/_next/static/chunks/node_modules_next_dist_1e8vcs8._.js:776
[  728581ms] [LOG] [Fast Refresh] done in 20ms @ http://localhost:3000/_next/static/chunks/node_modules_next_dist_1e8vcs8._.js:776
[  728645ms] [LOG] [Fast Refresh] done in 20ms @ http://localhost:3000/_next/static/chunks/node_modules_next_dist_1e8vcs8._.js:776
[  728708ms] [LOG] [Fast Refresh] done in 20ms @ http://localhost:3000/_next/static/chunks/node_modules_next_dist_1e8vcs8._.js:776
[  728771ms] [LOG] [Fast Refresh] done in 20ms @ http://localhost:3000/_next/static/chunks/node_modules_next_dist_1e8vcs8._.js:776
[  728835ms] [LOG] [Fast Refresh] done in 20ms @ http://localhost:3000/_next/static/chunks/node_modules_next_dist_1e8vcs8._.js:776
[  728896ms] [LOG] [Fast Refresh] done in 20ms @ http://localhost:3000/_next/static/chunks/node_modules_next_dist_1e8vcs8._.js:776
[  728959ms] [LOG] [Fast Refresh] done in 20ms @ http://localhost:3000/_next/static/chunks/node_modules_next_dist_1e8vcs8._.js:776
[  729024ms] [LOG] [Fast Refresh] done in 20ms @ http://localhost:3000/_next/static/chunks/node_modules_next_dist_1e8vcs8._.js:776
[  729084ms] [LOG] [Fast Refresh] done in 20ms @ http://localhost:3000/_next/static/chunks/node_modules_next_dist_1e8vcs8._.js:776
[  729145ms] [LOG] [Fast Refresh] done in 20ms @ http://localhost:3000/_next/static/chunks/node_modules_next_dist_1e8vcs8._.js:776
[  729208ms] [LOG] [Fast Refresh] done in 20ms @ http://localhost:3000/_next/static/chunks/node_modules_next_dist_1e8vcs8._.js:776
[  729271ms] [LOG] [Fast Refresh] done in 20ms @ http://localhost:3000/_next/static/chunks/node_modules_next_dist_1e8vcs8._.js:776
[  729334ms] [LOG] [Fast Refresh] done in 20ms @ http://localhost:3000/_next/static/chunks/node_modules_next_dist_1e8vcs8._.js:776
[  729424ms] [LOG] [Fast Refresh] done in 20ms @ http://localhost:3000/_next/static/chunks/node_modules_next_dist_1e8vcs8._.js:776
[  729510ms] [LOG] [Fast Refresh] done in 20ms @ http://localhost:3000/_next/static/chunks/node_modules_next_dist_1e8vcs8._.js:776
[  729584ms] [LOG] [Fast Refresh] done in 20ms @ http://localhost:3000/_next/static/chunks/node_modules_next_dist_1e8vcs8._.js:776
[  729647ms] [LOG] [Fast Refresh] done in 20ms @ http://localhost:3000/_next/static/chunks/node_modules_next_dist_1e8vcs8._.js:776
[  729709ms] [LOG] [Fast Refresh] done in 20ms @ http://localhost:3000/_next/static/chunks/node_modules_next_dist_1e8vcs8._.js:776
[  729774ms] [LOG] [Fast Refresh] done in 20ms @ http://localhost:3000/_next/static/chunks/node_modules_next_dist_1e8vcs8._.js:776
[  729836ms] [LOG] [Fast Refresh] done in 20ms @ http://localhost:3000/_next/static/chunks/node_modules_next_dist_1e8vcs8._.js:776
[  729899ms] [LOG] [Fast Refresh] done in 20ms @ http://localhost:3000/_next/static/chunks/node_modules_next_dist_1e8vcs8._.js:776
[  729961ms] [LOG] [Fast Refresh] done in 20ms @ http://localhost:3000/_next/static/chunks/node_modules_next_dist_1e8vcs8._.js:776
[  730024ms] [LOG] [Fast Refresh] done in 20ms @ http://localhost:3000/_next/static/chunks/node_modules_next_dist_1e8vcs8._.js:776
[  730087ms] [LOG] [Fast Refresh] done in 20ms @ http://localhost:3000/_next/static/chunks/node_modules_next_dist_1e8vcs8._.js:776
[  730134ms] [LOG] [Fast Refresh] done in 20ms @ http://localhost:3000/_next/static/chunks/node_modules_next_dist_1e8vcs8._.js:776
[  730198ms] [LOG] [Fast Refresh] done in 20ms @ http://localhost:3000/_next/static/chunks/node_modules_next_dist_1e8vcs8._.js:776
[  730261ms] [LOG] [Fast Refresh] done in 20ms @ http://localhost:3000/_next/static/chunks/node_modules_next_dist_1e8vcs8._.js:776
[  730325ms] [LOG] [Fast Refresh] done in 20ms @ http://localhost:3000/_next/static/chunks/node_modules_next_dist_1e8vcs8._.js:776
[  730387ms] [LOG] [Fast Refresh] done in 20ms @ http://localhost:3000/_next/static/chunks/node_modules_next_dist_1e8vcs8._.js:776
[  730449ms] [LOG] [Fast Refresh] done in 20ms @ http://localhost:3000/_next/static/chunks/node_modules_next_dist_1e8vcs8._.js:776
[  730511ms] [LOG] [Fast Refresh] done in 20ms @ http://localhost:3000/_next/static/chunks/node_modules_next_dist_1e8vcs8._.js:776
[  730573ms] [LOG] [Fast Refresh] done in 20ms @ http://localhost:3000/_next/static/chunks/node_modules_next_dist_1e8vcs8._.js:776
[  730635ms] [LOG] [Fast Refresh] done in 20ms @ http://localhost:3000/_next/static/chunks/node_modules_next_dist_1e8vcs8._.js:776
[  730696ms] [LOG] [Fast Refresh] done in 20ms @ http://localhost:3000/_next/static/chunks/node_modules_next_dist_1e8vcs8._.js:776
[  730759ms] [LOG] [Fast Refresh] done in 20ms @ http://localhost:3000/_next/static/chunks/node_modules_next_dist_1e8vcs8._.js:776
[  730823ms] [LOG] [Fast Refresh] done in 20ms @ http://localhost:3000/_next/static/chunks/node_modules_next_dist_1e8vcs8._.js:776
[  730886ms] [LOG] [Fast Refresh] done in 20ms @ http://localhost:3000/_next/static/chunks/node_modules_next_dist_1e8vcs8._.js:776
[  730948ms] [LOG] [Fast Refresh] done in 20ms @ http://localhost:3000/_next/static/chunks/node_modules_next_dist_1e8vcs8._.js:776
[  731011ms] [LOG] [Fast Refresh] done in 20ms @ http://localhost:3000/_next/static/chunks/node_modules_next_dist_1e8vcs8._.js:776
[  731074ms] [LOG] [Fast Refresh] done in 20ms @ http://localhost:3000/_next/static/chunks/node_modules_next_dist_1e8vcs8._.js:776
[  731134ms] [LOG] [Fast Refresh] done in 20ms @ http://localhost:3000/_next/static/chunks/node_modules_next_dist_1e8vcs8._.js:776
[  731198ms] [LOG] [Fast Refresh] done in 20ms @ http://localhost:3000/_next/static/chunks/node_modules_next_dist_1e8vcs8._.js:776
[  731258ms] [LOG] [Fast Refresh] done in 20ms @ http://localhost:3000/_next/static/chunks/node_modules_next_dist_1e8vcs8._.js:776
[  731320ms] [LOG] [Fast Refresh] done in 20ms @ http://localhost:3000/_next/static/chunks/node_modules_next_dist_1e8vcs8._.js:776
[  731384ms] [LOG] [Fast Refresh] done in 20ms @ http://localhost:3000/_next/static/chunks/node_modules_next_dist_1e8vcs8._.js:776
[  731571ms] [LOG] [Fast Refresh] done in 20ms @ http://localhost:3000/_next/static/chunks/node_modules_next_dist_1e8vcs8._.js:776
[  731632ms] [LOG] [Fast Refresh] done in 20ms @ http://localhost:3000/_next/static/chunks/node_modules_next_dist_1e8vcs8._.js:776
[  731696ms] [LOG] [Fast Refresh] done in 20ms @ http://localhost:3000/_next/static/chunks/node_modules_next_dist_1e8vcs8._.js:776
[  731758ms] [LOG] [Fast Refresh] done in 20ms @ http://localhost:3000/_next/static/chunks/node_modules_next_dist_1e8vcs8._.js:776
[  731829ms] [LOG] [Fast Refresh] done in 20ms @ http://localhost:3000/_next/static/chunks/node_modules_next_dist_1e8vcs8._.js:776
[  731901ms] [LOG] [Fast Refresh] done in 20ms @ http://localhost:3000/_next/static/chunks/node_modules_next_dist_1e8vcs8._.js:776
[  731962ms] [LOG] [Fast Refresh] done in 20ms @ http://localhost:3000/_next/static/chunks/node_modules_next_dist_1e8vcs8._.js:776
[  732025ms] [LOG] [Fast Refresh] done in 20ms @ http://localhost:3000/_next/static/chunks/node_modules_next_dist_1e8vcs8._.js:776
[  732087ms] [LOG] [Fast Refresh] done in 20ms @ http://localhost:3000/_next/static/chunks/node_modules_next_dist_1e8vcs8._.js:776
[  732150ms] [LOG] [Fast Refresh] done in 20ms @ http://localhost:3000/_next/static/chunks/node_modules_next_dist_1e8vcs8._.js:776
[  732213ms] [LOG] [Fast Refresh] done in 20ms @ http://localhost:3000/_next/static/chunks/node_modules_next_dist_1e8vcs8._.js:776
[  732275ms] [LOG] [Fast Refresh] done in 20ms @ http://localhost:3000/_next/static/chunks/node_modules_next_dist_1e8vcs8._.js:776
[  732338ms] [LOG] [Fast Refresh] done in 20ms @ http://localhost:3000/_next/static/chunks/node_modules_next_dist_1e8vcs8._.js:776
[  732401ms] [LOG] [Fast Refresh] done in 20ms @ http://localhost:3000/_next/static/chunks/node_modules_next_dist_1e8vcs8._.js:776
[  732465ms] [LOG] [Fast Refresh] done in 20ms @ http://localhost:3000/_next/static/chunks/node_modules_next_dist_1e8vcs8._.js:776
[  732525ms] [LOG] [Fast Refresh] done in 20ms @ http://localhost:3000/_next/static/chunks/node_modules_next_dist_1e8vcs8._.js:776
[  732590ms] [LOG] [Fast Refresh] done in 20ms @ http://localhost:3000/_next/static/chunks/node_modules_next_dist_1e8vcs8._.js:776
[  732652ms] [LOG] [Fast Refresh] done in 20ms @ http://localhost:3000/_next/static/chunks/node_modules_next_dist_1e8vcs8._.js:776
[  732715ms] [LOG] [Fast Refresh] done in 20ms @ http://localhost:3000/_next/static/chunks/node_modules_next_dist_1e8vcs8._.js:776
[  732777ms] [LOG] [Fast Refresh] done in 20ms @ http://localhost:3000/_next/static/chunks/node_modules_next_dist_1e8vcs8._.js:776
[  732841ms] [LOG] [Fast Refresh] done in 20ms @ http://localhost:3000/_next/static/chunks/node_modules_next_dist_1e8vcs8._.js:776
[  732903ms] [LOG] [Fast Refresh] done in 20ms @ http://localhost:3000/_next/static/chunks/node_modules_next_dist_1e8vcs8._.js:776
[  732966ms] [LOG] [Fast Refresh] done in 20ms @ http://localhost:3000/_next/static/chunks/node_modules_next_dist_1e8vcs8._.js:776
[  733029ms] [LOG] [Fast Refresh] done in 20ms @ http://localhost:3000/_next/static/chunks/node_modules_next_dist_1e8vcs8._.js:776
[  733091ms] [LOG] [Fast Refresh] done in 20ms @ http://localhost:3000/_next/static/chunks/node_modules_next_dist_1e8vcs8._.js:776
[  733155ms] [LOG] [Fast Refresh] done in 20ms @ http://localhost:3000/_next/static/chunks/node_modules_next_dist_1e8vcs8._.js:776
[  733217ms] [LOG] [Fast Refresh] done in 20ms @ http://localhost:3000/_next/static/chunks/node_modules_next_dist_1e8vcs8._.js:776
[  733280ms] [LOG] [Fast Refresh] done in 20ms @ http://localhost:3000/_next/static/chunks/node_modules_next_dist_1e8vcs8._.js:776
[  733345ms] [LOG] [Fast Refresh] done in 20ms @ http://localhost:3000/_next/static/chunks/node_modules_next_dist_1e8vcs8._.js:776
[  733406ms] [LOG] [Fast Refresh] done in 20ms @ http://localhost:3000/_next/static/chunks/node_modules_next_dist_1e8vcs8._.js:776
[  733468ms] [LOG] [Fast Refresh] done in 20ms @ http://localhost:3000/_next/static/chunks/node_modules_next_dist_1e8vcs8._.js:776
[  733529ms] [LOG] [Fast Refresh] done in 20ms @ http://localhost:3000/_next/static/chunks/node_modules_next_dist_1e8vcs8._.js:776
[  733591ms] [LOG] [Fast Refresh] done in 20ms @ http://localhost:3000/_next/static/chunks/node_modules_next_dist_1e8vcs8._.js:776
[  733653ms] [LOG] [Fast Refresh] done in 20ms @ http://localhost:3000/_next/static/chunks/node_modules_next_dist_1e8vcs8._.js:776
[  733715ms] [LOG] [Fast Refresh] done in 20ms @ http://localhost:3000/_next/static/chunks/node_modules_next_dist_1e8vcs8._.js:776
[  733778ms] [LOG] [Fast Refresh] done in 20ms @ http://localhost:3000/_next/static/chunks/node_modules_next_dist_1e8vcs8._.js:776
[  733841ms] [LOG] [Fast Refresh] done in 20ms @ http://localhost:3000/_next/static/chunks/node_modules_next_dist_1e8vcs8._.js:776
[  733901ms] [LOG] [Fast Refresh] done in 20ms @ http://localhost:3000/_next/static/chunks/node_modules_next_dist_1e8vcs8._.js:776
[  733963ms] [LOG] [Fast Refresh] done in 20ms @ http://localhost:3000/_next/static/chunks/node_modules_next_dist_1e8vcs8._.js:776
[  734024ms] [LOG] [Fast Refresh] done in 20ms @ http://localhost:3000/_next/static/chunks/node_modules_next_dist_1e8vcs8._.js:776
[  734093ms] [LOG] [Fast Refresh] done in 20ms @ http://localhost:3000/_next/static/chunks/node_modules_next_dist_1e8vcs8._.js:776
[  734208ms] [LOG] [Fast Refresh] done in 20ms @ http://localhost:3000/_next/static/chunks/node_modules_next_dist_1e8vcs8._.js:776
[  734293ms] [LOG] [Fast Refresh] done in 20ms @ http://localhost:3000/_next/static/chunks/node_modules_next_dist_1e8vcs8._.js:776
[  734350ms] [LOG] [Fast Refresh] done in 20ms @ http://localhost:3000/_next/static/chunks/node_modules_next_dist_1e8vcs8._.js:776
[  734412ms] [LOG] [Fast Refresh] done in 20ms @ http://localhost:3000/_next/static/chunks/node_modules_next_dist_1e8vcs8._.js:776
[  734475ms] [LOG] [Fast Refresh] done in 20ms @ http://localhost:3000/_next/static/chunks/node_modules_next_dist_1e8vcs8._.js:776
[  734537ms] [LOG] [Fast Refresh] done in 20ms @ http://localhost:3000/_next/static/chunks/node_modules_next_dist_1e8vcs8._.js:776
[  734600ms] [LOG] [Fast Refresh] done in 20ms @ http://localhost:3000/_next/static/chunks/node_modules_next_dist_1e8vcs8._.js:776
[  734665ms] [LOG] [Fast Refresh] done in 20ms @ http://localhost:3000/_next/static/chunks/node_modules_next_dist_1e8vcs8._.js:776
[  734726ms] [LOG] [Fast Refresh] done in 20ms @ http://localhost:3000/_next/static/chunks/node_modules_next_dist_1e8vcs8._.js:776
[  734787ms] [LOG] [Fast Refresh] done in 20ms @ http://localhost:3000/_next/static/chunks/node_modules_next_dist_1e8vcs8._.js:776
[  734849ms] [LOG] [Fast Refresh] done in 20ms @ http://localhost:3000/_next/static/chunks/node_modules_next_dist_1e8vcs8._.js:776
[  734911ms] [LOG] [Fast Refresh] done in 20ms @ http://localhost:3000/_next/static/chunks/node_modules_next_dist_1e8vcs8._.js:776
[  734974ms] [LOG] [Fast Refresh] done in 20ms @ http://localhost:3000/_next/static/chunks/node_modules_next_dist_1e8vcs8._.js:776
[  735033ms] [LOG] [Fast Refresh] done in 20ms @ http://localhost:3000/_next/static/chunks/node_modules_next_dist_1e8vcs8._.js:776
[  735096ms] [LOG] [Fast Refresh] done in 20ms @ http://localhost:3000/_next/static/chunks/node_modules_next_dist_1e8vcs8._.js:776
[  735158ms] [LOG] [Fast Refresh] done in 20ms @ http://localhost:3000/_next/static/chunks/node_modules_next_dist_1e8vcs8._.js:776
[  735220ms] [LOG] [Fast Refresh] done in 20ms @ http://localhost:3000/_next/static/chunks/node_modules_next_dist_1e8vcs8._.js:776
[  735281ms] [LOG] [Fast Refresh] done in 20ms @ http://localhost:3000/_next/static/chunks/node_modules_next_dist_1e8vcs8._.js:776
[  735344ms] [LOG] [Fast Refresh] done in 20ms @ http://localhost:3000/_next/static/chunks/node_modules_next_dist_1e8vcs8._.js:776
[  735407ms] [LOG] [Fast Refresh] done in 20ms @ http://localhost:3000/_next/static/chunks/node_modules_next_dist_1e8vcs8._.js:776
[  735468ms] [LOG] [Fast Refresh] done in 20ms @ http://localhost:3000/_next/static/chunks/node_modules_next_dist_1e8vcs8._.js:776
[  735530ms] [LOG] [Fast Refresh] done in 20ms @ http://localhost:3000/_next/static/chunks/node_modules_next_dist_1e8vcs8._.js:776
[  735592ms] [LOG] [Fast Refresh] done in 20ms @ http://localhost:3000/_next/static/chunks/node_modules_next_dist_1e8vcs8._.js:776
[  735656ms] [LOG] [Fast Refresh] done in 20ms @ http://localhost:3000/_next/static/chunks/node_modules_next_dist_1e8vcs8._.js:776
[  735718ms] [LOG] [Fast Refresh] done in 20ms @ http://localhost:3000/_next/static/chunks/node_modules_next_dist_1e8vcs8._.js:776
[  735782ms] [LOG] [Fast Refresh] done in 20ms @ http://localhost:3000/_next/static/chunks/node_modules_next_dist_1e8vcs8._.js:776
[  735843ms] [LOG] [Fast Refresh] done in 20ms @ http://localhost:3000/_next/static/chunks/node_modules_next_dist_1e8vcs8._.js:776
[  735908ms] [LOG] [Fast Refresh] done in 20ms @ http://localhost:3000/_next/static/chunks/node_modules_next_dist_1e8vcs8._.js:776
[  735968ms] [LOG] [Fast Refresh] done in 20ms @ http://localhost:3000/_next/static/chunks/node_modules_next_dist_1e8vcs8._.js:776
[  736032ms] [LOG] [Fast Refresh] done in 20ms @ http://localhost:3000/_next/static/chunks/node_modules_next_dist_1e8vcs8._.js:776
[  736094ms] [LOG] [Fast Refresh] done in 20ms @ http://localhost:3000/_next/static/chunks/node_modules_next_dist_1e8vcs8._.js:776
[  736157ms] [LOG] [Fast Refresh] done in 20ms @ http://localhost:3000/_next/static/chunks/node_modules_next_dist_1e8vcs8._.js:776
[  736218ms] [LOG] [Fast Refresh] done in 20ms @ http://localhost:3000/_next/static/chunks/node_modules_next_dist_1e8vcs8._.js:776
[  736266ms] [LOG] [Fast Refresh] done in 20ms @ http://localhost:3000/_next/static/chunks/node_modules_next_dist_1e8vcs8._.js:776
[  736329ms] [LOG] [Fast Refresh] done in 20ms @ http://localhost:3000/_next/static/chunks/node_modules_next_dist_1e8vcs8._.js:776
[  736392ms] [LOG] [Fast Refresh] done in 20ms @ http://localhost:3000/_next/static/chunks/node_modules_next_dist_1e8vcs8._.js:776
[  736453ms] [LOG] [Fast Refresh] done in 20ms @ http://localhost:3000/_next/static/chunks/node_modules_next_dist_1e8vcs8._.js:776
[  736509ms] [LOG] [Fast Refresh] done in 20ms @ http://localhost:3000/_next/static/chunks/node_modules_next_dist_1e8vcs8._.js:776
[  736578ms] [LOG] [Fast Refresh] done in 20ms @ http://localhost:3000/_next/static/chunks/node_modules_next_dist_1e8vcs8._.js:776
[  736640ms] [LOG] [Fast Refresh] done in 20ms @ http://localhost:3000/_next/static/chunks/node_modules_next_dist_1e8vcs8._.js:776
[  736701ms] [LOG] [Fast Refresh] done in 20ms @ http://localhost:3000/_next/static/chunks/node_modules_next_dist_1e8vcs8._.js:776
[  736765ms] [LOG] [Fast Refresh] done in 20ms @ http://localhost:3000/_next/static/chunks/node_modules_next_dist_1e8vcs8._.js:776
[  736825ms] [LOG] [Fast Refresh] done in 20ms @ http://localhost:3000/_next/static/chunks/node_modules_next_dist_1e8vcs8._.js:776
[  736886ms] [LOG] [Fast Refresh] done in 20ms @ http://localhost:3000/_next/static/chunks/node_modules_next_dist_1e8vcs8._.js:776
[  736949ms] [LOG] [Fast Refresh] done in 20ms @ http://localhost:3000/_next/static/chunks/node_modules_next_dist_1e8vcs8._.js:776
[  737012ms] [LOG] [Fast Refresh] done in 20ms @ http://localhost:3000/_next/static/chunks/node_modules_next_dist_1e8vcs8._.js:776
[  737075ms] [LOG] [Fast Refresh] done in 20ms @ http://localhost:3000/_next/static/chunks/node_modules_next_dist_1e8vcs8._.js:776
[  737137ms] [LOG] [Fast Refresh] done in 20ms @ http://localhost:3000/_next/static/chunks/node_modules_next_dist_1e8vcs8._.js:776
[  737199ms] [LOG] [Fast Refresh] done in 20ms @ http://localhost:3000/_next/static/chunks/node_modules_next_dist_1e8vcs8._.js:776
[  737261ms] [LOG] [Fast Refresh] done in 20ms @ http://localhost:3000/_next/static/chunks/node_modules_next_dist_1e8vcs8._.js:776
[  737324ms] [LOG] [Fast Refresh] done in 20ms @ http://localhost:3000/_next/static/chunks/node_modules_next_dist_1e8vcs8._.js:776
