[       7ms] [LOG] [Fast Refresh] done in 47ms @ http://localhost:3000/_next/static/chunks/node_modules_next_dist_1e8vcs8._.js:776
[      98ms] [LOG] [Fast Refresh] done in 47ms @ http://localhost:3000/_next/static/chunks/node_modules_next_dist_1e8vcs8._.js:776
[     503ms] [INFO] %cDownload the React DevTools for a better development experience: https://react.dev/link/react-devtools font-weight:bold @ http://localhost:3000/_next/static/chunks/node_modules_next_dist_1e8vcs8._.js:776
[     544ms] [LOG] [HMR] connected @ http://localhost:3000/_next/static/chunks/node_modules_next_dist_1e8vcs8._.js:776
[   16168ms] [INFO] %cDownload the React DevTools for a better development experience: https://react.dev/link/react-devtools font-weight:bold @ http://localhost:3000/_next/static/chunks/node_modules_next_dist_1e8vcs8._.js:776
[   16199ms] [LOG] [HMR] connected @ http://localhost:3000/_next/static/chunks/node_modules_next_dist_1e8vcs8._.js:776
[  489793ms] [LOG] [Fast Refresh] rebuilding @ http://localhost:3000/_next/static/chunks/node_modules_next_dist_1e8vcs8._.js:776
[  489833ms] [LOG] [Fast Refresh] done in 146ms @ http://localhost:3000/_next/static/chunks/node_modules_next_dist_1e8vcs8._.js:776
[  495200ms] [LOG] [Fast Refresh] rebuilding @ http://localhost:3000/_next/static/chunks/node_modules_next_dist_1e8vcs8._.js:776
[  495255ms] [LOG] [Fast Refresh] done in 157ms @ http://localhost:3000/_next/static/chunks/node_modules_next_dist_1e8vcs8._.js:776
[  495550ms] [LOG] [Fast Refresh] rebuilding @ http://localhost:3000/_next/static/chunks/node_modules_next_dist_1e8vcs8._.js:776
[  495781ms] [LOG] [Fast Refresh] done in 295ms @ http://localhost:3000/_next/static/chunks/node_modules_next_dist_1e8vcs8._.js:776
[  504553ms] [LOG] [Fast Refresh] rebuilding @ http://localhost:3000/_next/static/chunks/node_modules_next_dist_1e8vcs8._.js:776
[  504654ms] [LOG] [Fast Refresh] done in 104ms @ http://localhost:3000/_next/static/chunks/node_modules_next_dist_1e8vcs8._.js:776
[  528916ms] [LOG] [Fast Refresh] rebuilding @ http://localhost:3000/_next/static/chunks/node_modules_next_dist_1e8vcs8._.js:776
[  529106ms] [LOG] [Fast Refresh] done in 296ms @ http://localhost:3000/_next/static/chunks/node_modules_next_dist_1e8vcs8._.js:776
[  545767ms] [LOG] [Fast Refresh] rebuilding @ http://localhost:3000/_next/static/chunks/node_modules_next_dist_1e8vcs8._.js:776
[  545789ms] [ERROR] ./app/hand-tracking/components/FileCodePanel.tsx:5:1
Error: Export newLineGroups doesn't exist in target module
  3 | import { useState } from "react";
  4 | import type { FileSnapshot } from "../data/types";
> 5 | import { describeNewLines, newLineGroups } from "../lib/code";
    | ^^^^^^^^^^^^^^^^^^^^^^^^^^^^^^^^^^^^^^^^^^^^^^^^^^^^^^^^^^^^^^
  6 | import { NoCopyWrapper } from "./NoCopyWrapper";
  7 |
  8 | export function FileCodePanel({ file }: { file: FileSnapshot }) {

The export newLineGroups was not found in module [project]/app/hand-tracking/lib/code.ts [app-client] (ecmascript).
Did you mean to import newLineGroupsWithContext?
All exports of the module are statically known (It doesn't have dynamic exports). So it's known statically that the requested export doesn't exist.

Import trace:
  Server Component:
    ./app/hand-tracking/components/FileCodePanel.tsx
    ./app/hand-tracking/components/StepDetail.tsx
    ./app/hand-tracking/[stepId]/page.tsx @ http://localhost:3000/_next/static/chunks/node_modules_next_dist_1e8vcs8._.js:1052
[  545790ms] [ERROR] ./app/hand-tracking/components/FileCodePanel.tsx:5:1
Error: Export newLineGroups doesn't exist in target module
  3 | import { useState } from "react";
  4 | import type { FileSnapshot } from "../data/types";
> 5 | import { describeNewLines, newLineGroups } from "../lib/code";
    | ^^^^^^^^^^^^^^^^^^^^^^^^^^^^^^^^^^^^^^^^^^^^^^^^^^^^^^^^^^^^^^
  6 | import { NoCopyWrapper } from "./NoCopyWrapper";
  7 |
  8 | export function FileCodePanel({ file }: { file: FileSnapshot }) {

The export newLineGroups was not found in module [project]/app/hand-tracking/lib/code.ts [app-ssr] (ecmascript).
Did you mean to import newLineGroupsWithContext?
All exports of the module are statically known (It doesn't have dynamic exports). So it's known statically that the requested export doesn't exist.

Import trace:
  Server Component:
    ./app/hand-tracking/components/FileCodePanel.tsx
    ./app/hand-tracking/components/StepDetail.tsx
    ./app/hand-tracking/[stepId]/page.tsx @ http://localhost:3000/_next/static/chunks/node_modules_next_dist_1e8vcs8._.js:1052
[  545958ms] [ERROR] ./app/hand-tracking/components/FileCodePanel.tsx:5:1
Error: Export newLineGroups doesn't exist in target module
  3 | import { useState } from "react";
  4 | import type { FileSnapshot } from "../data/types";
> 5 | import { describeNewLines, newLineGroups } from "../lib/code";
    | ^^^^^^^^^^^^^^^^^^^^^^^^^^^^^^^^^^^^^^^^^^^^^^^^^^^^^^^^^^^^^^
  6 | import { NoCopyWrapper } from "./NoCopyWrapper";
  7 |
  8 | export function FileCodePanel({ file }: { file: FileSnapshot }) {

The export newLineGroups was not found in module [project]/app/hand-tracking/lib/code.ts [app-client] (ecmascript).
Did you mean to import newLineGroupsWithContext?
All exports of the module are statically known (It doesn't have dynamic exports). So it's known statically that the requested export doesn't exist.

Import trace:
  Server Component:
    ./app/hand-tracking/components/FileCodePanel.tsx
    ./app/hand-tracking/components/StepDetail.tsx
    ./app/hand-tracking/[stepId]/page.tsx @ http://localhost:3000/_next/static/chunks/node_modules_next_dist_1e8vcs8._.js:1052
[  545960ms] [ERROR] ./app/hand-tracking/components/FileCodePanel.tsx:5:1
Error: Export newLineGroups doesn't exist in target module
  3 | import { useState } from "react";
  4 | import type { FileSnapshot } from "../data/types";
> 5 | import { describeNewLines, newLineGroups } from "../lib/code";
    | ^^^^^^^^^^^^^^^^^^^^^^^^^^^^^^^^^^^^^^^^^^^^^^^^^^^^^^^^^^^^^^
  6 | import { NoCopyWrapper } from "./NoCopyWrapper";
  7 |
  8 | export function FileCodePanel({ file }: { file: FileSnapshot }) {

The export newLineGroups was not found in module [project]/app/hand-tracking/lib/code.ts [app-ssr] (ecmascript).
Did you mean to import newLineGroupsWithContext?
All exports of the module are statically known (It doesn't have dynamic exports). So it's known statically that the requested export doesn't exist.

Import trace:
  Server Component:
    ./app/hand-tracking/components/FileCodePanel.tsx
    ./app/hand-tracking/components/StepDetail.tsx
    ./app/hand-tracking/[stepId]/page.tsx @ http://localhost:3000/_next/static/chunks/node_modules_next_dist_1e8vcs8._.js:1052
[  546041ms] [ERROR] ./app/hand-tracking/components/FileCodePanel.tsx:5:1
Error: Export newLineGroups doesn't exist in target module
  3 | import { useState } from "react";
  4 | import type { FileSnapshot } from "../data/types";
> 5 | import { describeNewLines, newLineGroups } from "../lib/code";
    | ^^^^^^^^^^^^^^^^^^^^^^^^^^^^^^^^^^^^^^^^^^^^^^^^^^^^^^^^^^^^^^
  6 | import { NoCopyWrapper } from "./NoCopyWrapper";
  7 |
  8 | export function FileCodePanel({ file }: { file: FileSnapshot }) {

The export newLineGroups was not found in module [project]/app/hand-tracking/lib/code.ts [app-client] (ecmascript).
Did you mean to import newLineGroupsWithContext?
All exports of the module are statically known (It doesn't have dynamic exports). So it's known statically that the requested export doesn't exist.

Import trace:
  Server Component:
    ./app/hand-tracking/components/FileCodePanel.tsx
    ./app/hand-tracking/components/StepDetail.tsx
    ./app/hand-tracking/[stepId]/page.tsx @ http://localhost:3000/_next/static/chunks/node_modules_next_dist_1e8vcs8._.js:1052
[  546041ms] [ERROR] ./app/hand-tracking/components/FileCodePanel.tsx:5:1
Error: Export newLineGroups doesn't exist in target module
  3 | import { useState } from "react";
  4 | import type { FileSnapshot } from "../data/types";
> 5 | import { describeNewLines, newLineGroups } from "../lib/code";
    | ^^^^^^^^^^^^^^^^^^^^^^^^^^^^^^^^^^^^^^^^^^^^^^^^^^^^^^^^^^^^^^
  6 | import { NoCopyWrapper } from "./NoCopyWrapper";
  7 |
  8 | export function FileCodePanel({ file }: { file: FileSnapshot }) {

The export newLineGroups was not found in module [project]/app/hand-tracking/lib/code.ts [app-ssr] (ecmascript).
Did you mean to import newLineGroupsWithContext?
All exports of the module are statically known (It doesn't have dynamic exports). So it's known statically that the requested export doesn't exist.

Import trace:
  Server Component:
    ./app/hand-tracking/components/FileCodePanel.tsx
    ./app/hand-tracking/components/StepDetail.tsx
    ./app/hand-tracking/[stepId]/page.tsx @ http://localhost:3000/_next/static/chunks/node_modules_next_dist_1e8vcs8._.js:1052
[  546116ms] [ERROR] ./app/hand-tracking/components/FileCodePanel.tsx:5:1
Error: Export newLineGroups doesn't exist in target module
  3 | import { useState } from "react";
  4 | import type { FileSnapshot } from "../data/types";
> 5 | import { describeNewLines, newLineGroups } from "../lib/code";
    | ^^^^^^^^^^^^^^^^^^^^^^^^^^^^^^^^^^^^^^^^^^^^^^^^^^^^^^^^^^^^^^
  6 | import { NoCopyWrapper } from "./NoCopyWrapper";
  7 |
  8 | export function FileCodePanel({ file }: { file: FileSnapshot }) {

The export newLineGroups was not found in module [project]/app/hand-tracking/lib/code.ts [app-client] (ecmascript).
Did you mean to import newLineGroupsWithContext?
All exports of the module are statically known (It doesn't have dynamic exports). So it's known statically that the requested export doesn't exist.

Import trace:
  Server Component:
    ./app/hand-tracking/components/FileCodePanel.tsx
    ./app/hand-tracking/components/StepDetail.tsx
    ./app/hand-tracking/[stepId]/page.tsx @ http://localhost:3000/_next/static/chunks/node_modules_next_dist_1e8vcs8._.js:1052
[  546117ms] [ERROR] ./app/hand-tracking/components/FileCodePanel.tsx:5:1
Error: Export newLineGroups doesn't exist in target module
  3 | import { useState } from "react";
  4 | import type { FileSnapshot } from "../data/types";
> 5 | import { describeNewLines, newLineGroups } from "../lib/code";
    | ^^^^^^^^^^^^^^^^^^^^^^^^^^^^^^^^^^^^^^^^^^^^^^^^^^^^^^^^^^^^^^
  6 | import { NoCopyWrapper } from "./NoCopyWrapper";
  7 |
  8 | export function FileCodePanel({ file }: { file: FileSnapshot }) {

The export newLineGroups was not found in module [project]/app/hand-tracking/lib/code.ts [app-ssr] (ecmascript).
Did you mean to import newLineGroupsWithContext?
All exports of the module are statically known (It doesn't have dynamic exports). So it's known statically that the requested export doesn't exist.

Import trace:
  Server Component:
    ./app/hand-tracking/components/FileCodePanel.tsx
    ./app/hand-tracking/components/StepDetail.tsx
    ./app/hand-tracking/[stepId]/page.tsx @ http://localhost:3000/_next/static/chunks/node_modules_next_dist_1e8vcs8._.js:1052
[  546209ms] [ERROR] ./app/hand-tracking/components/FileCodePanel.tsx:5:1
Error: Export newLineGroups doesn't exist in target module
  3 | import { useState } from "react";
  4 | import type { FileSnapshot } from "../data/types";
> 5 | import { describeNewLines, newLineGroups } from "../lib/code";
    | ^^^^^^^^^^^^^^^^^^^^^^^^^^^^^^^^^^^^^^^^^^^^^^^^^^^^^^^^^^^^^^
  6 | import { NoCopyWrapper } from "./NoCopyWrapper";
  7 |
  8 | export function FileCodePanel({ file }: { file: FileSnapshot }) {

The export newLineGroups was not found in module [project]/app/hand-tracking/lib/code.ts [app-client] (ecmascript).
Did you mean to import newLineGroupsWithContext?
All exports of the module are statically known (It doesn't have dynamic exports). So it's known statically that the requested export doesn't exist.

Import trace:
  Server Component:
    ./app/hand-tracking/components/FileCodePanel.tsx
    ./app/hand-tracking/components/StepDetail.tsx
    ./app/hand-tracking/[stepId]/page.tsx @ http://localhost:3000/_next/static/chunks/node_modules_next_dist_1e8vcs8._.js:1052
[  546209ms] [ERROR] ./app/hand-tracking/components/FileCodePanel.tsx:5:1
Error: Export newLineGroups doesn't exist in target module
  3 | import { useState } from "react";
  4 | import type { FileSnapshot } from "../data/types";
> 5 | import { describeNewLines, newLineGroups } from "../lib/code";
    | ^^^^^^^^^^^^^^^^^^^^^^^^^^^^^^^^^^^^^^^^^^^^^^^^^^^^^^^^^^^^^^
  6 | import { NoCopyWrapper } from "./NoCopyWrapper";
  7 |
  8 | export function FileCodePanel({ file }: { file: FileSnapshot }) {

The export newLineGroups was not found in module [project]/app/hand-tracking/lib/code.ts [app-ssr] (ecmascript).
Did you mean to import newLineGroupsWithContext?
All exports of the module are statically known (It doesn't have dynamic exports). So it's known statically that the requested export doesn't exist.

Import trace:
  Server Component:
    ./app/hand-tracking/components/FileCodePanel.tsx
    ./app/hand-tracking/components/StepDetail.tsx
    ./app/hand-tracking/[stepId]/page.tsx @ http://localhost:3000/_next/static/chunks/node_modules_next_dist_1e8vcs8._.js:1052
[  546288ms] [ERROR] ./app/hand-tracking/components/FileCodePanel.tsx:5:1
Error: Export newLineGroups doesn't exist in target module
  3 | import { useState } from "react";
  4 | import type { FileSnapshot } from "../data/types";
> 5 | import { describeNewLines, newLineGroups } from "../lib/code";
    | ^^^^^^^^^^^^^^^^^^^^^^^^^^^^^^^^^^^^^^^^^^^^^^^^^^^^^^^^^^^^^^
  6 | import { NoCopyWrapper } from "./NoCopyWrapper";
  7 |
  8 | export function FileCodePanel({ file }: { file: FileSnapshot }) {

The export newLineGroups was not found in module [project]/app/hand-tracking/lib/code.ts [app-client] (ecmascript).
Did you mean to import newLineGroupsWithContext?
All exports of the module are statically known (It doesn't have dynamic exports). So it's known statically that the requested export doesn't exist.

Import trace:
  Server Component:
    ./app/hand-tracking/components/FileCodePanel.tsx
    ./app/hand-tracking/components/StepDetail.tsx
    ./app/hand-tracking/[stepId]/page.tsx @ http://localhost:3000/_next/static/chunks/node_modules_next_dist_1e8vcs8._.js:1052
[  546288ms] [ERROR] ./app/hand-tracking/components/FileCodePanel.tsx:5:1
Error: Export newLineGroups doesn't exist in target module
  3 | import { useState } from "react";
  4 | import type { FileSnapshot } from "../data/types";
> 5 | import { describeNewLines, newLineGroups } from "../lib/code";
    | ^^^^^^^^^^^^^^^^^^^^^^^^^^^^^^^^^^^^^^^^^^^^^^^^^^^^^^^^^^^^^^
  6 | import { NoCopyWrapper } from "./NoCopyWrapper";
  7 |
  8 | export function FileCodePanel({ file }: { file: FileSnapshot }) {

The export newLineGroups was not found in module [project]/app/hand-tracking/lib/code.ts [app-ssr] (ecmascript).
Did you mean to import newLineGroupsWithContext?
All exports of the module are statically known (It doesn't have dynamic exports). So it's known statically that the requested export doesn't exist.

Import trace:
  Server Component:
    ./app/hand-tracking/components/FileCodePanel.tsx
    ./app/hand-tracking/components/StepDetail.tsx
    ./app/hand-tracking/[stepId]/page.tsx @ http://localhost:3000/_next/static/chunks/node_modules_next_dist_1e8vcs8._.js:1052
[  546354ms] [ERROR] ./app/hand-tracking/components/FileCodePanel.tsx:5:1
Error: Export newLineGroups doesn't exist in target module
  3 | import { useState } from "react";
  4 | import type { FileSnapshot } from "../data/types";
> 5 | import { describeNewLines, newLineGroups } from "../lib/code";
    | ^^^^^^^^^^^^^^^^^^^^^^^^^^^^^^^^^^^^^^^^^^^^^^^^^^^^^^^^^^^^^^
  6 | import { NoCopyWrapper } from "./NoCopyWrapper";
  7 |
  8 | export function FileCodePanel({ file }: { file: FileSnapshot }) {

The export newLineGroups was not found in module [project]/app/hand-tracking/lib/code.ts [app-client] (ecmascript).
Did you mean to import newLineGroupsWithContext?
All exports of the module are statically known (It doesn't have dynamic exports). So it's known statically that the requested export doesn't exist.

Import trace:
  Server Component:
    ./app/hand-tracking/components/FileCodePanel.tsx
    ./app/hand-tracking/components/StepDetail.tsx
    ./app/hand-tracking/[stepId]/page.tsx @ http://localhost:3000/_next/static/chunks/node_modules_next_dist_1e8vcs8._.js:1052
[  546355ms] [ERROR] ./app/hand-tracking/components/FileCodePanel.tsx:5:1
Error: Export newLineGroups doesn't exist in target module
  3 | import { useState } from "react";
  4 | import type { FileSnapshot } from "../data/types";
> 5 | import { describeNewLines, newLineGroups } from "../lib/code";
    | ^^^^^^^^^^^^^^^^^^^^^^^^^^^^^^^^^^^^^^^^^^^^^^^^^^^^^^^^^^^^^^
  6 | import { NoCopyWrapper } from "./NoCopyWrapper";
  7 |
  8 | export function FileCodePanel({ file }: { file: FileSnapshot }) {

The export newLineGroups was not found in module [project]/app/hand-tracking/lib/code.ts [app-ssr] (ecmascript).
Did you mean to import newLineGroupsWithContext?
All exports of the module are statically known (It doesn't have dynamic exports). So it's known statically that the requested export doesn't exist.

Import trace:
  Server Component:
    ./app/hand-tracking/components/FileCodePanel.tsx
    ./app/hand-tracking/components/StepDetail.tsx
    ./app/hand-tracking/[stepId]/page.tsx @ http://localhost:3000/_next/static/chunks/node_modules_next_dist_1e8vcs8._.js:1052
[  546430ms] [ERROR] ./app/hand-tracking/components/FileCodePanel.tsx:5:1
Error: Export newLineGroups doesn't exist in target module
  3 | import { useState } from "react";
  4 | import type { FileSnapshot } from "../data/types";
> 5 | import { describeNewLines, newLineGroups } from "../lib/code";
    | ^^^^^^^^^^^^^^^^^^^^^^^^^^^^^^^^^^^^^^^^^^^^^^^^^^^^^^^^^^^^^^
  6 | import { NoCopyWrapper } from "./NoCopyWrapper";
  7 |
  8 | export function FileCodePanel({ file }: { file: FileSnapshot }) {

The export newLineGroups was not found in module [project]/app/hand-tracking/lib/code.ts [app-client] (ecmascript).
Did you mean to import newLineGroupsWithContext?
All exports of the module are statically known (It doesn't have dynamic exports). So it's known statically that the requested export doesn't exist.

Import trace:
  Server Component:
    ./app/hand-tracking/components/FileCodePanel.tsx
    ./app/hand-tracking/components/StepDetail.tsx
    ./app/hand-tracking/[stepId]/page.tsx @ http://localhost:3000/_next/static/chunks/node_modules_next_dist_1e8vcs8._.js:1052
[  546431ms] [ERROR] ./app/hand-tracking/components/FileCodePanel.tsx:5:1
Error: Export newLineGroups doesn't exist in target module
  3 | import { useState } from "react";
  4 | import type { FileSnapshot } from "../data/types";
> 5 | import { describeNewLines, newLineGroups } from "../lib/code";
    | ^^^^^^^^^^^^^^^^^^^^^^^^^^^^^^^^^^^^^^^^^^^^^^^^^^^^^^^^^^^^^^
  6 | import { NoCopyWrapper } from "./NoCopyWrapper";
  7 |
  8 | export function FileCodePanel({ file }: { file: FileSnapshot }) {

The export newLineGroups was not found in module [project]/app/hand-tracking/lib/code.ts [app-ssr] (ecmascript).
Did you mean to import newLineGroupsWithContext?
All exports of the module are statically known (It doesn't have dynamic exports). So it's known statically that the requested export doesn't exist.

Import trace:
  Server Component:
    ./app/hand-tracking/components/FileCodePanel.tsx
    ./app/hand-tracking/components/StepDetail.tsx
    ./app/hand-tracking/[stepId]/page.tsx @ http://localhost:3000/_next/static/chunks/node_modules_next_dist_1e8vcs8._.js:1052
[  546489ms] [ERROR] ./app/hand-tracking/components/FileCodePanel.tsx:5:1
Error: Export newLineGroups doesn't exist in target module
  3 | import { useState } from "react";
  4 | import type { FileSnapshot } from "../data/types";
> 5 | import { describeNewLines, newLineGroups } from "../lib/code";
    | ^^^^^^^^^^^^^^^^^^^^^^^^^^^^^^^^^^^^^^^^^^^^^^^^^^^^^^^^^^^^^^
  6 | import { NoCopyWrapper } from "./NoCopyWrapper";
  7 |
  8 | export function FileCodePanel({ file }: { file: FileSnapshot }) {

The export newLineGroups was not found in module [project]/app/hand-tracking/lib/code.ts [app-client] (ecmascript).
Did you mean to import newLineGroupsWithContext?
All exports of the module are statically known (It doesn't have dynamic exports). So it's known statically that the requested export doesn't exist.

Import trace:
  Server Component:
    ./app/hand-tracking/components/FileCodePanel.tsx
    ./app/hand-tracking/components/StepDetail.tsx
    ./app/hand-tracking/[stepId]/page.tsx @ http://localhost:3000/_next/static/chunks/node_modules_next_dist_1e8vcs8._.js:1052
[  546490ms] [ERROR] ./app/hand-tracking/components/FileCodePanel.tsx:5:1
Error: Export newLineGroups doesn't exist in target module
  3 | import { useState } from "react";
  4 | import type { FileSnapshot } from "../data/types";
> 5 | import { describeNewLines, newLineGroups } from "../lib/code";
    | ^^^^^^^^^^^^^^^^^^^^^^^^^^^^^^^^^^^^^^^^^^^^^^^^^^^^^^^^^^^^^^
  6 | import { NoCopyWrapper } from "./NoCopyWrapper";
  7 |
  8 | export function FileCodePanel({ file }: { file: FileSnapshot }) {

The export newLineGroups was not found in module [project]/app/hand-tracking/lib/code.ts [app-ssr] (ecmascript).
Did you mean to import newLineGroupsWithContext?
All exports of the module are statically known (It doesn't have dynamic exports). So it's known statically that the requested export doesn't exist.

Import trace:
  Server Component:
    ./app/hand-tracking/components/FileCodePanel.tsx
    ./app/hand-tracking/components/StepDetail.tsx
    ./app/hand-tracking/[stepId]/page.tsx @ http://localhost:3000/_next/static/chunks/node_modules_next_dist_1e8vcs8._.js:1052
[  546565ms] [ERROR] ./app/hand-tracking/components/FileCodePanel.tsx:5:1
Error: Export newLineGroups doesn't exist in target module
  3 | import { useState } from "react";
  4 | import type { FileSnapshot } from "../data/types";
> 5 | import { describeNewLines, newLineGroups } from "../lib/code";
    | ^^^^^^^^^^^^^^^^^^^^^^^^^^^^^^^^^^^^^^^^^^^^^^^^^^^^^^^^^^^^^^
  6 | import { NoCopyWrapper } from "./NoCopyWrapper";
  7 |
  8 | export function FileCodePanel({ file }: { file: FileSnapshot }) {

The export newLineGroups was not found in module [project]/app/hand-tracking/lib/code.ts [app-client] (ecmascript).
Did you mean to import newLineGroupsWithContext?
All exports of the module are statically known (It doesn't have dynamic exports). So it's known statically that the requested export doesn't exist.

Import trace:
  Server Component:
    ./app/hand-tracking/components/FileCodePanel.tsx
    ./app/hand-tracking/components/StepDetail.tsx
    ./app/hand-tracking/[stepId]/page.tsx @ http://localhost:3000/_next/static/chunks/node_modules_next_dist_1e8vcs8._.js:1052
[  546566ms] [ERROR] ./app/hand-tracking/components/FileCodePanel.tsx:5:1
Error: Export newLineGroups doesn't exist in target module
  3 | import { useState } from "react";
  4 | import type { FileSnapshot } from "../data/types";
> 5 | import { describeNewLines, newLineGroups } from "../lib/code";
    | ^^^^^^^^^^^^^^^^^^^^^^^^^^^^^^^^^^^^^^^^^^^^^^^^^^^^^^^^^^^^^^
  6 | import { NoCopyWrapper } from "./NoCopyWrapper";
  7 |
  8 | export function FileCodePanel({ file }: { file: FileSnapshot }) {

The export newLineGroups was not found in module [project]/app/hand-tracking/lib/code.ts [app-ssr] (ecmascript).
Did you mean to import newLineGroupsWithContext?
All exports of the module are statically known (It doesn't have dynamic exports). So it's known statically that the requested export doesn't exist.

Import trace:
  Server Component:
    ./app/hand-tracking/components/FileCodePanel.tsx
    ./app/hand-tracking/components/StepDetail.tsx
    ./app/hand-tracking/[stepId]/page.tsx @ http://localhost:3000/_next/static/chunks/node_modules_next_dist_1e8vcs8._.js:1052
[  546629ms] [ERROR] ./app/hand-tracking/components/FileCodePanel.tsx:5:1
Error: Export newLineGroups doesn't exist in target module
  3 | import { useState } from "react";
  4 | import type { FileSnapshot } from "../data/types";
> 5 | import { describeNewLines, newLineGroups } from "../lib/code";
    | ^^^^^^^^^^^^^^^^^^^^^^^^^^^^^^^^^^^^^^^^^^^^^^^^^^^^^^^^^^^^^^
  6 | import { NoCopyWrapper } from "./NoCopyWrapper";
  7 |
  8 | export function FileCodePanel({ file }: { file: FileSnapshot }) {

The export newLineGroups was not found in module [project]/app/hand-tracking/lib/code.ts [app-client] (ecmascript).
Did you mean to import newLineGroupsWithContext?
All exports of the module are statically known (It doesn't have dynamic exports). So it's known statically that the requested export doesn't exist.

Import trace:
  Server Component:
    ./app/hand-tracking/components/FileCodePanel.tsx
    ./app/hand-tracking/components/StepDetail.tsx
    ./app/hand-tracking/[stepId]/page.tsx @ http://localhost:3000/_next/static/chunks/node_modules_next_dist_1e8vcs8._.js:1052
[  546630ms] [ERROR] ./app/hand-tracking/components/FileCodePanel.tsx:5:1
Error: Export newLineGroups doesn't exist in target module
  3 | import { useState } from "react";
  4 | import type { FileSnapshot } from "../data/types";
> 5 | import { describeNewLines, newLineGroups } from "../lib/code";
    | ^^^^^^^^^^^^^^^^^^^^^^^^^^^^^^^^^^^^^^^^^^^^^^^^^^^^^^^^^^^^^^
  6 | import { NoCopyWrapper } from "./NoCopyWrapper";
  7 |
  8 | export function FileCodePanel({ file }: { file: FileSnapshot }) {

The export newLineGroups was not found in module [project]/app/hand-tracking/lib/code.ts [app-ssr] (ecmascript).
Did you mean to import newLineGroupsWithContext?
All exports of the module are statically known (It doesn't have dynamic exports). So it's known statically that the requested export doesn't exist.

Import trace:
  Server Component:
    ./app/hand-tracking/components/FileCodePanel.tsx
    ./app/hand-tracking/components/StepDetail.tsx
    ./app/hand-tracking/[stepId]/page.tsx @ http://localhost:3000/_next/static/chunks/node_modules_next_dist_1e8vcs8._.js:1052
[  546696ms] [ERROR] ./app/hand-tracking/components/FileCodePanel.tsx:5:1
Error: Export newLineGroups doesn't exist in target module
  3 | import { useState } from "react";
  4 | import type { FileSnapshot } from "../data/types";
> 5 | import { describeNewLines, newLineGroups } from "../lib/code";
    | ^^^^^^^^^^^^^^^^^^^^^^^^^^^^^^^^^^^^^^^^^^^^^^^^^^^^^^^^^^^^^^
  6 | import { NoCopyWrapper } from "./NoCopyWrapper";
  7 |
  8 | export function FileCodePanel({ file }: { file: FileSnapshot }) {

The export newLineGroups was not found in module [project]/app/hand-tracking/lib/code.ts [app-client] (ecmascript).
Did you mean to import newLineGroupsWithContext?
All exports of the module are statically known (It doesn't have dynamic exports). So it's known statically that the requested export doesn't exist.

Import trace:
  Server Component:
    ./app/hand-tracking/components/FileCodePanel.tsx
    ./app/hand-tracking/components/StepDetail.tsx
    ./app/hand-tracking/[stepId]/page.tsx @ http://localhost:3000/_next/static/chunks/node_modules_next_dist_1e8vcs8._.js:1052
[  546697ms] [ERROR] ./app/hand-tracking/components/FileCodePanel.tsx:5:1
Error: Export newLineGroups doesn't exist in target module
  3 | import { useState } from "react";
  4 | import type { FileSnapshot } from "../data/types";
> 5 | import { describeNewLines, newLineGroups } from "../lib/code";
    | ^^^^^^^^^^^^^^^^^^^^^^^^^^^^^^^^^^^^^^^^^^^^^^^^^^^^^^^^^^^^^^
  6 | import { NoCopyWrapper } from "./NoCopyWrapper";
  7 |
  8 | export function FileCodePanel({ file }: { file: FileSnapshot }) {

The export newLineGroups was not found in module [project]/app/hand-tracking/lib/code.ts [app-ssr] (ecmascript).
Did you mean to import newLineGroupsWithContext?
All exports of the module are statically known (It doesn't have dynamic exports). So it's known statically that the requested export doesn't exist.

Import trace:
  Server Component:
    ./app/hand-tracking/components/FileCodePanel.tsx
    ./app/hand-tracking/components/StepDetail.tsx
    ./app/hand-tracking/[stepId]/page.tsx @ http://localhost:3000/_next/static/chunks/node_modules_next_dist_1e8vcs8._.js:1052
[  546755ms] [ERROR] ./app/hand-tracking/components/FileCodePanel.tsx:5:1
Error: Export newLineGroups doesn't exist in target module
  3 | import { useState } from "react";
  4 | import type { FileSnapshot } from "../data/types";
> 5 | import { describeNewLines, newLineGroups } from "../lib/code";
    | ^^^^^^^^^^^^^^^^^^^^^^^^^^^^^^^^^^^^^^^^^^^^^^^^^^^^^^^^^^^^^^
  6 | import { NoCopyWrapper } from "./NoCopyWrapper";
  7 |
  8 | export function FileCodePanel({ file }: { file: FileSnapshot }) {

The export newLineGroups was not found in module [project]/app/hand-tracking/lib/code.ts [app-client] (ecmascript).
Did you mean to import newLineGroupsWithContext?
All exports of the module are statically known (It doesn't have dynamic exports). So it's known statically that the requested export doesn't exist.

Import trace:
  Server Component:
    ./app/hand-tracking/components/FileCodePanel.tsx
    ./app/hand-tracking/components/StepDetail.tsx
    ./app/hand-tracking/[stepId]/page.tsx @ http://localhost:3000/_next/static/chunks/node_modules_next_dist_1e8vcs8._.js:1052
[  546755ms] [ERROR] ./app/hand-tracking/components/FileCodePanel.tsx:5:1
Error: Export newLineGroups doesn't exist in target module
  3 | import { useState } from "react";
  4 | import type { FileSnapshot } from "../data/types";
> 5 | import { describeNewLines, newLineGroups } from "../lib/code";
    | ^^^^^^^^^^^^^^^^^^^^^^^^^^^^^^^^^^^^^^^^^^^^^^^^^^^^^^^^^^^^^^
  6 | import { NoCopyWrapper } from "./NoCopyWrapper";
  7 |
  8 | export function FileCodePanel({ file }: { file: FileSnapshot }) {

The export newLineGroups was not found in module [project]/app/hand-tracking/lib/code.ts [app-ssr] (ecmascript).
Did you mean to import newLineGroupsWithContext?
All exports of the module are statically known (It doesn't have dynamic exports). So it's known statically that the requested export doesn't exist.

Import trace:
  Server Component:
    ./app/hand-tracking/components/FileCodePanel.tsx
    ./app/hand-tracking/components/StepDetail.tsx
    ./app/hand-tracking/[stepId]/page.tsx @ http://localhost:3000/_next/static/chunks/node_modules_next_dist_1e8vcs8._.js:1052
[  546815ms] [ERROR] ./app/hand-tracking/components/FileCodePanel.tsx:5:1
Error: Export newLineGroups doesn't exist in target module
  3 | import { useState } from "react";
  4 | import type { FileSnapshot } from "../data/types";
> 5 | import { describeNewLines, newLineGroups } from "../lib/code";
    | ^^^^^^^^^^^^^^^^^^^^^^^^^^^^^^^^^^^^^^^^^^^^^^^^^^^^^^^^^^^^^^
  6 | import { NoCopyWrapper } from "./NoCopyWrapper";
  7 |
  8 | export function FileCodePanel({ file }: { file: FileSnapshot }) {

The export newLineGroups was not found in module [project]/app/hand-tracking/lib/code.ts [app-client] (ecmascript).
Did you mean to import newLineGroupsWithContext?
All exports of the module are statically known (It doesn't have dynamic exports). So it's known statically that the requested export doesn't exist.

Import trace:
  Server Component:
    ./app/hand-tracking/components/FileCodePanel.tsx
    ./app/hand-tracking/components/StepDetail.tsx
    ./app/hand-tracking/[stepId]/page.tsx @ http://localhost:3000/_next/static/chunks/node_modules_next_dist_1e8vcs8._.js:1052
[  546816ms] [ERROR] ./app/hand-tracking/components/FileCodePanel.tsx:5:1
Error: Export newLineGroups doesn't exist in target module
  3 | import { useState } from "react";
  4 | import type { FileSnapshot } from "../data/types";
> 5 | import { describeNewLines, newLineGroups } from "../lib/code";
    | ^^^^^^^^^^^^^^^^^^^^^^^^^^^^^^^^^^^^^^^^^^^^^^^^^^^^^^^^^^^^^^
  6 | import { NoCopyWrapper } from "./NoCopyWrapper";
  7 |
  8 | export function FileCodePanel({ file }: { file: FileSnapshot }) {

The export newLineGroups was not found in module [project]/app/hand-tracking/lib/code.ts [app-ssr] (ecmascript).
Did you mean to import newLineGroupsWithContext?
All exports of the module are statically known (It doesn't have dynamic exports). So it's known statically that the requested export doesn't exist.

Import trace:
  Server Component:
    ./app/hand-tracking/components/FileCodePanel.tsx
    ./app/hand-tracking/components/StepDetail.tsx
    ./app/hand-tracking/[stepId]/page.tsx @ http://localhost:3000/_next/static/chunks/node_modules_next_dist_1e8vcs8._.js:1052
[  546878ms] [ERROR] ./app/hand-tracking/components/FileCodePanel.tsx:5:1
Error: Export newLineGroups doesn't exist in target module
  3 | import { useState } from "react";
  4 | import type { FileSnapshot } from "../data/types";
> 5 | import { describeNewLines, newLineGroups } from "../lib/code";
    | ^^^^^^^^^^^^^^^^^^^^^^^^^^^^^^^^^^^^^^^^^^^^^^^^^^^^^^^^^^^^^^
  6 | import { NoCopyWrapper } from "./NoCopyWrapper";
  7 |
  8 | export function FileCodePanel({ file }: { file: FileSnapshot }) {

The export newLineGroups was not found in module [project]/app/hand-tracking/lib/code.ts [app-client] (ecmascript).
Did you mean to import newLineGroupsWithContext?
All exports of the module are statically known (It doesn't have dynamic exports). So it's known statically that the requested export doesn't exist.

Import trace:
  Server Component:
    ./app/hand-tracking/components/FileCodePanel.tsx
    ./app/hand-tracking/components/StepDetail.tsx
    ./app/hand-tracking/[stepId]/page.tsx @ http://localhost:3000/_next/static/chunks/node_modules_next_dist_1e8vcs8._.js:1052
[  546879ms] [ERROR] ./app/hand-tracking/components/FileCodePanel.tsx:5:1
Error: Export newLineGroups doesn't exist in target module
  3 | import { useState } from "react";
  4 | import type { FileSnapshot } from "../data/types";
> 5 | import { describeNewLines, newLineGroups } from "../lib/code";
    | ^^^^^^^^^^^^^^^^^^^^^^^^^^^^^^^^^^^^^^^^^^^^^^^^^^^^^^^^^^^^^^
  6 | import { NoCopyWrapper } from "./NoCopyWrapper";
  7 |
  8 | export function FileCodePanel({ file }: { file: FileSnapshot }) {

The export newLineGroups was not found in module [project]/app/hand-tracking/lib/code.ts [app-ssr] (ecmascript).
Did you mean to import newLineGroupsWithContext?
All exports of the module are statically known (It doesn't have dynamic exports). So it's known statically that the requested export doesn't exist.

Import trace:
  Server Component:
    ./app/hand-tracking/components/FileCodePanel.tsx
    ./app/hand-tracking/components/StepDetail.tsx
    ./app/hand-tracking/[stepId]/page.tsx @ http://localhost:3000/_next/static/chunks/node_modules_next_dist_1e8vcs8._.js:1052
[  546940ms] [ERROR] ./app/hand-tracking/components/FileCodePanel.tsx:5:1
Error: Export newLineGroups doesn't exist in target module
  3 | import { useState } from "react";
  4 | import type { FileSnapshot } from "../data/types";
> 5 | import { describeNewLines, newLineGroups } from "../lib/code";
    | ^^^^^^^^^^^^^^^^^^^^^^^^^^^^^^^^^^^^^^^^^^^^^^^^^^^^^^^^^^^^^^
  6 | import { NoCopyWrapper } from "./NoCopyWrapper";
  7 |
  8 | export function FileCodePanel({ file }: { file: FileSnapshot }) {

The export newLineGroups was not found in module [project]/app/hand-tracking/lib/code.ts [app-client] (ecmascript).
Did you mean to import newLineGroupsWithContext?
All exports of the module are statically known (It doesn't have dynamic exports). So it's known statically that the requested export doesn't exist.

Import trace:
  Server Component:
    ./app/hand-tracking/components/FileCodePanel.tsx
    ./app/hand-tracking/components/StepDetail.tsx
    ./app/hand-tracking/[stepId]/page.tsx @ http://localhost:3000/_next/static/chunks/node_modules_next_dist_1e8vcs8._.js:1052
[  546942ms] [ERROR] ./app/hand-tracking/components/FileCodePanel.tsx:5:1
Error: Export newLineGroups doesn't exist in target module
  3 | import { useState } from "react";
  4 | import type { FileSnapshot } from "../data/types";
> 5 | import { describeNewLines, newLineGroups } from "../lib/code";
    | ^^^^^^^^^^^^^^^^^^^^^^^^^^^^^^^^^^^^^^^^^^^^^^^^^^^^^^^^^^^^^^
  6 | import { NoCopyWrapper } from "./NoCopyWrapper";
  7 |
  8 | export function FileCodePanel({ file }: { file: FileSnapshot }) {

The export newLineGroups was not found in module [project]/app/hand-tracking/lib/code.ts [app-ssr] (ecmascript).
Did you mean to import newLineGroupsWithContext?
All exports of the module are statically known (It doesn't have dynamic exports). So it's known statically that the requested export doesn't exist.

Import trace:
  Server Component:
    ./app/hand-tracking/components/FileCodePanel.tsx
    ./app/hand-tracking/components/StepDetail.tsx
    ./app/hand-tracking/[stepId]/page.tsx @ http://localhost:3000/_next/static/chunks/node_modules_next_dist_1e8vcs8._.js:1052
[  547002ms] [ERROR] ./app/hand-tracking/components/FileCodePanel.tsx:5:1
Error: Export newLineGroups doesn't exist in target module
  3 | import { useState } from "react";
  4 | import type { FileSnapshot } from "../data/types";
> 5 | import { describeNewLines, newLineGroups } from "../lib/code";
    | ^^^^^^^^^^^^^^^^^^^^^^^^^^^^^^^^^^^^^^^^^^^^^^^^^^^^^^^^^^^^^^
  6 | import { NoCopyWrapper } from "./NoCopyWrapper";
  7 |
  8 | export function FileCodePanel({ file }: { file: FileSnapshot }) {

The export newLineGroups was not found in module [project]/app/hand-tracking/lib/code.ts [app-client] (ecmascript).
Did you mean to import newLineGroupsWithContext?
All exports of the module are statically known (It doesn't have dynamic exports). So it's known statically that the requested export doesn't exist.

Import trace:
  Server Component:
    ./app/hand-tracking/components/FileCodePanel.tsx
    ./app/hand-tracking/components/StepDetail.tsx
    ./app/hand-tracking/[stepId]/page.tsx @ http://localhost:3000/_next/static/chunks/node_modules_next_dist_1e8vcs8._.js:1052
[  547003ms] [ERROR] ./app/hand-tracking/components/FileCodePanel.tsx:5:1
Error: Export newLineGroups doesn't exist in target module
  3 | import { useState } from "react";
  4 | import type { FileSnapshot } from "../data/types";
> 5 | import { describeNewLines, newLineGroups } from "../lib/code";
    | ^^^^^^^^^^^^^^^^^^^^^^^^^^^^^^^^^^^^^^^^^^^^^^^^^^^^^^^^^^^^^^
  6 | import { NoCopyWrapper } from "./NoCopyWrapper";
  7 |
  8 | export function FileCodePanel({ file }: { file: FileSnapshot }) {

The export newLineGroups was not found in module [project]/app/hand-tracking/lib/code.ts [app-ssr] (ecmascript).
Did you mean to import newLineGroupsWithContext?
All exports of the module are statically known (It doesn't have dynamic exports). So it's known statically that the requested export doesn't exist.

Import trace:
  Server Component:
    ./app/hand-tracking/components/FileCodePanel.tsx
    ./app/hand-tracking/components/StepDetail.tsx
    ./app/hand-tracking/[stepId]/page.tsx @ http://localhost:3000/_next/static/chunks/node_modules_next_dist_1e8vcs8._.js:1052
[  547063ms] [ERROR] ./app/hand-tracking/components/FileCodePanel.tsx:5:1
Error: Export newLineGroups doesn't exist in target module
  3 | import { useState } from "react";
  4 | import type { FileSnapshot } from "../data/types";
> 5 | import { describeNewLines, newLineGroups } from "../lib/code";
    | ^^^^^^^^^^^^^^^^^^^^^^^^^^^^^^^^^^^^^^^^^^^^^^^^^^^^^^^^^^^^^^
  6 | import { NoCopyWrapper } from "./NoCopyWrapper";
  7 |
  8 | export function FileCodePanel({ file }: { file: FileSnapshot }) {

The export newLineGroups was not found in module [project]/app/hand-tracking/lib/code.ts [app-client] (ecmascript).
Did you mean to import newLineGroupsWithContext?
All exports of the module are statically known (It doesn't have dynamic exports). So it's known statically that the requested export doesn't exist.

Import trace:
  Server Component:
    ./app/hand-tracking/components/FileCodePanel.tsx
    ./app/hand-tracking/components/StepDetail.tsx
    ./app/hand-tracking/[stepId]/page.tsx @ http://localhost:3000/_next/static/chunks/node_modules_next_dist_1e8vcs8._.js:1052
[  547064ms] [ERROR] ./app/hand-tracking/components/FileCodePanel.tsx:5:1
Error: Export newLineGroups doesn't exist in target module
  3 | import { useState } from "react";
  4 | import type { FileSnapshot } from "../data/types";
> 5 | import { describeNewLines, newLineGroups } from "../lib/code";
    | ^^^^^^^^^^^^^^^^^^^^^^^^^^^^^^^^^^^^^^^^^^^^^^^^^^^^^^^^^^^^^^
  6 | import { NoCopyWrapper } from "./NoCopyWrapper";
  7 |
  8 | export function FileCodePanel({ file }: { file: FileSnapshot }) {

The export newLineGroups was not found in module [project]/app/hand-tracking/lib/code.ts [app-ssr] (ecmascript).
Did you mean to import newLineGroupsWithContext?
All exports of the module are statically known (It doesn't have dynamic exports). So it's known statically that the requested export doesn't exist.

Import trace:
  Server Component:
    ./app/hand-tracking/components/FileCodePanel.tsx
    ./app/hand-tracking/components/StepDetail.tsx
    ./app/hand-tracking/[stepId]/page.tsx @ http://localhost:3000/_next/static/chunks/node_modules_next_dist_1e8vcs8._.js:1052
[  547128ms] [ERROR] ./app/hand-tracking/components/FileCodePanel.tsx:5:1
Error: Export newLineGroups doesn't exist in target module
  3 | import { useState } from "react";
  4 | import type { FileSnapshot } from "../data/types";
> 5 | import { describeNewLines, newLineGroups } from "../lib/code";
    | ^^^^^^^^^^^^^^^^^^^^^^^^^^^^^^^^^^^^^^^^^^^^^^^^^^^^^^^^^^^^^^
  6 | import { NoCopyWrapper } from "./NoCopyWrapper";
  7 |
  8 | export function FileCodePanel({ file }: { file: FileSnapshot }) {

The export newLineGroups was not found in module [project]/app/hand-tracking/lib/code.ts [app-client] (ecmascript).
Did you mean to import newLineGroupsWithContext?
All exports of the module are statically known (It doesn't have dynamic exports). So it's known statically that the requested export doesn't exist.

Import trace:
  Server Component:
    ./app/hand-tracking/components/FileCodePanel.tsx
    ./app/hand-tracking/components/StepDetail.tsx
    ./app/hand-tracking/[stepId]/page.tsx @ http://localhost:3000/_next/static/chunks/node_modules_next_dist_1e8vcs8._.js:1052
[  547129ms] [ERROR] ./app/hand-tracking/components/FileCodePanel.tsx:5:1
Error: Export newLineGroups doesn't exist in target module
  3 | import { useState } from "react";
  4 | import type { FileSnapshot } from "../data/types";
> 5 | import { describeNewLines, newLineGroups } from "../lib/code";
    | ^^^^^^^^^^^^^^^^^^^^^^^^^^^^^^^^^^^^^^^^^^^^^^^^^^^^^^^^^^^^^^
  6 | import { NoCopyWrapper } from "./NoCopyWrapper";
  7 |
  8 | export function FileCodePanel({ file }: { file: FileSnapshot }) {

The export newLineGroups was not found in module [project]/app/hand-tracking/lib/code.ts [app-ssr] (ecmascript).
Did you mean to import newLineGroupsWithContext?
All exports of the module are statically known (It doesn't have dynamic exports). So it's known statically that the requested export doesn't exist.

Import trace:
  Server Component:
    ./app/hand-tracking/components/FileCodePanel.tsx
    ./app/hand-tracking/components/StepDetail.tsx
    ./app/hand-tracking/[stepId]/page.tsx @ http://localhost:3000/_next/static/chunks/node_modules_next_dist_1e8vcs8._.js:1052
[  547181ms] [ERROR] ./app/hand-tracking/components/FileCodePanel.tsx:5:1
Error: Export newLineGroups doesn't exist in target module
  3 | import { useState } from "react";
  4 | import type { FileSnapshot } from "../data/types";
> 5 | import { describeNewLines, newLineGroups } from "../lib/code";
    | ^^^^^^^^^^^^^^^^^^^^^^^^^^^^^^^^^^^^^^^^^^^^^^^^^^^^^^^^^^^^^^
  6 | import { NoCopyWrapper } from "./NoCopyWrapper";
  7 |
  8 | export function FileCodePanel({ file }: { file: FileSnapshot }) {

The export newLineGroups was not found in module [project]/app/hand-tracking/lib/code.ts [app-client] (ecmascript).
Did you mean to import newLineGroupsWithContext?
All exports of the module are statically known (It doesn't have dynamic exports). So it's known statically that the requested export doesn't exist.

Import trace:
  Server Component:
    ./app/hand-tracking/components/FileCodePanel.tsx
    ./app/hand-tracking/components/StepDetail.tsx
    ./app/hand-tracking/[stepId]/page.tsx @ http://localhost:3000/_next/static/chunks/node_modules_next_dist_1e8vcs8._.js:1052
[  547183ms] [ERROR] ./app/hand-tracking/components/FileCodePanel.tsx:5:1
Error: Export newLineGroups doesn't exist in target module
  3 | import { useState } from "react";
  4 | import type { FileSnapshot } from "../data/types";
> 5 | import { describeNewLines, newLineGroups } from "../lib/code";
    | ^^^^^^^^^^^^^^^^^^^^^^^^^^^^^^^^^^^^^^^^^^^^^^^^^^^^^^^^^^^^^^
  6 | import { NoCopyWrapper } from "./NoCopyWrapper";
  7 |
  8 | export function FileCodePanel({ file }: { file: FileSnapshot }) {

The export newLineGroups was not found in module [project]/app/hand-tracking/lib/code.ts [app-ssr] (ecmascript).
Did you mean to import newLineGroupsWithContext?
All exports of the module are statically known (It doesn't have dynamic exports). So it's known statically that the requested export doesn't exist.

Import trace:
  Server Component:
    ./app/hand-tracking/components/FileCodePanel.tsx
    ./app/hand-tracking/components/StepDetail.tsx
    ./app/hand-tracking/[stepId]/page.tsx @ http://localhost:3000/_next/static/chunks/node_modules_next_dist_1e8vcs8._.js:1052
[  547266ms] [ERROR] ./app/hand-tracking/components/FileCodePanel.tsx:5:1
Error: Export newLineGroups doesn't exist in target module
  3 | import { useState } from "react";
  4 | import type { FileSnapshot } from "../data/types";
> 5 | import { describeNewLines, newLineGroups } from "../lib/code";
    | ^^^^^^^^^^^^^^^^^^^^^^^^^^^^^^^^^^^^^^^^^^^^^^^^^^^^^^^^^^^^^^
  6 | import { NoCopyWrapper } from "./NoCopyWrapper";
  7 |
  8 | export function FileCodePanel({ file }: { file: FileSnapshot }) {

The export newLineGroups was not found in module [project]/app/hand-tracking/lib/code.ts [app-client] (ecmascript).
Did you mean to import newLineGroupsWithContext?
All exports of the module are statically known (It doesn't have dynamic exports). So it's known statically that the requested export doesn't exist.

Import trace:
  Server Component:
    ./app/hand-tracking/components/FileCodePanel.tsx
    ./app/hand-tracking/components/StepDetail.tsx
    ./app/hand-tracking/[stepId]/page.tsx @ http://localhost:3000/_next/static/chunks/node_modules_next_dist_1e8vcs8._.js:1052
[  547267ms] [ERROR] ./app/hand-tracking/components/FileCodePanel.tsx:5:1
Error: Export newLineGroups doesn't exist in target module
  3 | import { useState } from "react";
  4 | import type { FileSnapshot } from "../data/types";
> 5 | import { describeNewLines, newLineGroups } from "../lib/code";
    | ^^^^^^^^^^^^^^^^^^^^^^^^^^^^^^^^^^^^^^^^^^^^^^^^^^^^^^^^^^^^^^
  6 | import { NoCopyWrapper } from "./NoCopyWrapper";
  7 |
  8 | export function FileCodePanel({ file }: { file: FileSnapshot }) {

The export newLineGroups was not found in module [project]/app/hand-tracking/lib/code.ts [app-ssr] (ecmascript).
Did you mean to import newLineGroupsWithContext?
All exports of the module are statically known (It doesn't have dynamic exports). So it's known statically that the requested export doesn't exist.

Import trace:
  Server Component:
    ./app/hand-tracking/components/FileCodePanel.tsx
    ./app/hand-tracking/components/StepDetail.tsx
    ./app/hand-tracking/[stepId]/page.tsx @ http://localhost:3000/_next/static/chunks/node_modules_next_dist_1e8vcs8._.js:1052
[  547345ms] [ERROR] ./app/hand-tracking/components/FileCodePanel.tsx:5:1
Error: Export newLineGroups doesn't exist in target module
  3 | import { useState } from "react";
  4 | import type { FileSnapshot } from "../data/types";
> 5 | import { describeNewLines, newLineGroups } from "../lib/code";
    | ^^^^^^^^^^^^^^^^^^^^^^^^^^^^^^^^^^^^^^^^^^^^^^^^^^^^^^^^^^^^^^
  6 | import { NoCopyWrapper } from "./NoCopyWrapper";
  7 |
  8 | export function FileCodePanel({ file }: { file: FileSnapshot }) {

The export newLineGroups was not found in module [project]/app/hand-tracking/lib/code.ts [app-client] (ecmascript).
Did you mean to import newLineGroupsWithContext?
All exports of the module are statically known (It doesn't have dynamic exports). So it's known statically that the requested export doesn't exist.

Import trace:
  Server Component:
    ./app/hand-tracking/components/FileCodePanel.tsx
    ./app/hand-tracking/components/StepDetail.tsx
    ./app/hand-tracking/[stepId]/page.tsx @ http://localhost:3000/_next/static/chunks/node_modules_next_dist_1e8vcs8._.js:1052
[  547346ms] [ERROR] ./app/hand-tracking/components/FileCodePanel.tsx:5:1
Error: Export newLineGroups doesn't exist in target module
  3 | import { useState } from "react";
  4 | import type { FileSnapshot } from "../data/types";
> 5 | import { describeNewLines, newLineGroups } from "../lib/code";
    | ^^^^^^^^^^^^^^^^^^^^^^^^^^^^^^^^^^^^^^^^^^^^^^^^^^^^^^^^^^^^^^
  6 | import { NoCopyWrapper } from "./NoCopyWrapper";
  7 |
  8 | export function FileCodePanel({ file }: { file: FileSnapshot }) {

The export newLineGroups was not found in module [project]/app/hand-tracking/lib/code.ts [app-ssr] (ecmascript).
Did you mean to import newLineGroupsWithContext?
All exports of the module are statically known (It doesn't have dynamic exports). So it's known statically that the requested export doesn't exist.

Import trace:
  Server Component:
    ./app/hand-tracking/components/FileCodePanel.tsx
    ./app/hand-tracking/components/StepDetail.tsx
    ./app/hand-tracking/[stepId]/page.tsx @ http://localhost:3000/_next/static/chunks/node_modules_next_dist_1e8vcs8._.js:1052
[  547404ms] [ERROR] ./app/hand-tracking/components/FileCodePanel.tsx:5:1
Error: Export newLineGroups doesn't exist in target module
  3 | import { useState } from "react";
  4 | import type { FileSnapshot } from "../data/types";
> 5 | import { describeNewLines, newLineGroups } from "../lib/code";
    | ^^^^^^^^^^^^^^^^^^^^^^^^^^^^^^^^^^^^^^^^^^^^^^^^^^^^^^^^^^^^^^
  6 | import { NoCopyWrapper } from "./NoCopyWrapper";
  7 |
  8 | export function FileCodePanel({ file }: { file: FileSnapshot }) {

The export newLineGroups was not found in module [project]/app/hand-tracking/lib/code.ts [app-client] (ecmascript).
Did you mean to import newLineGroupsWithContext?
All exports of the module are statically known (It doesn't have dynamic exports). So it's known statically that the requested export doesn't exist.

Import trace:
  Server Component:
    ./app/hand-tracking/components/FileCodePanel.tsx
    ./app/hand-tracking/components/StepDetail.tsx
    ./app/hand-tracking/[stepId]/page.tsx @ http://localhost:3000/_next/static/chunks/node_modules_next_dist_1e8vcs8._.js:1052
[  547405ms] [ERROR] ./app/hand-tracking/components/FileCodePanel.tsx:5:1
Error: Export newLineGroups doesn't exist in target module
  3 | import { useState } from "react";
  4 | import type { FileSnapshot } from "../data/types";
> 5 | import { describeNewLines, newLineGroups } from "../lib/code";
    | ^^^^^^^^^^^^^^^^^^^^^^^^^^^^^^^^^^^^^^^^^^^^^^^^^^^^^^^^^^^^^^
  6 | import { NoCopyWrapper } from "./NoCopyWrapper";
  7 |
  8 | export function FileCodePanel({ file }: { file: FileSnapshot }) {

The export newLineGroups was not found in module [project]/app/hand-tracking/lib/code.ts [app-ssr] (ecmascript).
Did you mean to import newLineGroupsWithContext?
All exports of the module are statically known (It doesn't have dynamic exports). So it's known statically that the requested export doesn't exist.

Import trace:
  Server Component:
    ./app/hand-tracking/components/FileCodePanel.tsx
    ./app/hand-tracking/components/StepDetail.tsx
    ./app/hand-tracking/[stepId]/page.tsx @ http://localhost:3000/_next/static/chunks/node_modules_next_dist_1e8vcs8._.js:1052
[  547465ms] [ERROR] ./app/hand-tracking/components/FileCodePanel.tsx:5:1
Error: Export newLineGroups doesn't exist in target module
  3 | import { useState } from "react";
  4 | import type { FileSnapshot } from "../data/types";
> 5 | import { describeNewLines, newLineGroups } from "../lib/code";
    | ^^^^^^^^^^^^^^^^^^^^^^^^^^^^^^^^^^^^^^^^^^^^^^^^^^^^^^^^^^^^^^
  6 | import { NoCopyWrapper } from "./NoCopyWrapper";
  7 |
  8 | export function FileCodePanel({ file }: { file: FileSnapshot }) {

The export newLineGroups was not found in module [project]/app/hand-tracking/lib/code.ts [app-client] (ecmascript).
Did you mean to import newLineGroupsWithContext?
All exports of the module are statically known (It doesn't have dynamic exports). So it's known statically that the requested export doesn't exist.

Import trace:
  Server Component:
    ./app/hand-tracking/components/FileCodePanel.tsx
    ./app/hand-tracking/components/StepDetail.tsx
    ./app/hand-tracking/[stepId]/page.tsx @ http://localhost:3000/_next/static/chunks/node_modules_next_dist_1e8vcs8._.js:1052
[  547466ms] [ERROR] ./app/hand-tracking/components/FileCodePanel.tsx:5:1
Error: Export newLineGroups doesn't exist in target module
  3 | import { useState } from "react";
  4 | import type { FileSnapshot } from "../data/types";
> 5 | import { describeNewLines, newLineGroups } from "../lib/code";
    | ^^^^^^^^^^^^^^^^^^^^^^^^^^^^^^^^^^^^^^^^^^^^^^^^^^^^^^^^^^^^^^
  6 | import { NoCopyWrapper } from "./NoCopyWrapper";
  7 |
  8 | export function FileCodePanel({ file }: { file: FileSnapshot }) {

The export newLineGroups was not found in module [project]/app/hand-tracking/lib/code.ts [app-ssr] (ecmascript).
Did you mean to import newLineGroupsWithContext?
All exports of the module are statically known (It doesn't have dynamic exports). So it's known statically that the requested export doesn't exist.

Import trace:
  Server Component:
    ./app/hand-tracking/components/FileCodePanel.tsx
    ./app/hand-tracking/components/StepDetail.tsx
    ./app/hand-tracking/[stepId]/page.tsx @ http://localhost:3000/_next/static/chunks/node_modules_next_dist_1e8vcs8._.js:1052
[  547530ms] [ERROR] ./app/hand-tracking/components/FileCodePanel.tsx:5:1
Error: Export newLineGroups doesn't exist in target module
  3 | import { useState } from "react";
  4 | import type { FileSnapshot } from "../data/types";
> 5 | import { describeNewLines, newLineGroups } from "../lib/code";
    | ^^^^^^^^^^^^^^^^^^^^^^^^^^^^^^^^^^^^^^^^^^^^^^^^^^^^^^^^^^^^^^
  6 | import { NoCopyWrapper } from "./NoCopyWrapper";
  7 |
  8 | export function FileCodePanel({ file }: { file: FileSnapshot }) {

The export newLineGroups was not found in module [project]/app/hand-tracking/lib/code.ts [app-client] (ecmascript).
Did you mean to import newLineGroupsWithContext?
All exports of the module are statically known (It doesn't have dynamic exports). So it's known statically that the requested export doesn't exist.

Import trace:
  Server Component:
    ./app/hand-tracking/components/FileCodePanel.tsx
    ./app/hand-tracking/components/StepDetail.tsx
    ./app/hand-tracking/[stepId]/page.tsx @ http://localhost:3000/_next/static/chunks/node_modules_next_dist_1e8vcs8._.js:1052
[  547530ms] [ERROR] ./app/hand-tracking/components/FileCodePanel.tsx:5:1
Error: Export newLineGroups doesn't exist in target module
  3 | import { useState } from "react";
  4 | import type { FileSnapshot } from "../data/types";
> 5 | import { describeNewLines, newLineGroups } from "../lib/code";
    | ^^^^^^^^^^^^^^^^^^^^^^^^^^^^^^^^^^^^^^^^^^^^^^^^^^^^^^^^^^^^^^
  6 | import { NoCopyWrapper } from "./NoCopyWrapper";
  7 |
  8 | export function FileCodePanel({ file }: { file: FileSnapshot }) {

The export newLineGroups was not found in module [project]/app/hand-tracking/lib/code.ts [app-ssr] (ecmascript).
Did you mean to import newLineGroupsWithContext?
All exports of the module are statically known (It doesn't have dynamic exports). So it's known statically that the requested export doesn't exist.

Import trace:
  Server Component:
    ./app/hand-tracking/components/FileCodePanel.tsx
    ./app/hand-tracking/components/StepDetail.tsx
    ./app/hand-tracking/[stepId]/page.tsx @ http://localhost:3000/_next/static/chunks/node_modules_next_dist_1e8vcs8._.js:1052
[  547590ms] [ERROR] ./app/hand-tracking/components/FileCodePanel.tsx:5:1
Error: Export newLineGroups doesn't exist in target module
  3 | import { useState } from "react";
  4 | import type { FileSnapshot } from "../data/types";
> 5 | import { describeNewLines, newLineGroups } from "../lib/code";
    | ^^^^^^^^^^^^^^^^^^^^^^^^^^^^^^^^^^^^^^^^^^^^^^^^^^^^^^^^^^^^^^
  6 | import { NoCopyWrapper } from "./NoCopyWrapper";
  7 |
  8 | export function FileCodePanel({ file }: { file: FileSnapshot }) {

The export newLineGroups was not found in module [project]/app/hand-tracking/lib/code.ts [app-client] (ecmascript).
Did you mean to import newLineGroupsWithContext?
All exports of the module are statically known (It doesn't have dynamic exports). So it's known statically that the requested export doesn't exist.

Import trace:
  Server Component:
    ./app/hand-tracking/components/FileCodePanel.tsx
    ./app/hand-tracking/components/StepDetail.tsx
    ./app/hand-tracking/[stepId]/page.tsx @ http://localhost:3000/_next/static/chunks/node_modules_next_dist_1e8vcs8._.js:1052
[  547590ms] [ERROR] ./app/hand-tracking/components/FileCodePanel.tsx:5:1
Error: Export newLineGroups doesn't exist in target module
  3 | import { useState } from "react";
  4 | import type { FileSnapshot } from "../data/types";
> 5 | import { describeNewLines, newLineGroups } from "../lib/code";
    | ^^^^^^^^^^^^^^^^^^^^^^^^^^^^^^^^^^^^^^^^^^^^^^^^^^^^^^^^^^^^^^
  6 | import { NoCopyWrapper } from "./NoCopyWrapper";
  7 |
  8 | export function FileCodePanel({ file }: { file: FileSnapshot }) {

The export newLineGroups was not found in module [project]/app/hand-tracking/lib/code.ts [app-ssr] (ecmascript).
Did you mean to import newLineGroupsWithContext?
All exports of the module are statically known (It doesn't have dynamic exports). So it's known statically that the requested export doesn't exist.

Import trace:
  Server Component:
    ./app/hand-tracking/components/FileCodePanel.tsx
    ./app/hand-tracking/components/StepDetail.tsx
    ./app/hand-tracking/[stepId]/page.tsx @ http://localhost:3000/_next/static/chunks/node_modules_next_dist_1e8vcs8._.js:1052
[  547638ms] [ERROR] ./app/hand-tracking/components/FileCodePanel.tsx:5:1
Error: Export newLineGroups doesn't exist in target module
  3 | import { useState } from "react";
  4 | import type { FileSnapshot } from "../data/types";
> 5 | import { describeNewLines, newLineGroups } from "../lib/code";
    | ^^^^^^^^^^^^^^^^^^^^^^^^^^^^^^^^^^^^^^^^^^^^^^^^^^^^^^^^^^^^^^
  6 | import { NoCopyWrapper } from "./NoCopyWrapper";
  7 |
  8 | export function FileCodePanel({ file }: { file: FileSnapshot }) {

The export newLineGroups was not found in module [project]/app/hand-tracking/lib/code.ts [app-client] (ecmascript).
Did you mean to import newLineGroupsWithContext?
All exports of the module are statically known (It doesn't have dynamic exports). So it's known statically that the requested export doesn't exist.

Import trace:
  Server Component:
    ./app/hand-tracking/components/FileCodePanel.tsx
    ./app/hand-tracking/components/StepDetail.tsx
    ./app/hand-tracking/[stepId]/page.tsx @ http://localhost:3000/_next/static/chunks/node_modules_next_dist_1e8vcs8._.js:1052
[  547638ms] [ERROR] ./app/hand-tracking/components/FileCodePanel.tsx:5:1
Error: Export newLineGroups doesn't exist in target module
  3 | import { useState } from "react";
  4 | import type { FileSnapshot } from "../data/types";
> 5 | import { describeNewLines, newLineGroups } from "../lib/code";
    | ^^^^^^^^^^^^^^^^^^^^^^^^^^^^^^^^^^^^^^^^^^^^^^^^^^^^^^^^^^^^^^
  6 | import { NoCopyWrapper } from "./NoCopyWrapper";
  7 |
  8 | export function FileCodePanel({ file }: { file: FileSnapshot }) {

The export newLineGroups was not found in module [project]/app/hand-tracking/lib/code.ts [app-ssr] (ecmascript).
Did you mean to import newLineGroupsWithContext?
All exports of the module are statically known (It doesn't have dynamic exports). So it's known statically that the requested export doesn't exist.

Import trace:
  Server Component:
    ./app/hand-tracking/components/FileCodePanel.tsx
    ./app/hand-tracking/components/StepDetail.tsx
    ./app/hand-tracking/[stepId]/page.tsx @ http://localhost:3000/_next/static/chunks/node_modules_next_dist_1e8vcs8._.js:1052
[  547699ms] [ERROR] ./app/hand-tracking/components/FileCodePanel.tsx:5:1
Error: Export newLineGroups doesn't exist in target module
  3 | import { useState } from "react";
  4 | import type { FileSnapshot } from "../data/types";
> 5 | import { describeNewLines, newLineGroups } from "../lib/code";
    | ^^^^^^^^^^^^^^^^^^^^^^^^^^^^^^^^^^^^^^^^^^^^^^^^^^^^^^^^^^^^^^
  6 | import { NoCopyWrapper } from "./NoCopyWrapper";
  7 |
  8 | export function FileCodePanel({ file }: { file: FileSnapshot }) {

The export newLineGroups was not found in module [project]/app/hand-tracking/lib/code.ts [app-client] (ecmascript).
Did you mean to import newLineGroupsWithContext?
All exports of the module are statically known (It doesn't have dynamic exports). So it's known statically that the requested export doesn't exist.

Import trace:
  Server Component:
    ./app/hand-tracking/components/FileCodePanel.tsx
    ./app/hand-tracking/components/StepDetail.tsx
    ./app/hand-tracking/[stepId]/page.tsx @ http://localhost:3000/_next/static/chunks/node_modules_next_dist_1e8vcs8._.js:1052
[  547700ms] [ERROR] ./app/hand-tracking/components/FileCodePanel.tsx:5:1
Error: Export newLineGroups doesn't exist in target module
  3 | import { useState } from "react";
  4 | import type { FileSnapshot } from "../data/types";
> 5 | import { describeNewLines, newLineGroups } from "../lib/code";
    | ^^^^^^^^^^^^^^^^^^^^^^^^^^^^^^^^^^^^^^^^^^^^^^^^^^^^^^^^^^^^^^
  6 | import { NoCopyWrapper } from "./NoCopyWrapper";
  7 |
  8 | export function FileCodePanel({ file }: { file: FileSnapshot }) {

The export newLineGroups was not found in module [project]/app/hand-tracking/lib/code.ts [app-ssr] (ecmascript).
Did you mean to import newLineGroupsWithContext?
All exports of the module are statically known (It doesn't have dynamic exports). So it's known statically that the requested export doesn't exist.

Import trace:
  Server Component:
    ./app/hand-tracking/components/FileCodePanel.tsx
    ./app/hand-tracking/components/StepDetail.tsx
    ./app/hand-tracking/[stepId]/page.tsx @ http://localhost:3000/_next/static/chunks/node_modules_next_dist_1e8vcs8._.js:1052
[  547762ms] [ERROR] ./app/hand-tracking/components/FileCodePanel.tsx:5:1
Error: Export newLineGroups doesn't exist in target module
  3 | import { useState } from "react";
  4 | import type { FileSnapshot } from "../data/types";
> 5 | import { describeNewLines, newLineGroups } from "../lib/code";
    | ^^^^^^^^^^^^^^^^^^^^^^^^^^^^^^^^^^^^^^^^^^^^^^^^^^^^^^^^^^^^^^
  6 | import { NoCopyWrapper } from "./NoCopyWrapper";
  7 |
  8 | export function FileCodePanel({ file }: { file: FileSnapshot }) {

The export newLineGroups was not found in module [project]/app/hand-tracking/lib/code.ts [app-client] (ecmascript).
Did you mean to import newLineGroupsWithContext?
All exports of the module are statically known (It doesn't have dynamic exports). So it's known statically that the requested export doesn't exist.

Import trace:
  Server Component:
    ./app/hand-tracking/components/FileCodePanel.tsx
    ./app/hand-tracking/components/StepDetail.tsx
    ./app/hand-tracking/[stepId]/page.tsx @ http://localhost:3000/_next/static/chunks/node_modules_next_dist_1e8vcs8._.js:1052
[  547763ms] [ERROR] ./app/hand-tracking/components/FileCodePanel.tsx:5:1
Error: Export newLineGroups doesn't exist in target module
  3 | import { useState } from "react";
  4 | import type { FileSnapshot } from "../data/types";
> 5 | import { describeNewLines, newLineGroups } from "../lib/code";
    | ^^^^^^^^^^^^^^^^^^^^^^^^^^^^^^^^^^^^^^^^^^^^^^^^^^^^^^^^^^^^^^
  6 | import { NoCopyWrapper } from "./NoCopyWrapper";
  7 |
  8 | export function FileCodePanel({ file }: { file: FileSnapshot }) {

The export newLineGroups was not found in module [project]/app/hand-tracking/lib/code.ts [app-ssr] (ecmascript).
Did you mean to import newLineGroupsWithContext?
All exports of the module are statically known (It doesn't have dynamic exports). So it's known statically that the requested export doesn't exist.

Import trace:
  Server Component:
    ./app/hand-tracking/components/FileCodePanel.tsx
    ./app/hand-tracking/components/StepDetail.tsx
    ./app/hand-tracking/[stepId]/page.tsx @ http://localhost:3000/_next/static/chunks/node_modules_next_dist_1e8vcs8._.js:1052
[  547826ms] [ERROR] ./app/hand-tracking/components/FileCodePanel.tsx:5:1
Error: Export newLineGroups doesn't exist in target module
  3 | import { useState } from "react";
  4 | import type { FileSnapshot } from "../data/types";
> 5 | import { describeNewLines, newLineGroups } from "../lib/code";
    | ^^^^^^^^^^^^^^^^^^^^^^^^^^^^^^^^^^^^^^^^^^^^^^^^^^^^^^^^^^^^^^
  6 | import { NoCopyWrapper } from "./NoCopyWrapper";
  7 |
  8 | export function FileCodePanel({ file }: { file: FileSnapshot }) {

The export newLineGroups was not found in module [project]/app/hand-tracking/lib/code.ts [app-client] (ecmascript).
Did you mean to import newLineGroupsWithContext?
All exports of the module are statically known (It doesn't have dynamic exports). So it's known statically that the requested export doesn't exist.

Import trace:
  Server Component:
    ./app/hand-tracking/components/FileCodePanel.tsx
    ./app/hand-tracking/components/StepDetail.tsx
    ./app/hand-tracking/[stepId]/page.tsx @ http://localhost:3000/_next/static/chunks/node_modules_next_dist_1e8vcs8._.js:1052
[  547827ms] [ERROR] ./app/hand-tracking/components/FileCodePanel.tsx:5:1
Error: Export newLineGroups doesn't exist in target module
  3 | import { useState } from "react";
  4 | import type { FileSnapshot } from "../data/types";
> 5 | import { describeNewLines, newLineGroups } from "../lib/code";
    | ^^^^^^^^^^^^^^^^^^^^^^^^^^^^^^^^^^^^^^^^^^^^^^^^^^^^^^^^^^^^^^
  6 | import { NoCopyWrapper } from "./NoCopyWrapper";
  7 |
  8 | export function FileCodePanel({ file }: { file: FileSnapshot }) {

The export newLineGroups was not found in module [project]/app/hand-tracking/lib/code.ts [app-ssr] (ecmascript).
Did you mean to import newLineGroupsWithContext?
All exports of the module are statically known (It doesn't have dynamic exports). So it's known statically that the requested export doesn't exist.

Import trace:
  Server Component:
    ./app/hand-tracking/components/FileCodePanel.tsx
    ./app/hand-tracking/components/StepDetail.tsx
    ./app/hand-tracking/[stepId]/page.tsx @ http://localhost:3000/_next/static/chunks/node_modules_next_dist_1e8vcs8._.js:1052
[  547887ms] [ERROR] ./app/hand-tracking/components/FileCodePanel.tsx:5:1
Error: Export newLineGroups doesn't exist in target module
  3 | import { useState } from "react";
  4 | import type { FileSnapshot } from "../data/types";
> 5 | import { describeNewLines, newLineGroups } from "../lib/code";
    | ^^^^^^^^^^^^^^^^^^^^^^^^^^^^^^^^^^^^^^^^^^^^^^^^^^^^^^^^^^^^^^
  6 | import { NoCopyWrapper } from "./NoCopyWrapper";
  7 |
  8 | export function FileCodePanel({ file }: { file: FileSnapshot }) {

The export newLineGroups was not found in module [project]/app/hand-tracking/lib/code.ts [app-client] (ecmascript).
Did you mean to import newLineGroupsWithContext?
All exports of the module are statically known (It doesn't have dynamic exports). So it's known statically that the requested export doesn't exist.

Import trace:
  Server Component:
    ./app/hand-tracking/components/FileCodePanel.tsx
    ./app/hand-tracking/components/StepDetail.tsx
    ./app/hand-tracking/[stepId]/page.tsx @ http://localhost:3000/_next/static/chunks/node_modules_next_dist_1e8vcs8._.js:1052
[  547887ms] [ERROR] ./app/hand-tracking/components/FileCodePanel.tsx:5:1
Error: Export newLineGroups doesn't exist in target module
  3 | import { useState } from "react";
  4 | import type { FileSnapshot } from "../data/types";
> 5 | import { describeNewLines, newLineGroups } from "../lib/code";
    | ^^^^^^^^^^^^^^^^^^^^^^^^^^^^^^^^^^^^^^^^^^^^^^^^^^^^^^^^^^^^^^
  6 | import { NoCopyWrapper } from "./NoCopyWrapper";
  7 |
  8 | export function FileCodePanel({ file }: { file: FileSnapshot }) {

The export newLineGroups was not found in module [project]/app/hand-tracking/lib/code.ts [app-ssr] (ecmascript).
Did you mean to import newLineGroupsWithContext?
All exports of the module are statically known (It doesn't have dynamic exports). So it's known statically that the requested export doesn't exist.

Import trace:
  Server Component:
    ./app/hand-tracking/components/FileCodePanel.tsx
    ./app/hand-tracking/components/StepDetail.tsx
    ./app/hand-tracking/[stepId]/page.tsx @ http://localhost:3000/_next/static/chunks/node_modules_next_dist_1e8vcs8._.js:1052
[  547948ms] [ERROR] ./app/hand-tracking/components/FileCodePanel.tsx:5:1
Error: Export newLineGroups doesn't exist in target module
  3 | import { useState } from "react";
  4 | import type { FileSnapshot } from "../data/types";
> 5 | import { describeNewLines, newLineGroups } from "../lib/code";
    | ^^^^^^^^^^^^^^^^^^^^^^^^^^^^^^^^^^^^^^^^^^^^^^^^^^^^^^^^^^^^^^
  6 | import { NoCopyWrapper } from "./NoCopyWrapper";
  7 |
  8 | export function FileCodePanel({ file }: { file: FileSnapshot }) {

The export newLineGroups was not found in module [project]/app/hand-tracking/lib/code.ts [app-client] (ecmascript).
Did you mean to import newLineGroupsWithContext?
All exports of the module are statically known (It doesn't have dynamic exports). So it's known statically that the requested export doesn't exist.

Import trace:
  Server Component:
    ./app/hand-tracking/components/FileCodePanel.tsx
    ./app/hand-tracking/components/StepDetail.tsx
    ./app/hand-tracking/[stepId]/page.tsx @ http://localhost:3000/_next/static/chunks/node_modules_next_dist_1e8vcs8._.js:1052
[  547949ms] [ERROR] ./app/hand-tracking/components/FileCodePanel.tsx:5:1
Error: Export newLineGroups doesn't exist in target module
  3 | import { useState } from "react";
  4 | import type { FileSnapshot } from "../data/types";
> 5 | import { describeNewLines, newLineGroups } from "../lib/code";
    | ^^^^^^^^^^^^^^^^^^^^^^^^^^^^^^^^^^^^^^^^^^^^^^^^^^^^^^^^^^^^^^
  6 | import { NoCopyWrapper } from "./NoCopyWrapper";
  7 |
  8 | export function FileCodePanel({ file }: { file: FileSnapshot }) {

The export newLineGroups was not found in module [project]/app/hand-tracking/lib/code.ts [app-ssr] (ecmascript).
Did you mean to import newLineGroupsWithContext?
All exports of the module are statically known (It doesn't have dynamic exports). So it's known statically that the requested export doesn't exist.

Import trace:
  Server Component:
    ./app/hand-tracking/components/FileCodePanel.tsx
    ./app/hand-tracking/components/StepDetail.tsx
    ./app/hand-tracking/[stepId]/page.tsx @ http://localhost:3000/_next/static/chunks/node_modules_next_dist_1e8vcs8._.js:1052
[  548013ms] [ERROR] ./app/hand-tracking/components/FileCodePanel.tsx:5:1
Error: Export newLineGroups doesn't exist in target module
  3 | import { useState } from "react";
  4 | import type { FileSnapshot } from "../data/types";
> 5 | import { describeNewLines, newLineGroups } from "../lib/code";
    | ^^^^^^^^^^^^^^^^^^^^^^^^^^^^^^^^^^^^^^^^^^^^^^^^^^^^^^^^^^^^^^
  6 | import { NoCopyWrapper } from "./NoCopyWrapper";
  7 |
  8 | export function FileCodePanel({ file }: { file: FileSnapshot }) {

The export newLineGroups was not found in module [project]/app/hand-tracking/lib/code.ts [app-client] (ecmascript).
Did you mean to import newLineGroupsWithContext?
All exports of the module are statically known (It doesn't have dynamic exports). So it's known statically that the requested export doesn't exist.

Import trace:
  Server Component:
    ./app/hand-tracking/components/FileCodePanel.tsx
    ./app/hand-tracking/components/StepDetail.tsx
    ./app/hand-tracking/[stepId]/page.tsx @ http://localhost:3000/_next/static/chunks/node_modules_next_dist_1e8vcs8._.js:1052
[  548013ms] [ERROR] ./app/hand-tracking/components/FileCodePanel.tsx:5:1
Error: Export newLineGroups doesn't exist in target module
  3 | import { useState } from "react";
  4 | import type { FileSnapshot } from "../data/types";
> 5 | import { describeNewLines, newLineGroups } from "../lib/code";
    | ^^^^^^^^^^^^^^^^^^^^^^^^^^^^^^^^^^^^^^^^^^^^^^^^^^^^^^^^^^^^^^
  6 | import { NoCopyWrapper } from "./NoCopyWrapper";
  7 |
  8 | export function FileCodePanel({ file }: { file: FileSnapshot }) {

The export newLineGroups was not found in module [project]/app/hand-tracking/lib/code.ts [app-ssr] (ecmascript).
Did you mean to import newLineGroupsWithContext?
All exports of the module are statically known (It doesn't have dynamic exports). So it's known statically that the requested export doesn't exist.

Import trace:
  Server Component:
    ./app/hand-tracking/components/FileCodePanel.tsx
    ./app/hand-tracking/components/StepDetail.tsx
    ./app/hand-tracking/[stepId]/page.tsx @ http://localhost:3000/_next/static/chunks/node_modules_next_dist_1e8vcs8._.js:1052
[  548074ms] [ERROR] ./app/hand-tracking/components/FileCodePanel.tsx:5:1
Error: Export newLineGroups doesn't exist in target module
  3 | import { useState } from "react";
  4 | import type { FileSnapshot } from "../data/types";
> 5 | import { describeNewLines, newLineGroups } from "../lib/code";
    | ^^^^^^^^^^^^^^^^^^^^^^^^^^^^^^^^^^^^^^^^^^^^^^^^^^^^^^^^^^^^^^
  6 | import { NoCopyWrapper } from "./NoCopyWrapper";
  7 |
  8 | export function FileCodePanel({ file }: { file: FileSnapshot }) {

The export newLineGroups was not found in module [project]/app/hand-tracking/lib/code.ts [app-client] (ecmascript).
Did you mean to import newLineGroupsWithContext?
All exports of the module are statically known (It doesn't have dynamic exports). So it's known statically that the requested export doesn't exist.

Import trace:
  Server Component:
    ./app/hand-tracking/components/FileCodePanel.tsx
    ./app/hand-tracking/components/StepDetail.tsx
    ./app/hand-tracking/[stepId]/page.tsx @ http://localhost:3000/_next/static/chunks/node_modules_next_dist_1e8vcs8._.js:1052
[  548075ms] [ERROR] ./app/hand-tracking/components/FileCodePanel.tsx:5:1
Error: Export newLineGroups doesn't exist in target module
  3 | import { useState } from "react";
  4 | import type { FileSnapshot } from "../data/types";
> 5 | import { describeNewLines, newLineGroups } from "../lib/code";
    | ^^^^^^^^^^^^^^^^^^^^^^^^^^^^^^^^^^^^^^^^^^^^^^^^^^^^^^^^^^^^^^
  6 | import { NoCopyWrapper } from "./NoCopyWrapper";
  7 |
  8 | export function FileCodePanel({ file }: { file: FileSnapshot }) {

The export newLineGroups was not found in module [project]/app/hand-tracking/lib/code.ts [app-ssr] (ecmascript).
Did you mean to import newLineGroupsWithContext?
All exports of the module are statically known (It doesn't have dynamic exports). So it's known statically that the requested export doesn't exist.

Import trace:
  Server Component:
    ./app/hand-tracking/components/FileCodePanel.tsx
    ./app/hand-tracking/components/StepDetail.tsx
    ./app/hand-tracking/[stepId]/page.tsx @ http://localhost:3000/_next/static/chunks/node_modules_next_dist_1e8vcs8._.js:1052
[  548293ms] [ERROR] ./app/hand-tracking/components/FileCodePanel.tsx:5:1
Error: Export newLineGroups doesn't exist in target module
  3 | import { useState } from "react";
  4 | import type { FileSnapshot } from "../data/types";
> 5 | import { describeNewLines, newLineGroups } from "../lib/code";
    | ^^^^^^^^^^^^^^^^^^^^^^^^^^^^^^^^^^^^^^^^^^^^^^^^^^^^^^^^^^^^^^
  6 | import { NoCopyWrapper } from "./NoCopyWrapper";
  7 |
  8 | export function FileCodePanel({ file }: { file: FileSnapshot }) {

The export newLineGroups was not found in module [project]/app/hand-tracking/lib/code.ts [app-client] (ecmascript).
Did you mean to import newLineGroupsWithContext?
All exports of the module are statically known (It doesn't have dynamic exports). So it's known statically that the requested export doesn't exist.

Import trace:
  Server Component:
    ./app/hand-tracking/components/FileCodePanel.tsx
    ./app/hand-tracking/components/StepDetail.tsx
    ./app/hand-tracking/[stepId]/page.tsx @ http://localhost:3000/_next/static/chunks/node_modules_next_dist_1e8vcs8._.js:1052
[  548293ms] [ERROR] ./app/hand-tracking/components/FileCodePanel.tsx:5:1
Error: Export newLineGroups doesn't exist in target module
  3 | import { useState } from "react";
  4 | import type { FileSnapshot } from "../data/types";
> 5 | import { describeNewLines, newLineGroups } from "../lib/code";
    | ^^^^^^^^^^^^^^^^^^^^^^^^^^^^^^^^^^^^^^^^^^^^^^^^^^^^^^^^^^^^^^
  6 | import { NoCopyWrapper } from "./NoCopyWrapper";
  7 |
  8 | export function FileCodePanel({ file }: { file: FileSnapshot }) {

The export newLineGroups was not found in module [project]/app/hand-tracking/lib/code.ts [app-ssr] (ecmascript).
Did you mean to import newLineGroupsWithContext?
All exports of the module are statically known (It doesn't have dynamic exports). So it's known statically that the requested export doesn't exist.

Import trace:
  Server Component:
    ./app/hand-tracking/components/FileCodePanel.tsx
    ./app/hand-tracking/components/StepDetail.tsx
    ./app/hand-tracking/[stepId]/page.tsx @ http://localhost:3000/_next/static/chunks/node_modules_next_dist_1e8vcs8._.js:1052
[  548354ms] [ERROR] ./app/hand-tracking/components/FileCodePanel.tsx:5:1
Error: Export newLineGroups doesn't exist in target module
  3 | import { useState } from "react";
  4 | import type { FileSnapshot } from "../data/types";
> 5 | import { describeNewLines, newLineGroups } from "../lib/code";
    | ^^^^^^^^^^^^^^^^^^^^^^^^^^^^^^^^^^^^^^^^^^^^^^^^^^^^^^^^^^^^^^
  6 | import { NoCopyWrapper } from "./NoCopyWrapper";
  7 |
  8 | export function FileCodePanel({ file }: { file: FileSnapshot }) {

The export newLineGroups was not found in module [project]/app/hand-tracking/lib/code.ts [app-client] (ecmascript).
Did you mean to import newLineGroupsWithContext?
All exports of the module are statically known (It doesn't have dynamic exports). So it's known statically that the requested export doesn't exist.

Import trace:
  Server Component:
    ./app/hand-tracking/components/FileCodePanel.tsx
    ./app/hand-tracking/components/StepDetail.tsx
    ./app/hand-tracking/[stepId]/page.tsx @ http://localhost:3000/_next/static/chunks/node_modules_next_dist_1e8vcs8._.js:1052
[  548354ms] [ERROR] ./app/hand-tracking/components/FileCodePanel.tsx:5:1
Error: Export newLineGroups doesn't exist in target module
  3 | import { useState } from "react";
  4 | import type { FileSnapshot } from "../data/types";
> 5 | import { describeNewLines, newLineGroups } from "../lib/code";
    | ^^^^^^^^^^^^^^^^^^^^^^^^^^^^^^^^^^^^^^^^^^^^^^^^^^^^^^^^^^^^^^
  6 | import { NoCopyWrapper } from "./NoCopyWrapper";
  7 |
  8 | export function FileCodePanel({ file }: { file: FileSnapshot }) {

The export newLineGroups was not found in module [project]/app/hand-tracking/lib/code.ts [app-ssr] (ecmascript).
Did you mean to import newLineGroupsWithContext?
All exports of the module are statically known (It doesn't have dynamic exports). So it's known statically that the requested export doesn't exist.

Import trace:
  Server Component:
    ./app/hand-tracking/components/FileCodePanel.tsx
    ./app/hand-tracking/components/StepDetail.tsx
    ./app/hand-tracking/[stepId]/page.tsx @ http://localhost:3000/_next/static/chunks/node_modules_next_dist_1e8vcs8._.js:1052
[  548418ms] [ERROR] ./app/hand-tracking/components/FileCodePanel.tsx:5:1
Error: Export newLineGroups doesn't exist in target module
  3 | import { useState } from "react";
  4 | import type { FileSnapshot } from "../data/types";
> 5 | import { describeNewLines, newLineGroups } from "../lib/code";
    | ^^^^^^^^^^^^^^^^^^^^^^^^^^^^^^^^^^^^^^^^^^^^^^^^^^^^^^^^^^^^^^
  6 | import { NoCopyWrapper } from "./NoCopyWrapper";
  7 |
  8 | export function FileCodePanel({ file }: { file: FileSnapshot }) {

The export newLineGroups was not found in module [project]/app/hand-tracking/lib/code.ts [app-client] (ecmascript).
Did you mean to import newLineGroupsWithContext?
All exports of the module are statically known (It doesn't have dynamic exports). So it's known statically that the requested export doesn't exist.

Import trace:
  Server Component:
    ./app/hand-tracking/components/FileCodePanel.tsx
    ./app/hand-tracking/components/StepDetail.tsx
    ./app/hand-tracking/[stepId]/page.tsx @ http://localhost:3000/_next/static/chunks/node_modules_next_dist_1e8vcs8._.js:1052
[  548419ms] [ERROR] ./app/hand-tracking/components/FileCodePanel.tsx:5:1
Error: Export newLineGroups doesn't exist in target module
  3 | import { useState } from "react";
  4 | import type { FileSnapshot } from "../data/types";
> 5 | import { describeNewLines, newLineGroups } from "../lib/code";
    | ^^^^^^^^^^^^^^^^^^^^^^^^^^^^^^^^^^^^^^^^^^^^^^^^^^^^^^^^^^^^^^
  6 | import { NoCopyWrapper } from "./NoCopyWrapper";
  7 |
  8 | export function FileCodePanel({ file }: { file: FileSnapshot }) {

The export newLineGroups was not found in module [project]/app/hand-tracking/lib/code.ts [app-ssr] (ecmascript).
Did you mean to import newLineGroupsWithContext?
All exports of the module are statically known (It doesn't have dynamic exports). So it's known statically that the requested export doesn't exist.

Import trace:
  Server Component:
    ./app/hand-tracking/components/FileCodePanel.tsx
    ./app/hand-tracking/components/StepDetail.tsx
    ./app/hand-tracking/[stepId]/page.tsx @ http://localhost:3000/_next/static/chunks/node_modules_next_dist_1e8vcs8._.js:1052
[  548479ms] [ERROR] ./app/hand-tracking/components/FileCodePanel.tsx:5:1
Error: Export newLineGroups doesn't exist in target module
  3 | import { useState } from "react";
  4 | import type { FileSnapshot } from "../data/types";
> 5 | import { describeNewLines, newLineGroups } from "../lib/code";
    | ^^^^^^^^^^^^^^^^^^^^^^^^^^^^^^^^^^^^^^^^^^^^^^^^^^^^^^^^^^^^^^
  6 | import { NoCopyWrapper } from "./NoCopyWrapper";
  7 |
  8 | export function FileCodePanel({ file }: { file: FileSnapshot }) {

The export newLineGroups was not found in module [project]/app/hand-tracking/lib/code.ts [app-client] (ecmascript).
Did you mean to import newLineGroupsWithContext?
All exports of the module are statically known (It doesn't have dynamic exports). So it's known statically that the requested export doesn't exist.

Import trace:
  Server Component:
    ./app/hand-tracking/components/FileCodePanel.tsx
    ./app/hand-tracking/components/StepDetail.tsx
    ./app/hand-tracking/[stepId]/page.tsx @ http://localhost:3000/_next/static/chunks/node_modules_next_dist_1e8vcs8._.js:1052
[  548480ms] [ERROR] ./app/hand-tracking/components/FileCodePanel.tsx:5:1
Error: Export newLineGroups doesn't exist in target module
  3 | import { useState } from "react";
  4 | import type { FileSnapshot } from "../data/types";
> 5 | import { describeNewLines, newLineGroups } from "../lib/code";
    | ^^^^^^^^^^^^^^^^^^^^^^^^^^^^^^^^^^^^^^^^^^^^^^^^^^^^^^^^^^^^^^
  6 | import { NoCopyWrapper } from "./NoCopyWrapper";
  7 |
  8 | export function FileCodePanel({ file }: { file: FileSnapshot }) {

The export newLineGroups was not found in module [project]/app/hand-tracking/lib/code.ts [app-ssr] (ecmascript).
Did you mean to import newLineGroupsWithContext?
All exports of the module are statically known (It doesn't have dynamic exports). So it's known statically that the requested export doesn't exist.

Import trace:
  Server Component:
    ./app/hand-tracking/components/FileCodePanel.tsx
    ./app/hand-tracking/components/StepDetail.tsx
    ./app/hand-tracking/[stepId]/page.tsx @ http://localhost:3000/_next/static/chunks/node_modules_next_dist_1e8vcs8._.js:1052
[  548543ms] [ERROR] ./app/hand-tracking/components/FileCodePanel.tsx:5:1
Error: Export newLineGroups doesn't exist in target module
  3 | import { useState } from "react";
  4 | import type { FileSnapshot } from "../data/types";
> 5 | import { describeNewLines, newLineGroups } from "../lib/code";
    | ^^^^^^^^^^^^^^^^^^^^^^^^^^^^^^^^^^^^^^^^^^^^^^^^^^^^^^^^^^^^^^
  6 | import { NoCopyWrapper } from "./NoCopyWrapper";
  7 |
  8 | export function FileCodePanel({ file }: { file: FileSnapshot }) {

The export newLineGroups was not found in module [project]/app/hand-tracking/lib/code.ts [app-client] (ecmascript).
Did you mean to import newLineGroupsWithContext?
All exports of the module are statically known (It doesn't have dynamic exports). So it's known statically that the requested export doesn't exist.

Import trace:
  Server Component:
    ./app/hand-tracking/components/FileCodePanel.tsx
    ./app/hand-tracking/components/StepDetail.tsx
    ./app/hand-tracking/[stepId]/page.tsx @ http://localhost:3000/_next/static/chunks/node_modules_next_dist_1e8vcs8._.js:1052
[  548543ms] [ERROR] ./app/hand-tracking/components/FileCodePanel.tsx:5:1
Error: Export newLineGroups doesn't exist in target module
  3 | import { useState } from "react";
  4 | import type { FileSnapshot } from "../data/types";
> 5 | import { describeNewLines, newLineGroups } from "../lib/code";
    | ^^^^^^^^^^^^^^^^^^^^^^^^^^^^^^^^^^^^^^^^^^^^^^^^^^^^^^^^^^^^^^
  6 | import { NoCopyWrapper } from "./NoCopyWrapper";
  7 |
  8 | export function FileCodePanel({ file }: { file: FileSnapshot }) {

The export newLineGroups was not found in module [project]/app/hand-tracking/lib/code.ts [app-ssr] (ecmascript).
Did you mean to import newLineGroupsWithContext?
All exports of the module are statically known (It doesn't have dynamic exports). So it's known statically that the requested export doesn't exist.

Import trace:
  Server Component:
    ./app/hand-tracking/components/FileCodePanel.tsx
    ./app/hand-tracking/components/StepDetail.tsx
    ./app/hand-tracking/[stepId]/page.tsx @ http://localhost:3000/_next/static/chunks/node_modules_next_dist_1e8vcs8._.js:1052
[  548603ms] [ERROR] ./app/hand-tracking/components/FileCodePanel.tsx:5:1
Error: Export newLineGroups doesn't exist in target module
  3 | import { useState } from "react";
  4 | import type { FileSnapshot } from "../data/types";
> 5 | import { describeNewLines, newLineGroups } from "../lib/code";
    | ^^^^^^^^^^^^^^^^^^^^^^^^^^^^^^^^^^^^^^^^^^^^^^^^^^^^^^^^^^^^^^
  6 | import { NoCopyWrapper } from "./NoCopyWrapper";
  7 |
  8 | export function FileCodePanel({ file }: { file: FileSnapshot }) {

The export newLineGroups was not found in module [project]/app/hand-tracking/lib/code.ts [app-client] (ecmascript).
Did you mean to import newLineGroupsWithContext?
All exports of the module are statically known (It doesn't have dynamic exports). So it's known statically that the requested export doesn't exist.

Import trace:
  Server Component:
    ./app/hand-tracking/components/FileCodePanel.tsx
    ./app/hand-tracking/components/StepDetail.tsx
    ./app/hand-tracking/[stepId]/page.tsx @ http://localhost:3000/_next/static/chunks/node_modules_next_dist_1e8vcs8._.js:1052
[  548604ms] [ERROR] ./app/hand-tracking/components/FileCodePanel.tsx:5:1
Error: Export newLineGroups doesn't exist in target module
  3 | import { useState } from "react";
  4 | import type { FileSnapshot } from "../data/types";
> 5 | import { describeNewLines, newLineGroups } from "../lib/code";
    | ^^^^^^^^^^^^^^^^^^^^^^^^^^^^^^^^^^^^^^^^^^^^^^^^^^^^^^^^^^^^^^
  6 | import { NoCopyWrapper } from "./NoCopyWrapper";
  7 |
  8 | export function FileCodePanel({ file }: { file: FileSnapshot }) {

The export newLineGroups was not found in module [project]/app/hand-tracking/lib/code.ts [app-ssr] (ecmascript).
Did you mean to import newLineGroupsWithContext?
All exports of the module are statically known (It doesn't have dynamic exports). So it's known statically that the requested export doesn't exist.

Import trace:
  Server Component:
    ./app/hand-tracking/components/FileCodePanel.tsx
    ./app/hand-tracking/components/StepDetail.tsx
    ./app/hand-tracking/[stepId]/page.tsx @ http://localhost:3000/_next/static/chunks/node_modules_next_dist_1e8vcs8._.js:1052
[  548673ms] [ERROR] ./app/hand-tracking/components/FileCodePanel.tsx:5:1
Error: Export newLineGroups doesn't exist in target module
  3 | import { useState } from "react";
  4 | import type { FileSnapshot } from "../data/types";
> 5 | import { describeNewLines, newLineGroups } from "../lib/code";
    | ^^^^^^^^^^^^^^^^^^^^^^^^^^^^^^^^^^^^^^^^^^^^^^^^^^^^^^^^^^^^^^
  6 | import { NoCopyWrapper } from "./NoCopyWrapper";
  7 |
  8 | export function FileCodePanel({ file }: { file: FileSnapshot }) {

The export newLineGroups was not found in module [project]/app/hand-tracking/lib/code.ts [app-client] (ecmascript).
Did you mean to import newLineGroupsWithContext?
All exports of the module are statically known (It doesn't have dynamic exports). So it's known statically that the requested export doesn't exist.

Import trace:
  Server Component:
    ./app/hand-tracking/components/FileCodePanel.tsx
    ./app/hand-tracking/components/StepDetail.tsx
    ./app/hand-tracking/[stepId]/page.tsx @ http://localhost:3000/_next/static/chunks/node_modules_next_dist_1e8vcs8._.js:1052
[  548675ms] [ERROR] ./app/hand-tracking/components/FileCodePanel.tsx:5:1
Error: Export newLineGroups doesn't exist in target module
  3 | import { useState } from "react";
  4 | import type { FileSnapshot } from "../data/types";
> 5 | import { describeNewLines, newLineGroups } from "../lib/code";
    | ^^^^^^^^^^^^^^^^^^^^^^^^^^^^^^^^^^^^^^^^^^^^^^^^^^^^^^^^^^^^^^
  6 | import { NoCopyWrapper } from "./NoCopyWrapper";
  7 |
  8 | export function FileCodePanel({ file }: { file: FileSnapshot }) {

The export newLineGroups was not found in module [project]/app/hand-tracking/lib/code.ts [app-ssr] (ecmascript).
Did you mean to import newLineGroupsWithContext?
All exports of the module are statically known (It doesn't have dynamic exports). So it's known statically that the requested export doesn't exist.

Import trace:
  Server Component:
    ./app/hand-tracking/components/FileCodePanel.tsx
    ./app/hand-tracking/components/StepDetail.tsx
    ./app/hand-tracking/[stepId]/page.tsx @ http://localhost:3000/_next/static/chunks/node_modules_next_dist_1e8vcs8._.js:1052
[  548768ms] [ERROR] ./app/hand-tracking/components/FileCodePanel.tsx:5:1
Error: Export newLineGroups doesn't exist in target module
  3 | import { useState } from "react";
  4 | import type { FileSnapshot } from "../data/types";
> 5 | import { describeNewLines, newLineGroups } from "../lib/code";
    | ^^^^^^^^^^^^^^^^^^^^^^^^^^^^^^^^^^^^^^^^^^^^^^^^^^^^^^^^^^^^^^
  6 | import { NoCopyWrapper } from "./NoCopyWrapper";
  7 |
  8 | export function FileCodePanel({ file }: { file: FileSnapshot }) {

The export newLineGroups was not found in module [project]/app/hand-tracking/lib/code.ts [app-client] (ecmascript).
Did you mean to import newLineGroupsWithContext?
All exports of the module are statically known (It doesn't have dynamic exports). So it's known statically that the requested export doesn't exist.

Import trace:
  Server Component:
    ./app/hand-tracking/components/FileCodePanel.tsx
    ./app/hand-tracking/components/StepDetail.tsx
    ./app/hand-tracking/[stepId]/page.tsx @ http://localhost:3000/_next/static/chunks/node_modules_next_dist_1e8vcs8._.js:1052
[  548769ms] [ERROR] ./app/hand-tracking/components/FileCodePanel.tsx:5:1
Error: Export newLineGroups doesn't exist in target module
  3 | import { useState } from "react";
  4 | import type { FileSnapshot } from "../data/types";
> 5 | import { describeNewLines, newLineGroups } from "../lib/code";
    | ^^^^^^^^^^^^^^^^^^^^^^^^^^^^^^^^^^^^^^^^^^^^^^^^^^^^^^^^^^^^^^
  6 | import { NoCopyWrapper } from "./NoCopyWrapper";
  7 |
  8 | export function FileCodePanel({ file }: { file: FileSnapshot }) {

The export newLineGroups was not found in module [project]/app/hand-tracking/lib/code.ts [app-ssr] (ecmascript).
Did you mean to import newLineGroupsWithContext?
All exports of the module are statically known (It doesn't have dynamic exports). So it's known statically that the requested export doesn't exist.

Import trace:
  Server Component:
    ./app/hand-tracking/components/FileCodePanel.tsx
    ./app/hand-tracking/components/StepDetail.tsx
    ./app/hand-tracking/[stepId]/page.tsx @ http://localhost:3000/_next/static/chunks/node_modules_next_dist_1e8vcs8._.js:1052
[  548836ms] [ERROR] ./app/hand-tracking/components/FileCodePanel.tsx:5:1
Error: Export newLineGroups doesn't exist in target module
  3 | import { useState } from "react";
  4 | import type { FileSnapshot } from "../data/types";
> 5 | import { describeNewLines, newLineGroups } from "../lib/code";
    | ^^^^^^^^^^^^^^^^^^^^^^^^^^^^^^^^^^^^^^^^^^^^^^^^^^^^^^^^^^^^^^
  6 | import { NoCopyWrapper } from "./NoCopyWrapper";
  7 |
  8 | export function FileCodePanel({ file }: { file: FileSnapshot }) {

The export newLineGroups was not found in module [project]/app/hand-tracking/lib/code.ts [app-client] (ecmascript).
Did you mean to import newLineGroupsWithContext?
All exports of the module are statically known (It doesn't have dynamic exports). So it's known statically that the requested export doesn't exist.

Import trace:
  Server Component:
    ./app/hand-tracking/components/FileCodePanel.tsx
    ./app/hand-tracking/components/StepDetail.tsx
    ./app/hand-tracking/[stepId]/page.tsx @ http://localhost:3000/_next/static/chunks/node_modules_next_dist_1e8vcs8._.js:1052
[  548837ms] [ERROR] ./app/hand-tracking/components/FileCodePanel.tsx:5:1
Error: Export newLineGroups doesn't exist in target module
  3 | import { useState } from "react";
  4 | import type { FileSnapshot } from "../data/types";
> 5 | import { describeNewLines, newLineGroups } from "../lib/code";
    | ^^^^^^^^^^^^^^^^^^^^^^^^^^^^^^^^^^^^^^^^^^^^^^^^^^^^^^^^^^^^^^
  6 | import { NoCopyWrapper } from "./NoCopyWrapper";
  7 |
  8 | export function FileCodePanel({ file }: { file: FileSnapshot }) {

The export newLineGroups was not found in module [project]/app/hand-tracking/lib/code.ts [app-ssr] (ecmascript).
Did you mean to import newLineGroupsWithContext?
All exports of the module are statically known (It doesn't have dynamic exports). So it's known statically that the requested export doesn't exist.

Import trace:
  Server Component:
    ./app/hand-tracking/components/FileCodePanel.tsx
    ./app/hand-tracking/components/StepDetail.tsx
    ./app/hand-tracking/[stepId]/page.tsx @ http://localhost:3000/_next/static/chunks/node_modules_next_dist_1e8vcs8._.js:1052
[  548900ms] [ERROR] ./app/hand-tracking/components/FileCodePanel.tsx:5:1
Error: Export newLineGroups doesn't exist in target module
  3 | import { useState } from "react";
  4 | import type { FileSnapshot } from "../data/types";
> 5 | import { describeNewLines, newLineGroups } from "../lib/code";
    | ^^^^^^^^^^^^^^^^^^^^^^^^^^^^^^^^^^^^^^^^^^^^^^^^^^^^^^^^^^^^^^
  6 | import { NoCopyWrapper } from "./NoCopyWrapper";
  7 |
  8 | export function FileCodePanel({ file }: { file: FileSnapshot }) {

The export newLineGroups was not found in module [project]/app/hand-tracking/lib/code.ts [app-client] (ecmascript).
Did you mean to import newLineGroupsWithContext?
All exports of the module are statically known (It doesn't have dynamic exports). So it's known statically that the requested export doesn't exist.

Import trace:
  Server Component:
    ./app/hand-tracking/components/FileCodePanel.tsx
    ./app/hand-tracking/components/StepDetail.tsx
    ./app/hand-tracking/[stepId]/page.tsx @ http://localhost:3000/_next/static/chunks/node_modules_next_dist_1e8vcs8._.js:1052
[  548901ms] [ERROR] ./app/hand-tracking/components/FileCodePanel.tsx:5:1
Error: Export newLineGroups doesn't exist in target module
  3 | import { useState } from "react";
  4 | import type { FileSnapshot } from "../data/types";
> 5 | import { describeNewLines, newLineGroups } from "../lib/code";
    | ^^^^^^^^^^^^^^^^^^^^^^^^^^^^^^^^^^^^^^^^^^^^^^^^^^^^^^^^^^^^^^
  6 | import { NoCopyWrapper } from "./NoCopyWrapper";
  7 |
  8 | export function FileCodePanel({ file }: { file: FileSnapshot }) {

The export newLineGroups was not found in module [project]/app/hand-tracking/lib/code.ts [app-ssr] (ecmascript).
Did you mean to import newLineGroupsWithContext?
All exports of the module are statically known (It doesn't have dynamic exports). So it's known statically that the requested export doesn't exist.

Import trace:
  Server Component:
    ./app/hand-tracking/components/FileCodePanel.tsx
    ./app/hand-tracking/components/StepDetail.tsx
    ./app/hand-tracking/[stepId]/page.tsx @ http://localhost:3000/_next/static/chunks/node_modules_next_dist_1e8vcs8._.js:1052
[  548962ms] [ERROR] ./app/hand-tracking/components/FileCodePanel.tsx:5:1
Error: Export newLineGroups doesn't exist in target module
  3 | import { useState } from "react";
  4 | import type { FileSnapshot } from "../data/types";
> 5 | import { describeNewLines, newLineGroups } from "../lib/code";
    | ^^^^^^^^^^^^^^^^^^^^^^^^^^^^^^^^^^^^^^^^^^^^^^^^^^^^^^^^^^^^^^
  6 | import { NoCopyWrapper } from "./NoCopyWrapper";
  7 |
  8 | export function FileCodePanel({ file }: { file: FileSnapshot }) {

The export newLineGroups was not found in module [project]/app/hand-tracking/lib/code.ts [app-client] (ecmascript).
Did you mean to import newLineGroupsWithContext?
All exports of the module are statically known (It doesn't have dynamic exports). So it's known statically that the requested export doesn't exist.

Import trace:
  Server Component:
    ./app/hand-tracking/components/FileCodePanel.tsx
    ./app/hand-tracking/components/StepDetail.tsx
    ./app/hand-tracking/[stepId]/page.tsx @ http://localhost:3000/_next/static/chunks/node_modules_next_dist_1e8vcs8._.js:1052
[  548962ms] [ERROR] ./app/hand-tracking/components/FileCodePanel.tsx:5:1
Error: Export newLineGroups doesn't exist in target module
  3 | import { useState } from "react";
  4 | import type { FileSnapshot } from "../data/types";
> 5 | import { describeNewLines, newLineGroups } from "../lib/code";
    | ^^^^^^^^^^^^^^^^^^^^^^^^^^^^^^^^^^^^^^^^^^^^^^^^^^^^^^^^^^^^^^
  6 | import { NoCopyWrapper } from "./NoCopyWrapper";
  7 |
  8 | export function FileCodePanel({ file }: { file: FileSnapshot }) {

The export newLineGroups was not found in module [project]/app/hand-tracking/lib/code.ts [app-ssr] (ecmascript).
Did you mean to import newLineGroupsWithContext?
All exports of the module are statically known (It doesn't have dynamic exports). So it's known statically that the requested export doesn't exist.

Import trace:
  Server Component:
    ./app/hand-tracking/components/FileCodePanel.tsx
    ./app/hand-tracking/components/StepDetail.tsx
    ./app/hand-tracking/[stepId]/page.tsx @ http://localhost:3000/_next/static/chunks/node_modules_next_dist_1e8vcs8._.js:1052
[  549026ms] [ERROR] ./app/hand-tracking/components/FileCodePanel.tsx:5:1
Error: Export newLineGroups doesn't exist in target module
  3 | import { useState } from "react";
  4 | import type { FileSnapshot } from "../data/types";
> 5 | import { describeNewLines, newLineGroups } from "../lib/code";
    | ^^^^^^^^^^^^^^^^^^^^^^^^^^^^^^^^^^^^^^^^^^^^^^^^^^^^^^^^^^^^^^
  6 | import { NoCopyWrapper } from "./NoCopyWrapper";
  7 |
  8 | export function FileCodePanel({ file }: { file: FileSnapshot }) {

The export newLineGroups was not found in module [project]/app/hand-tracking/lib/code.ts [app-client] (ecmascript).
Did you mean to import newLineGroupsWithContext?
All exports of the module are statically known (It doesn't have dynamic exports). So it's known statically that the requested export doesn't exist.

Import trace:
  Server Component:
    ./app/hand-tracking/components/FileCodePanel.tsx
    ./app/hand-tracking/components/StepDetail.tsx
    ./app/hand-tracking/[stepId]/page.tsx @ http://localhost:3000/_next/static/chunks/node_modules_next_dist_1e8vcs8._.js:1052
[  549026ms] [ERROR] ./app/hand-tracking/components/FileCodePanel.tsx:5:1
Error: Export newLineGroups doesn't exist in target module
  3 | import { useState } from "react";
  4 | import type { FileSnapshot } from "../data/types";
> 5 | import { describeNewLines, newLineGroups } from "../lib/code";
    | ^^^^^^^^^^^^^^^^^^^^^^^^^^^^^^^^^^^^^^^^^^^^^^^^^^^^^^^^^^^^^^
  6 | import { NoCopyWrapper } from "./NoCopyWrapper";
  7 |
  8 | export function FileCodePanel({ file }: { file: FileSnapshot }) {

The export newLineGroups was not found in module [project]/app/hand-tracking/lib/code.ts [app-ssr] (ecmascript).
Did you mean to import newLineGroupsWithContext?
All exports of the module are statically known (It doesn't have dynamic exports). So it's known statically that the requested export doesn't exist.

Import trace:
  Server Component:
    ./app/hand-tracking/components/FileCodePanel.tsx
    ./app/hand-tracking/components/StepDetail.tsx
    ./app/hand-tracking/[stepId]/page.tsx @ http://localhost:3000/_next/static/chunks/node_modules_next_dist_1e8vcs8._.js:1052
[  549087ms] [ERROR] ./app/hand-tracking/components/FileCodePanel.tsx:5:1
Error: Export newLineGroups doesn't exist in target module
  3 | import { useState } from "react";
  4 | import type { FileSnapshot } from "../data/types";
> 5 | import { describeNewLines, newLineGroups } from "../lib/code";
    | ^^^^^^^^^^^^^^^^^^^^^^^^^^^^^^^^^^^^^^^^^^^^^^^^^^^^^^^^^^^^^^
  6 | import { NoCopyWrapper } from "./NoCopyWrapper";
  7 |
  8 | export function FileCodePanel({ file }: { file: FileSnapshot }) {

The export newLineGroups was not found in module [project]/app/hand-tracking/lib/code.ts [app-client] (ecmascript).
Did you mean to import newLineGroupsWithContext?
All exports of the module are statically known (It doesn't have dynamic exports). So it's known statically that the requested export doesn't exist.

Import trace:
  Server Component:
    ./app/hand-tracking/components/FileCodePanel.tsx
    ./app/hand-tracking/components/StepDetail.tsx
    ./app/hand-tracking/[stepId]/page.tsx @ http://localhost:3000/_next/static/chunks/node_modules_next_dist_1e8vcs8._.js:1052
[  549088ms] [ERROR] ./app/hand-tracking/components/FileCodePanel.tsx:5:1
Error: Export newLineGroups doesn't exist in target module
  3 | import { useState } from "react";
  4 | import type { FileSnapshot } from "../data/types";
> 5 | import { describeNewLines, newLineGroups } from "../lib/code";
    | ^^^^^^^^^^^^^^^^^^^^^^^^^^^^^^^^^^^^^^^^^^^^^^^^^^^^^^^^^^^^^^
  6 | import { NoCopyWrapper } from "./NoCopyWrapper";
  7 |
  8 | export function FileCodePanel({ file }: { file: FileSnapshot }) {

The export newLineGroups was not found in module [project]/app/hand-tracking/lib/code.ts [app-ssr] (ecmascript).
Did you mean to import newLineGroupsWithContext?
All exports of the module are statically known (It doesn't have dynamic exports). So it's known statically that the requested export doesn't exist.

Import trace:
  Server Component:
    ./app/hand-tracking/components/FileCodePanel.tsx
    ./app/hand-tracking/components/StepDetail.tsx
    ./app/hand-tracking/[stepId]/page.tsx @ http://localhost:3000/_next/static/chunks/node_modules_next_dist_1e8vcs8._.js:1052
[  549151ms] [ERROR] ./app/hand-tracking/components/FileCodePanel.tsx:5:1
Error: Export newLineGroups doesn't exist in target module
  3 | import { useState } from "react";
  4 | import type { FileSnapshot } from "../data/types";
> 5 | import { describeNewLines, newLineGroups } from "../lib/code";
    | ^^^^^^^^^^^^^^^^^^^^^^^^^^^^^^^^^^^^^^^^^^^^^^^^^^^^^^^^^^^^^^
  6 | import { NoCopyWrapper } from "./NoCopyWrapper";
  7 |
  8 | export function FileCodePanel({ file }: { file: FileSnapshot }) {

The export newLineGroups was not found in module [project]/app/hand-tracking/lib/code.ts [app-client] (ecmascript).
Did you mean to import newLineGroupsWithContext?
All exports of the module are statically known (It doesn't have dynamic exports). So it's known statically that the requested export doesn't exist.

Import trace:
  Server Component:
    ./app/hand-tracking/components/FileCodePanel.tsx
    ./app/hand-tracking/components/StepDetail.tsx
    ./app/hand-tracking/[stepId]/page.tsx @ http://localhost:3000/_next/static/chunks/node_modules_next_dist_1e8vcs8._.js:1052
[  549152ms] [ERROR] ./app/hand-tracking/components/FileCodePanel.tsx:5:1
Error: Export newLineGroups doesn't exist in target module
  3 | import { useState } from "react";
  4 | import type { FileSnapshot } from "../data/types";
> 5 | import { describeNewLines, newLineGroups } from "../lib/code";
    | ^^^^^^^^^^^^^^^^^^^^^^^^^^^^^^^^^^^^^^^^^^^^^^^^^^^^^^^^^^^^^^
  6 | import { NoCopyWrapper } from "./NoCopyWrapper";
  7 |
  8 | export function FileCodePanel({ file }: { file: FileSnapshot }) {

The export newLineGroups was not found in module [project]/app/hand-tracking/lib/code.ts [app-ssr] (ecmascript).
Did you mean to import newLineGroupsWithContext?
All exports of the module are statically known (It doesn't have dynamic exports). So it's known statically that the requested export doesn't exist.

Import trace:
  Server Component:
    ./app/hand-tracking/components/FileCodePanel.tsx
    ./app/hand-tracking/components/StepDetail.tsx
    ./app/hand-tracking/[stepId]/page.tsx @ http://localhost:3000/_next/static/chunks/node_modules_next_dist_1e8vcs8._.js:1052
[  549212ms] [ERROR] ./app/hand-tracking/components/FileCodePanel.tsx:5:1
Error: Export newLineGroups doesn't exist in target module
  3 | import { useState } from "react";
  4 | import type { FileSnapshot } from "../data/types";
> 5 | import { describeNewLines, newLineGroups } from "../lib/code";
    | ^^^^^^^^^^^^^^^^^^^^^^^^^^^^^^^^^^^^^^^^^^^^^^^^^^^^^^^^^^^^^^
  6 | import { NoCopyWrapper } from "./NoCopyWrapper";
  7 |
  8 | export function FileCodePanel({ file }: { file: FileSnapshot }) {

The export newLineGroups was not found in module [project]/app/hand-tracking/lib/code.ts [app-client] (ecmascript).
Did you mean to import newLineGroupsWithContext?
All exports of the module are statically known (It doesn't have dynamic exports). So it's known statically that the requested export doesn't exist.

Import trace:
  Server Component:
    ./app/hand-tracking/components/FileCodePanel.tsx
    ./app/hand-tracking/components/StepDetail.tsx
    ./app/hand-tracking/[stepId]/page.tsx @ http://localhost:3000/_next/static/chunks/node_modules_next_dist_1e8vcs8._.js:1052
[  549213ms] [ERROR] ./app/hand-tracking/components/FileCodePanel.tsx:5:1
Error: Export newLineGroups doesn't exist in target module
  3 | import { useState } from "react";
  4 | import type { FileSnapshot } from "../data/types";
> 5 | import { describeNewLines, newLineGroups } from "../lib/code";
    | ^^^^^^^^^^^^^^^^^^^^^^^^^^^^^^^^^^^^^^^^^^^^^^^^^^^^^^^^^^^^^^
  6 | import { NoCopyWrapper } from "./NoCopyWrapper";
  7 |
  8 | export function FileCodePanel({ file }: { file: FileSnapshot }) {

The export newLineGroups was not found in module [project]/app/hand-tracking/lib/code.ts [app-ssr] (ecmascript).
Did you mean to import newLineGroupsWithContext?
All exports of the module are statically known (It doesn't have dynamic exports). So it's known statically that the requested export doesn't exist.

Import trace:
  Server Component:
    ./app/hand-tracking/components/FileCodePanel.tsx
    ./app/hand-tracking/components/StepDetail.tsx
    ./app/hand-tracking/[stepId]/page.tsx @ http://localhost:3000/_next/static/chunks/node_modules_next_dist_1e8vcs8._.js:1052
[  549273ms] [ERROR] ./app/hand-tracking/components/FileCodePanel.tsx:5:1
Error: Export newLineGroups doesn't exist in target module
  3 | import { useState } from "react";
  4 | import type { FileSnapshot } from "../data/types";
> 5 | import { describeNewLines, newLineGroups } from "../lib/code";
    | ^^^^^^^^^^^^^^^^^^^^^^^^^^^^^^^^^^^^^^^^^^^^^^^^^^^^^^^^^^^^^^
  6 | import { NoCopyWrapper } from "./NoCopyWrapper";
  7 |
  8 | export function FileCodePanel({ file }: { file: FileSnapshot }) {

The export newLineGroups was not found in module [project]/app/hand-tracking/lib/code.ts [app-client] (ecmascript).
Did you mean to import newLineGroupsWithContext?
All exports of the module are statically known (It doesn't have dynamic exports). So it's known statically that the requested export doesn't exist.

Import trace:
  Server Component:
    ./app/hand-tracking/components/FileCodePanel.tsx
    ./app/hand-tracking/components/StepDetail.tsx
    ./app/hand-tracking/[stepId]/page.tsx @ http://localhost:3000/_next/static/chunks/node_modules_next_dist_1e8vcs8._.js:1052
[  549273ms] [ERROR] ./app/hand-tracking/components/FileCodePanel.tsx:5:1
Error: Export newLineGroups doesn't exist in target module
  3 | import { useState } from "react";
  4 | import type { FileSnapshot } from "../data/types";
> 5 | import { describeNewLines, newLineGroups } from "../lib/code";
    | ^^^^^^^^^^^^^^^^^^^^^^^^^^^^^^^^^^^^^^^^^^^^^^^^^^^^^^^^^^^^^^
  6 | import { NoCopyWrapper } from "./NoCopyWrapper";
  7 |
  8 | export function FileCodePanel({ file }: { file: FileSnapshot }) {

The export newLineGroups was not found in module [project]/app/hand-tracking/lib/code.ts [app-ssr] (ecmascript).
Did you mean to import newLineGroupsWithContext?
All exports of the module are statically known (It doesn't have dynamic exports). So it's known statically that the requested export doesn't exist.

Import trace:
  Server Component:
    ./app/hand-tracking/components/FileCodePanel.tsx
    ./app/hand-tracking/components/StepDetail.tsx
    ./app/hand-tracking/[stepId]/page.tsx @ http://localhost:3000/_next/static/chunks/node_modules_next_dist_1e8vcs8._.js:1052
[  549335ms] [ERROR] ./app/hand-tracking/components/FileCodePanel.tsx:5:1
Error: Export newLineGroups doesn't exist in target module
  3 | import { useState } from "react";
  4 | import type { FileSnapshot } from "../data/types";
> 5 | import { describeNewLines, newLineGroups } from "../lib/code";
    | ^^^^^^^^^^^^^^^^^^^^^^^^^^^^^^^^^^^^^^^^^^^^^^^^^^^^^^^^^^^^^^
  6 | import { NoCopyWrapper } from "./NoCopyWrapper";
  7 |
  8 | export function FileCodePanel({ file }: { file: FileSnapshot }) {

The export newLineGroups was not found in module [project]/app/hand-tracking/lib/code.ts [app-client] (ecmascript).
Did you mean to import newLineGroupsWithContext?
All exports of the module are statically known (It doesn't have dynamic exports). So it's known statically that the requested export doesn't exist.

Import trace:
  Server Component:
    ./app/hand-tracking/components/FileCodePanel.tsx
    ./app/hand-tracking/components/StepDetail.tsx
    ./app/hand-tracking/[stepId]/page.tsx @ http://localhost:3000/_next/static/chunks/node_modules_next_dist_1e8vcs8._.js:1052
[  549336ms] [ERROR] ./app/hand-tracking/components/FileCodePanel.tsx:5:1
Error: Export newLineGroups doesn't exist in target module
  3 | import { useState } from "react";
  4 | import type { FileSnapshot } from "../data/types";
> 5 | import { describeNewLines, newLineGroups } from "../lib/code";
    | ^^^^^^^^^^^^^^^^^^^^^^^^^^^^^^^^^^^^^^^^^^^^^^^^^^^^^^^^^^^^^^
  6 | import { NoCopyWrapper } from "./NoCopyWrapper";
  7 |
  8 | export function FileCodePanel({ file }: { file: FileSnapshot }) {

The export newLineGroups was not found in module [project]/app/hand-tracking/lib/code.ts [app-ssr] (ecmascript).
Did you mean to import newLineGroupsWithContext?
All exports of the module are statically known (It doesn't have dynamic exports). So it's known statically that the requested export doesn't exist.

Import trace:
  Server Component:
    ./app/hand-tracking/components/FileCodePanel.tsx
    ./app/hand-tracking/components/StepDetail.tsx
    ./app/hand-tracking/[stepId]/page.tsx @ http://localhost:3000/_next/static/chunks/node_modules_next_dist_1e8vcs8._.js:1052
[  549397ms] [ERROR] ./app/hand-tracking/components/FileCodePanel.tsx:5:1
Error: Export newLineGroups doesn't exist in target module
  3 | import { useState } from "react";
  4 | import type { FileSnapshot } from "../data/types";
> 5 | import { describeNewLines, newLineGroups } from "../lib/code";
    | ^^^^^^^^^^^^^^^^^^^^^^^^^^^^^^^^^^^^^^^^^^^^^^^^^^^^^^^^^^^^^^
  6 | import { NoCopyWrapper } from "./NoCopyWrapper";
  7 |
  8 | export function FileCodePanel({ file }: { file: FileSnapshot }) {

The export newLineGroups was not found in module [project]/app/hand-tracking/lib/code.ts [app-client] (ecmascript).
Did you mean to import newLineGroupsWithContext?
All exports of the module are statically known (It doesn't have dynamic exports). So it's known statically that the requested export doesn't exist.

Import trace:
  Server Component:
    ./app/hand-tracking/components/FileCodePanel.tsx
    ./app/hand-tracking/components/StepDetail.tsx
    ./app/hand-tracking/[stepId]/page.tsx @ http://localhost:3000/_next/static/chunks/node_modules_next_dist_1e8vcs8._.js:1052
[  549398ms] [ERROR] ./app/hand-tracking/components/FileCodePanel.tsx:5:1
Error: Export newLineGroups doesn't exist in target module
  3 | import { useState } from "react";
  4 | import type { FileSnapshot } from "../data/types";
> 5 | import { describeNewLines, newLineGroups } from "../lib/code";
    | ^^^^^^^^^^^^^^^^^^^^^^^^^^^^^^^^^^^^^^^^^^^^^^^^^^^^^^^^^^^^^^
  6 | import { NoCopyWrapper } from "./NoCopyWrapper";
  7 |
  8 | export function FileCodePanel({ file }: { file: FileSnapshot }) {

The export newLineGroups was not found in module [project]/app/hand-tracking/lib/code.ts [app-ssr] (ecmascript).
Did you mean to import newLineGroupsWithContext?
All exports of the module are statically known (It doesn't have dynamic exports). So it's known statically that the requested export doesn't exist.

Import trace:
  Server Component:
    ./app/hand-tracking/components/FileCodePanel.tsx
    ./app/hand-tracking/components/StepDetail.tsx
    ./app/hand-tracking/[stepId]/page.tsx @ http://localhost:3000/_next/static/chunks/node_modules_next_dist_1e8vcs8._.js:1052
[  549460ms] [ERROR] ./app/hand-tracking/components/FileCodePanel.tsx:5:1
Error: Export newLineGroups doesn't exist in target module
  3 | import { useState } from "react";
  4 | import type { FileSnapshot } from "../data/types";
> 5 | import { describeNewLines, newLineGroups } from "../lib/code";
    | ^^^^^^^^^^^^^^^^^^^^^^^^^^^^^^^^^^^^^^^^^^^^^^^^^^^^^^^^^^^^^^
  6 | import { NoCopyWrapper } from "./NoCopyWrapper";
  7 |
  8 | export function FileCodePanel({ file }: { file: FileSnapshot }) {

The export newLineGroups was not found in module [project]/app/hand-tracking/lib/code.ts [app-client] (ecmascript).
Did you mean to import newLineGroupsWithContext?
All exports of the module are statically known (It doesn't have dynamic exports). So it's known statically that the requested export doesn't exist.

Import trace:
  Server Component:
    ./app/hand-tracking/components/FileCodePanel.tsx
    ./app/hand-tracking/components/StepDetail.tsx
    ./app/hand-tracking/[stepId]/page.tsx @ http://localhost:3000/_next/static/chunks/node_modules_next_dist_1e8vcs8._.js:1052
[  549461ms] [ERROR] ./app/hand-tracking/components/FileCodePanel.tsx:5:1
Error: Export newLineGroups doesn't exist in target module
  3 | import { useState } from "react";
  4 | import type { FileSnapshot } from "../data/types";
> 5 | import { describeNewLines, newLineGroups } from "../lib/code";
    | ^^^^^^^^^^^^^^^^^^^^^^^^^^^^^^^^^^^^^^^^^^^^^^^^^^^^^^^^^^^^^^
  6 | import { NoCopyWrapper } from "./NoCopyWrapper";
  7 |
  8 | export function FileCodePanel({ file }: { file: FileSnapshot }) {

The export newLineGroups was not found in module [project]/app/hand-tracking/lib/code.ts [app-ssr] (ecmascript).
Did you mean to import newLineGroupsWithContext?
All exports of the module are statically known (It doesn't have dynamic exports). So it's known statically that the requested export doesn't exist.

Import trace:
  Server Component:
    ./app/hand-tracking/components/FileCodePanel.tsx
    ./app/hand-tracking/components/StepDetail.tsx
    ./app/hand-tracking/[stepId]/page.tsx @ http://localhost:3000/_next/static/chunks/node_modules_next_dist_1e8vcs8._.js:1052
[  549521ms] [ERROR] ./app/hand-tracking/components/FileCodePanel.tsx:5:1
Error: Export newLineGroups doesn't exist in target module
  3 | import { useState } from "react";
  4 | import type { FileSnapshot } from "../data/types";
> 5 | import { describeNewLines, newLineGroups } from "../lib/code";
    | ^^^^^^^^^^^^^^^^^^^^^^^^^^^^^^^^^^^^^^^^^^^^^^^^^^^^^^^^^^^^^^
  6 | import { NoCopyWrapper } from "./NoCopyWrapper";
  7 |
  8 | export function FileCodePanel({ file }: { file: FileSnapshot }) {

The export newLineGroups was not found in module [project]/app/hand-tracking/lib/code.ts [app-client] (ecmascript).
Did you mean to import newLineGroupsWithContext?
All exports of the module are statically known (It doesn't have dynamic exports). So it's known statically that the requested export doesn't exist.

Import trace:
  Server Component:
    ./app/hand-tracking/components/FileCodePanel.tsx
    ./app/hand-tracking/components/StepDetail.tsx
    ./app/hand-tracking/[stepId]/page.tsx @ http://localhost:3000/_next/static/chunks/node_modules_next_dist_1e8vcs8._.js:1052
[  549521ms] [ERROR] ./app/hand-tracking/components/FileCodePanel.tsx:5:1
Error: Export newLineGroups doesn't exist in target module
  3 | import { useState } from "react";
  4 | import type { FileSnapshot } from "../data/types";
> 5 | import { describeNewLines, newLineGroups } from "../lib/code";
    | ^^^^^^^^^^^^^^^^^^^^^^^^^^^^^^^^^^^^^^^^^^^^^^^^^^^^^^^^^^^^^^
  6 | import { NoCopyWrapper } from "./NoCopyWrapper";
  7 |
  8 | export function FileCodePanel({ file }: { file: FileSnapshot }) {

The export newLineGroups was not found in module [project]/app/hand-tracking/lib/code.ts [app-ssr] (ecmascript).
Did you mean to import newLineGroupsWithContext?
All exports of the module are statically known (It doesn't have dynamic exports). So it's known statically that the requested export doesn't exist.

Import trace:
  Server Component:
    ./app/hand-tracking/components/FileCodePanel.tsx
    ./app/hand-tracking/components/StepDetail.tsx
    ./app/hand-tracking/[stepId]/page.tsx @ http://localhost:3000/_next/static/chunks/node_modules_next_dist_1e8vcs8._.js:1052
[  549587ms] [ERROR] ./app/hand-tracking/components/FileCodePanel.tsx:5:1
Error: Export newLineGroups doesn't exist in target module
  3 | import { useState } from "react";
  4 | import type { FileSnapshot } from "../data/types";
> 5 | import { describeNewLines, newLineGroups } from "../lib/code";
    | ^^^^^^^^^^^^^^^^^^^^^^^^^^^^^^^^^^^^^^^^^^^^^^^^^^^^^^^^^^^^^^
  6 | import { NoCopyWrapper } from "./NoCopyWrapper";
  7 |
  8 | export function FileCodePanel({ file }: { file: FileSnapshot }) {

The export newLineGroups was not found in module [project]/app/hand-tracking/lib/code.ts [app-client] (ecmascript).
Did you mean to import newLineGroupsWithContext?
All exports of the module are statically known (It doesn't have dynamic exports). So it's known statically that the requested export doesn't exist.

Import trace:
  Server Component:
    ./app/hand-tracking/components/FileCodePanel.tsx
    ./app/hand-tracking/components/StepDetail.tsx
    ./app/hand-tracking/[stepId]/page.tsx @ http://localhost:3000/_next/static/chunks/node_modules_next_dist_1e8vcs8._.js:1052
[  549587ms] [ERROR] ./app/hand-tracking/components/FileCodePanel.tsx:5:1
Error: Export newLineGroups doesn't exist in target module
  3 | import { useState } from "react";
  4 | import type { FileSnapshot } from "../data/types";
> 5 | import { describeNewLines, newLineGroups } from "../lib/code";
    | ^^^^^^^^^^^^^^^^^^^^^^^^^^^^^^^^^^^^^^^^^^^^^^^^^^^^^^^^^^^^^^
  6 | import { NoCopyWrapper } from "./NoCopyWrapper";
  7 |
  8 | export function FileCodePanel({ file }: { file: FileSnapshot }) {

The export newLineGroups was not found in module [project]/app/hand-tracking/lib/code.ts [app-ssr] (ecmascript).
Did you mean to import newLineGroupsWithContext?
All exports of the module are statically known (It doesn't have dynamic exports). So it's known statically that the requested export doesn't exist.

Import trace:
  Server Component:
    ./app/hand-tracking/components/FileCodePanel.tsx
    ./app/hand-tracking/components/StepDetail.tsx
    ./app/hand-tracking/[stepId]/page.tsx @ http://localhost:3000/_next/static/chunks/node_modules_next_dist_1e8vcs8._.js:1052
[  549646ms] [ERROR] ./app/hand-tracking/components/FileCodePanel.tsx:5:1
Error: Export newLineGroups doesn't exist in target module
  3 | import { useState } from "react";
  4 | import type { FileSnapshot } from "../data/types";
> 5 | import { describeNewLines, newLineGroups } from "../lib/code";
    | ^^^^^^^^^^^^^^^^^^^^^^^^^^^^^^^^^^^^^^^^^^^^^^^^^^^^^^^^^^^^^^
  6 | import { NoCopyWrapper } from "./NoCopyWrapper";
  7 |
  8 | export function FileCodePanel({ file }: { file: FileSnapshot }) {

The export newLineGroups was not found in module [project]/app/hand-tracking/lib/code.ts [app-client] (ecmascript).
Did you mean to import newLineGroupsWithContext?
All exports of the module are statically known (It doesn't have dynamic exports). So it's known statically that the requested export doesn't exist.

Import trace:
  Server Component:
    ./app/hand-tracking/components/FileCodePanel.tsx
    ./app/hand-tracking/components/StepDetail.tsx
    ./app/hand-tracking/[stepId]/page.tsx @ http://localhost:3000/_next/static/chunks/node_modules_next_dist_1e8vcs8._.js:1052
[  549647ms] [ERROR] ./app/hand-tracking/components/FileCodePanel.tsx:5:1
Error: Export newLineGroups doesn't exist in target module
  3 | import { useState } from "react";
  4 | import type { FileSnapshot } from "../data/types";
> 5 | import { describeNewLines, newLineGroups } from "../lib/code";
    | ^^^^^^^^^^^^^^^^^^^^^^^^^^^^^^^^^^^^^^^^^^^^^^^^^^^^^^^^^^^^^^
  6 | import { NoCopyWrapper } from "./NoCopyWrapper";
  7 |
  8 | export function FileCodePanel({ file }: { file: FileSnapshot }) {

The export newLineGroups was not found in module [project]/app/hand-tracking/lib/code.ts [app-ssr] (ecmascript).
Did you mean to import newLineGroupsWithContext?
All exports of the module are statically known (It doesn't have dynamic exports). So it's known statically that the requested export doesn't exist.

Import trace:
  Server Component:
    ./app/hand-tracking/components/FileCodePanel.tsx
    ./app/hand-tracking/components/StepDetail.tsx
    ./app/hand-tracking/[stepId]/page.tsx @ http://localhost:3000/_next/static/chunks/node_modules_next_dist_1e8vcs8._.js:1052
[  549710ms] [ERROR] ./app/hand-tracking/components/FileCodePanel.tsx:5:1
Error: Export newLineGroups doesn't exist in target module
  3 | import { useState } from "react";
  4 | import type { FileSnapshot } from "../data/types";
> 5 | import { describeNewLines, newLineGroups } from "../lib/code";
    | ^^^^^^^^^^^^^^^^^^^^^^^^^^^^^^^^^^^^^^^^^^^^^^^^^^^^^^^^^^^^^^
  6 | import { NoCopyWrapper } from "./NoCopyWrapper";
  7 |
  8 | export function FileCodePanel({ file }: { file: FileSnapshot }) {

The export newLineGroups was not found in module [project]/app/hand-tracking/lib/code.ts [app-client] (ecmascript).
Did you mean to import newLineGroupsWithContext?
All exports of the module are statically known (It doesn't have dynamic exports). So it's known statically that the requested export doesn't exist.

Import trace:
  Server Component:
    ./app/hand-tracking/components/FileCodePanel.tsx
    ./app/hand-tracking/components/StepDetail.tsx
    ./app/hand-tracking/[stepId]/page.tsx @ http://localhost:3000/_next/static/chunks/node_modules_next_dist_1e8vcs8._.js:1052
[  549711ms] [ERROR] ./app/hand-tracking/components/FileCodePanel.tsx:5:1
Error: Export newLineGroups doesn't exist in target module
  3 | import { useState } from "react";
  4 | import type { FileSnapshot } from "../data/types";
> 5 | import { describeNewLines, newLineGroups } from "../lib/code";
    | ^^^^^^^^^^^^^^^^^^^^^^^^^^^^^^^^^^^^^^^^^^^^^^^^^^^^^^^^^^^^^^
  6 | import { NoCopyWrapper } from "./NoCopyWrapper";
  7 |
  8 | export function FileCodePanel({ file }: { file: FileSnapshot }) {

The export newLineGroups was not found in module [project]/app/hand-tracking/lib/code.ts [app-ssr] (ecmascript).
Did you mean to import newLineGroupsWithContext?
All exports of the module are statically known (It doesn't have dynamic exports). So it's known statically that the requested export doesn't exist.

Import trace:
  Server Component:
    ./app/hand-tracking/components/FileCodePanel.tsx
    ./app/hand-tracking/components/StepDetail.tsx
    ./app/hand-tracking/[stepId]/page.tsx @ http://localhost:3000/_next/static/chunks/node_modules_next_dist_1e8vcs8._.js:1052
[  549772ms] [ERROR] ./app/hand-tracking/components/FileCodePanel.tsx:5:1
Error: Export newLineGroups doesn't exist in target module
  3 | import { useState } from "react";
  4 | import type { FileSnapshot } from "../data/types";
> 5 | import { describeNewLines, newLineGroups } from "../lib/code";
    | ^^^^^^^^^^^^^^^^^^^^^^^^^^^^^^^^^^^^^^^^^^^^^^^^^^^^^^^^^^^^^^
  6 | import { NoCopyWrapper } from "./NoCopyWrapper";
  7 |
  8 | export function FileCodePanel({ file }: { file: FileSnapshot }) {

The export newLineGroups was not found in module [project]/app/hand-tracking/lib/code.ts [app-client] (ecmascript).
Did you mean to import newLineGroupsWithContext?
All exports of the module are statically known (It doesn't have dynamic exports). So it's known statically that the requested export doesn't exist.

Import trace:
  Server Component:
    ./app/hand-tracking/components/FileCodePanel.tsx
    ./app/hand-tracking/components/StepDetail.tsx
    ./app/hand-tracking/[stepId]/page.tsx @ http://localhost:3000/_next/static/chunks/node_modules_next_dist_1e8vcs8._.js:1052
[  549773ms] [ERROR] ./app/hand-tracking/components/FileCodePanel.tsx:5:1
Error: Export newLineGroups doesn't exist in target module
  3 | import { useState } from "react";
  4 | import type { FileSnapshot } from "../data/types";
> 5 | import { describeNewLines, newLineGroups } from "../lib/code";
    | ^^^^^^^^^^^^^^^^^^^^^^^^^^^^^^^^^^^^^^^^^^^^^^^^^^^^^^^^^^^^^^
  6 | import { NoCopyWrapper } from "./NoCopyWrapper";
  7 |
  8 | export function FileCodePanel({ file }: { file: FileSnapshot }) {

The export newLineGroups was not found in module [project]/app/hand-tracking/lib/code.ts [app-ssr] (ecmascript).
Did you mean to import newLineGroupsWithContext?
All exports of the module are statically known (It doesn't have dynamic exports). So it's known statically that the requested export doesn't exist.

Import trace:
  Server Component:
    ./app/hand-tracking/components/FileCodePanel.tsx
    ./app/hand-tracking/components/StepDetail.tsx
    ./app/hand-tracking/[stepId]/page.tsx @ http://localhost:3000/_next/static/chunks/node_modules_next_dist_1e8vcs8._.js:1052
[  549837ms] [ERROR] ./app/hand-tracking/components/FileCodePanel.tsx:5:1
Error: Export newLineGroups doesn't exist in target module
  3 | import { useState } from "react";
  4 | import type { FileSnapshot } from "../data/types";
> 5 | import { describeNewLines, newLineGroups } from "../lib/code";
    | ^^^^^^^^^^^^^^^^^^^^^^^^^^^^^^^^^^^^^^^^^^^^^^^^^^^^^^^^^^^^^^
  6 | import { NoCopyWrapper } from "./NoCopyWrapper";
  7 |
  8 | export function FileCodePanel({ file }: { file: FileSnapshot }) {

The export newLineGroups was not found in module [project]/app/hand-tracking/lib/code.ts [app-client] (ecmascript).
Did you mean to import newLineGroupsWithContext?
All exports of the module are statically known (It doesn't have dynamic exports). So it's known statically that the requested export doesn't exist.

Import trace:
  Server Component:
    ./app/hand-tracking/components/FileCodePanel.tsx
    ./app/hand-tracking/components/StepDetail.tsx
    ./app/hand-tracking/[stepId]/page.tsx @ http://localhost:3000/_next/static/chunks/node_modules_next_dist_1e8vcs8._.js:1052
[  549838ms] [ERROR] ./app/hand-tracking/components/FileCodePanel.tsx:5:1
Error: Export newLineGroups doesn't exist in target module
  3 | import { useState } from "react";
  4 | import type { FileSnapshot } from "../data/types";
> 5 | import { describeNewLines, newLineGroups } from "../lib/code";
    | ^^^^^^^^^^^^^^^^^^^^^^^^^^^^^^^^^^^^^^^^^^^^^^^^^^^^^^^^^^^^^^
  6 | import { NoCopyWrapper } from "./NoCopyWrapper";
  7 |
  8 | export function FileCodePanel({ file }: { file: FileSnapshot }) {

The export newLineGroups was not found in module [project]/app/hand-tracking/lib/code.ts [app-ssr] (ecmascript).
Did you mean to import newLineGroupsWithContext?
All exports of the module are statically known (It doesn't have dynamic exports). So it's known statically that the requested export doesn't exist.

Import trace:
  Server Component:
    ./app/hand-tracking/components/FileCodePanel.tsx
    ./app/hand-tracking/components/StepDetail.tsx
    ./app/hand-tracking/[stepId]/page.tsx @ http://localhost:3000/_next/static/chunks/node_modules_next_dist_1e8vcs8._.js:1052
[  549896ms] [ERROR] ./app/hand-tracking/components/FileCodePanel.tsx:5:1
Error: Export newLineGroups doesn't exist in target module
  3 | import { useState } from "react";
  4 | import type { FileSnapshot } from "../data/types";
> 5 | import { describeNewLines, newLineGroups } from "../lib/code";
    | ^^^^^^^^^^^^^^^^^^^^^^^^^^^^^^^^^^^^^^^^^^^^^^^^^^^^^^^^^^^^^^
  6 | import { NoCopyWrapper } from "./NoCopyWrapper";
  7 |
  8 | export function FileCodePanel({ file }: { file: FileSnapshot }) {

The export newLineGroups was not found in module [project]/app/hand-tracking/lib/code.ts [app-client] (ecmascript).
Did you mean to import newLineGroupsWithContext?
All exports of the module are statically known (It doesn't have dynamic exports). So it's known statically that the requested export doesn't exist.

Import trace:
  Server Component:
    ./app/hand-tracking/components/FileCodePanel.tsx
    ./app/hand-tracking/components/StepDetail.tsx
    ./app/hand-tracking/[stepId]/page.tsx @ http://localhost:3000/_next/static/chunks/node_modules_next_dist_1e8vcs8._.js:1052
[  549897ms] [ERROR] ./app/hand-tracking/components/FileCodePanel.tsx:5:1
Error: Export newLineGroups doesn't exist in target module
  3 | import { useState } from "react";
  4 | import type { FileSnapshot } from "../data/types";
> 5 | import { describeNewLines, newLineGroups } from "../lib/code";
    | ^^^^^^^^^^^^^^^^^^^^^^^^^^^^^^^^^^^^^^^^^^^^^^^^^^^^^^^^^^^^^^
  6 | import { NoCopyWrapper } from "./NoCopyWrapper";
  7 |
  8 | export function FileCodePanel({ file }: { file: FileSnapshot }) {

The export newLineGroups was not found in module [project]/app/hand-tracking/lib/code.ts [app-ssr] (ecmascript).
Did you mean to import newLineGroupsWithContext?
All exports of the module are statically known (It doesn't have dynamic exports). So it's known statically that the requested export doesn't exist.

Import trace:
  Server Component:
    ./app/hand-tracking/components/FileCodePanel.tsx
    ./app/hand-tracking/components/StepDetail.tsx
    ./app/hand-tracking/[stepId]/page.tsx @ http://localhost:3000/_next/static/chunks/node_modules_next_dist_1e8vcs8._.js:1052
[  549960ms] [ERROR] ./app/hand-tracking/components/FileCodePanel.tsx:5:1
Error: Export newLineGroups doesn't exist in target module
  3 | import { useState } from "react";
  4 | import type { FileSnapshot } from "../data/types";
> 5 | import { describeNewLines, newLineGroups } from "../lib/code";
    | ^^^^^^^^^^^^^^^^^^^^^^^^^^^^^^^^^^^^^^^^^^^^^^^^^^^^^^^^^^^^^^
  6 | import { NoCopyWrapper } from "./NoCopyWrapper";
  7 |
  8 | export function FileCodePanel({ file }: { file: FileSnapshot }) {

The export newLineGroups was not found in module [project]/app/hand-tracking/lib/code.ts [app-client] (ecmascript).
Did you mean to import newLineGroupsWithContext?
All exports of the module are statically known (It doesn't have dynamic exports). So it's known statically that the requested export doesn't exist.

Import trace:
  Server Component:
    ./app/hand-tracking/components/FileCodePanel.tsx
    ./app/hand-tracking/components/StepDetail.tsx
    ./app/hand-tracking/[stepId]/page.tsx @ http://localhost:3000/_next/static/chunks/node_modules_next_dist_1e8vcs8._.js:1052
[  549960ms] [ERROR] ./app/hand-tracking/components/FileCodePanel.tsx:5:1
Error: Export newLineGroups doesn't exist in target module
  3 | import { useState } from "react";
  4 | import type { FileSnapshot } from "../data/types";
> 5 | import { describeNewLines, newLineGroups } from "../lib/code";
    | ^^^^^^^^^^^^^^^^^^^^^^^^^^^^^^^^^^^^^^^^^^^^^^^^^^^^^^^^^^^^^^
  6 | import { NoCopyWrapper } from "./NoCopyWrapper";
  7 |
  8 | export function FileCodePanel({ file }: { file: FileSnapshot }) {

The export newLineGroups was not found in module [project]/app/hand-tracking/lib/code.ts [app-ssr] (ecmascript).
Did you mean to import newLineGroupsWithContext?
All exports of the module are statically known (It doesn't have dynamic exports). So it's known statically that the requested export doesn't exist.

Import trace:
  Server Component:
    ./app/hand-tracking/components/FileCodePanel.tsx
    ./app/hand-tracking/components/StepDetail.tsx
    ./app/hand-tracking/[stepId]/page.tsx @ http://localhost:3000/_next/static/chunks/node_modules_next_dist_1e8vcs8._.js:1052
[  550020ms] [ERROR] ./app/hand-tracking/components/FileCodePanel.tsx:5:1
Error: Export newLineGroups doesn't exist in target module
  3 | import { useState } from "react";
  4 | import type { FileSnapshot } from "../data/types";
> 5 | import { describeNewLines, newLineGroups } from "../lib/code";
    | ^^^^^^^^^^^^^^^^^^^^^^^^^^^^^^^^^^^^^^^^^^^^^^^^^^^^^^^^^^^^^^
  6 | import { NoCopyWrapper } from "./NoCopyWrapper";
  7 |
  8 | export function FileCodePanel({ file }: { file: FileSnapshot }) {

The export newLineGroups was not found in module [project]/app/hand-tracking/lib/code.ts [app-client] (ecmascript).
Did you mean to import newLineGroupsWithContext?
All exports of the module are statically known (It doesn't have dynamic exports). So it's known statically that the requested export doesn't exist.

Import trace:
  Server Component:
    ./app/hand-tracking/components/FileCodePanel.tsx
    ./app/hand-tracking/components/StepDetail.tsx
    ./app/hand-tracking/[stepId]/page.tsx @ http://localhost:3000/_next/static/chunks/node_modules_next_dist_1e8vcs8._.js:1052
[  550022ms] [ERROR] ./app/hand-tracking/components/FileCodePanel.tsx:5:1
Error: Export newLineGroups doesn't exist in target module
  3 | import { useState } from "react";
  4 | import type { FileSnapshot } from "../data/types";
> 5 | import { describeNewLines, newLineGroups } from "../lib/code";
    | ^^^^^^^^^^^^^^^^^^^^^^^^^^^^^^^^^^^^^^^^^^^^^^^^^^^^^^^^^^^^^^
  6 | import { NoCopyWrapper } from "./NoCopyWrapper";
  7 |
  8 | export function FileCodePanel({ file }: { file: FileSnapshot }) {

The export newLineGroups was not found in module [project]/app/hand-tracking/lib/code.ts [app-ssr] (ecmascript).
Did you mean to import newLineGroupsWithContext?
All exports of the module are statically known (It doesn't have dynamic exports). So it's known statically that the requested export doesn't exist.

Import trace:
  Server Component:
    ./app/hand-tracking/components/FileCodePanel.tsx
    ./app/hand-tracking/components/StepDetail.tsx
    ./app/hand-tracking/[stepId]/page.tsx @ http://localhost:3000/_next/static/chunks/node_modules_next_dist_1e8vcs8._.js:1052
[  550104ms] [ERROR] ./app/hand-tracking/components/FileCodePanel.tsx:5:1
Error: Export newLineGroups doesn't exist in target module
  3 | import { useState } from "react";
  4 | import type { FileSnapshot } from "../data/types";
> 5 | import { describeNewLines, newLineGroups } from "../lib/code";
    | ^^^^^^^^^^^^^^^^^^^^^^^^^^^^^^^^^^^^^^^^^^^^^^^^^^^^^^^^^^^^^^
  6 | import { NoCopyWrapper } from "./NoCopyWrapper";
  7 |
  8 | export function FileCodePanel({ file }: { file: FileSnapshot }) {

The export newLineGroups was not found in module [project]/app/hand-tracking/lib/code.ts [app-client] (ecmascript).
Did you mean to import newLineGroupsWithContext?
All exports of the module are statically known (It doesn't have dynamic exports). So it's known statically that the requested export doesn't exist.

Import trace:
  Server Component:
    ./app/hand-tracking/components/FileCodePanel.tsx
    ./app/hand-tracking/components/StepDetail.tsx
    ./app/hand-tracking/[stepId]/page.tsx @ http://localhost:3000/_next/static/chunks/node_modules_next_dist_1e8vcs8._.js:1052
[  550106ms] [ERROR] ./app/hand-tracking/components/FileCodePanel.tsx:5:1
Error: Export newLineGroups doesn't exist in target module
  3 | import { useState } from "react";
  4 | import type { FileSnapshot } from "../data/types";
> 5 | import { describeNewLines, newLineGroups } from "../lib/code";
    | ^^^^^^^^^^^^^^^^^^^^^^^^^^^^^^^^^^^^^^^^^^^^^^^^^^^^^^^^^^^^^^
  6 | import { NoCopyWrapper } from "./NoCopyWrapper";
  7 |
  8 | export function FileCodePanel({ file }: { file: FileSnapshot }) {

The export newLineGroups was not found in module [project]/app/hand-tracking/lib/code.ts [app-ssr] (ecmascript).
Did you mean to import newLineGroupsWithContext?
All exports of the module are statically known (It doesn't have dynamic exports). So it's known statically that the requested export doesn't exist.

Import trace:
  Server Component:
    ./app/hand-tracking/components/FileCodePanel.tsx
    ./app/hand-tracking/components/StepDetail.tsx
    ./app/hand-tracking/[stepId]/page.tsx @ http://localhost:3000/_next/static/chunks/node_modules_next_dist_1e8vcs8._.js:1052
[  550204ms] [ERROR] ./app/hand-tracking/components/FileCodePanel.tsx:5:1
Error: Export newLineGroups doesn't exist in target module
  3 | import { useState } from "react";
  4 | import type { FileSnapshot } from "../data/types";
> 5 | import { describeNewLines, newLineGroups } from "../lib/code";
    | ^^^^^^^^^^^^^^^^^^^^^^^^^^^^^^^^^^^^^^^^^^^^^^^^^^^^^^^^^^^^^^
  6 | import { NoCopyWrapper } from "./NoCopyWrapper";
  7 |
  8 | export function FileCodePanel({ file }: { file: FileSnapshot }) {

The export newLineGroups was not found in module [project]/app/hand-tracking/lib/code.ts [app-client] (ecmascript).
Did you mean to import newLineGroupsWithContext?
All exports of the module are statically known (It doesn't have dynamic exports). So it's known statically that the requested export doesn't exist.

Import trace:
  Server Component:
    ./app/hand-tracking/components/FileCodePanel.tsx
    ./app/hand-tracking/components/StepDetail.tsx
    ./app/hand-tracking/[stepId]/page.tsx @ http://localhost:3000/_next/static/chunks/node_modules_next_dist_1e8vcs8._.js:1052
[  550205ms] [ERROR] ./app/hand-tracking/components/FileCodePanel.tsx:5:1
Error: Export newLineGroups doesn't exist in target module
  3 | import { useState } from "react";
  4 | import type { FileSnapshot } from "../data/types";
> 5 | import { describeNewLines, newLineGroups } from "../lib/code";
    | ^^^^^^^^^^^^^^^^^^^^^^^^^^^^^^^^^^^^^^^^^^^^^^^^^^^^^^^^^^^^^^
  6 | import { NoCopyWrapper } from "./NoCopyWrapper";
  7 |
  8 | export function FileCodePanel({ file }: { file: FileSnapshot }) {

The export newLineGroups was not found in module [project]/app/hand-tracking/lib/code.ts [app-ssr] (ecmascript).
Did you mean to import newLineGroupsWithContext?
All exports of the module are statically known (It doesn't have dynamic exports). So it's known statically that the requested export doesn't exist.

Import trace:
  Server Component:
    ./app/hand-tracking/components/FileCodePanel.tsx
    ./app/hand-tracking/components/StepDetail.tsx
    ./app/hand-tracking/[stepId]/page.tsx @ http://localhost:3000/_next/static/chunks/node_modules_next_dist_1e8vcs8._.js:1052
[  550285ms] [ERROR] ./app/hand-tracking/components/FileCodePanel.tsx:5:1
Error: Export newLineGroups doesn't exist in target module
  3 | import { useState } from "react";
  4 | import type { FileSnapshot } from "../data/types";
> 5 | import { describeNewLines, newLineGroups } from "../lib/code";
    | ^^^^^^^^^^^^^^^^^^^^^^^^^^^^^^^^^^^^^^^^^^^^^^^^^^^^^^^^^^^^^^
  6 | import { NoCopyWrapper } from "./NoCopyWrapper";
  7 |
  8 | export function FileCodePanel({ file }: { file: FileSnapshot }) {

The export newLineGroups was not found in module [project]/app/hand-tracking/lib/code.ts [app-client] (ecmascript).
Did you mean to import newLineGroupsWithContext?
All exports of the module are statically known (It doesn't have dynamic exports). So it's known statically that the requested export doesn't exist.

Import trace:
  Server Component:
    ./app/hand-tracking/components/FileCodePanel.tsx
    ./app/hand-tracking/components/StepDetail.tsx
    ./app/hand-tracking/[stepId]/page.tsx @ http://localhost:3000/_next/static/chunks/node_modules_next_dist_1e8vcs8._.js:1052
[  550286ms] [ERROR] ./app/hand-tracking/components/FileCodePanel.tsx:5:1
Error: Export newLineGroups doesn't exist in target module
  3 | import { useState } from "react";
  4 | import type { FileSnapshot } from "../data/types";
> 5 | import { describeNewLines, newLineGroups } from "../lib/code";
    | ^^^^^^^^^^^^^^^^^^^^^^^^^^^^^^^^^^^^^^^^^^^^^^^^^^^^^^^^^^^^^^
  6 | import { NoCopyWrapper } from "./NoCopyWrapper";
  7 |
  8 | export function FileCodePanel({ file }: { file: FileSnapshot }) {

The export newLineGroups was not found in module [project]/app/hand-tracking/lib/code.ts [app-ssr] (ecmascript).
Did you mean to import newLineGroupsWithContext?
All exports of the module are statically known (It doesn't have dynamic exports). So it's known statically that the requested export doesn't exist.

Import trace:
  Server Component:
    ./app/hand-tracking/components/FileCodePanel.tsx
    ./app/hand-tracking/components/StepDetail.tsx
    ./app/hand-tracking/[stepId]/page.tsx @ http://localhost:3000/_next/static/chunks/node_modules_next_dist_1e8vcs8._.js:1052
[  550350ms] [ERROR] ./app/hand-tracking/components/FileCodePanel.tsx:5:1
Error: Export newLineGroups doesn't exist in target module
  3 | import { useState } from "react";
  4 | import type { FileSnapshot } from "../data/types";
> 5 | import { describeNewLines, newLineGroups } from "../lib/code";
    | ^^^^^^^^^^^^^^^^^^^^^^^^^^^^^^^^^^^^^^^^^^^^^^^^^^^^^^^^^^^^^^
  6 | import { NoCopyWrapper } from "./NoCopyWrapper";
  7 |
  8 | export function FileCodePanel({ file }: { file: FileSnapshot }) {

The export newLineGroups was not found in module [project]/app/hand-tracking/lib/code.ts [app-client] (ecmascript).
Did you mean to import newLineGroupsWithContext?
All exports of the module are statically known (It doesn't have dynamic exports). So it's known statically that the requested export doesn't exist.

Import trace:
  Server Component:
    ./app/hand-tracking/components/FileCodePanel.tsx
    ./app/hand-tracking/components/StepDetail.tsx
    ./app/hand-tracking/[stepId]/page.tsx @ http://localhost:3000/_next/static/chunks/node_modules_next_dist_1e8vcs8._.js:1052
[  550351ms] [ERROR] ./app/hand-tracking/components/FileCodePanel.tsx:5:1
Error: Export newLineGroups doesn't exist in target module
  3 | import { useState } from "react";
  4 | import type { FileSnapshot } from "../data/types";
> 5 | import { describeNewLines, newLineGroups } from "../lib/code";
    | ^^^^^^^^^^^^^^^^^^^^^^^^^^^^^^^^^^^^^^^^^^^^^^^^^^^^^^^^^^^^^^
  6 | import { NoCopyWrapper } from "./NoCopyWrapper";
  7 |
  8 | export function FileCodePanel({ file }: { file: FileSnapshot }) {

The export newLineGroups was not found in module [project]/app/hand-tracking/lib/code.ts [app-ssr] (ecmascript).
Did you mean to import newLineGroupsWithContext?
All exports of the module are statically known (It doesn't have dynamic exports). So it's known statically that the requested export doesn't exist.

Import trace:
  Server Component:
    ./app/hand-tracking/components/FileCodePanel.tsx
    ./app/hand-tracking/components/StepDetail.tsx
    ./app/hand-tracking/[stepId]/page.tsx @ http://localhost:3000/_next/static/chunks/node_modules_next_dist_1e8vcs8._.js:1052
[  550410ms] [ERROR] ./app/hand-tracking/components/FileCodePanel.tsx:5:1
Error: Export newLineGroups doesn't exist in target module
  3 | import { useState } from "react";
  4 | import type { FileSnapshot } from "../data/types";
> 5 | import { describeNewLines, newLineGroups } from "../lib/code";
    | ^^^^^^^^^^^^^^^^^^^^^^^^^^^^^^^^^^^^^^^^^^^^^^^^^^^^^^^^^^^^^^
  6 | import { NoCopyWrapper } from "./NoCopyWrapper";
  7 |
  8 | export function FileCodePanel({ file }: { file: FileSnapshot }) {

The export newLineGroups was not found in module [project]/app/hand-tracking/lib/code.ts [app-client] (ecmascript).
Did you mean to import newLineGroupsWithContext?
All exports of the module are statically known (It doesn't have dynamic exports). So it's known statically that the requested export doesn't exist.

Import trace:
  Server Component:
    ./app/hand-tracking/components/FileCodePanel.tsx
    ./app/hand-tracking/components/StepDetail.tsx
    ./app/hand-tracking/[stepId]/page.tsx @ http://localhost:3000/_next/static/chunks/node_modules_next_dist_1e8vcs8._.js:1052
[  550411ms] [ERROR] ./app/hand-tracking/components/FileCodePanel.tsx:5:1
Error: Export newLineGroups doesn't exist in target module
  3 | import { useState } from "react";
  4 | import type { FileSnapshot } from "../data/types";
> 5 | import { describeNewLines, newLineGroups } from "../lib/code";
    | ^^^^^^^^^^^^^^^^^^^^^^^^^^^^^^^^^^^^^^^^^^^^^^^^^^^^^^^^^^^^^^
  6 | import { NoCopyWrapper } from "./NoCopyWrapper";
  7 |
  8 | export function FileCodePanel({ file }: { file: FileSnapshot }) {

The export newLineGroups was not found in module [project]/app/hand-tracking/lib/code.ts [app-ssr] (ecmascript).
Did you mean to import newLineGroupsWithContext?
All exports of the module are statically known (It doesn't have dynamic exports). So it's known statically that the requested export doesn't exist.

Import trace:
  Server Component:
    ./app/hand-tracking/components/FileCodePanel.tsx
    ./app/hand-tracking/components/StepDetail.tsx
    ./app/hand-tracking/[stepId]/page.tsx @ http://localhost:3000/_next/static/chunks/node_modules_next_dist_1e8vcs8._.js:1052
[  550473ms] [ERROR] ./app/hand-tracking/components/FileCodePanel.tsx:5:1
Error: Export newLineGroups doesn't exist in target module
  3 | import { useState } from "react";
  4 | import type { FileSnapshot } from "../data/types";
> 5 | import { describeNewLines, newLineGroups } from "../lib/code";
    | ^^^^^^^^^^^^^^^^^^^^^^^^^^^^^^^^^^^^^^^^^^^^^^^^^^^^^^^^^^^^^^
  6 | import { NoCopyWrapper } from "./NoCopyWrapper";
  7 |
  8 | export function FileCodePanel({ file }: { file: FileSnapshot }) {

The export newLineGroups was not found in module [project]/app/hand-tracking/lib/code.ts [app-client] (ecmascript).
Did you mean to import newLineGroupsWithContext?
All exports of the module are statically known (It doesn't have dynamic exports). So it's known statically that the requested export doesn't exist.

Import trace:
  Server Component:
    ./app/hand-tracking/components/FileCodePanel.tsx
    ./app/hand-tracking/components/StepDetail.tsx
    ./app/hand-tracking/[stepId]/page.tsx @ http://localhost:3000/_next/static/chunks/node_modules_next_dist_1e8vcs8._.js:1052
[  550475ms] [ERROR] ./app/hand-tracking/components/FileCodePanel.tsx:5:1
Error: Export newLineGroups doesn't exist in target module
  3 | import { useState } from "react";
  4 | import type { FileSnapshot } from "../data/types";
> 5 | import { describeNewLines, newLineGroups } from "../lib/code";
    | ^^^^^^^^^^^^^^^^^^^^^^^^^^^^^^^^^^^^^^^^^^^^^^^^^^^^^^^^^^^^^^
  6 | import { NoCopyWrapper } from "./NoCopyWrapper";
  7 |
  8 | export function FileCodePanel({ file }: { file: FileSnapshot }) {

The export newLineGroups was not found in module [project]/app/hand-tracking/lib/code.ts [app-ssr] (ecmascript).
Did you mean to import newLineGroupsWithContext?
All exports of the module are statically known (It doesn't have dynamic exports). So it's known statically that the requested export doesn't exist.

Import trace:
  Server Component:
    ./app/hand-tracking/components/FileCodePanel.tsx
    ./app/hand-tracking/components/StepDetail.tsx
    ./app/hand-tracking/[stepId]/page.tsx @ http://localhost:3000/_next/static/chunks/node_modules_next_dist_1e8vcs8._.js:1052
[  550535ms] [ERROR] ./app/hand-tracking/components/FileCodePanel.tsx:5:1
Error: Export newLineGroups doesn't exist in target module
  3 | import { useState } from "react";
  4 | import type { FileSnapshot } from "../data/types";
> 5 | import { describeNewLines, newLineGroups } from "../lib/code";
    | ^^^^^^^^^^^^^^^^^^^^^^^^^^^^^^^^^^^^^^^^^^^^^^^^^^^^^^^^^^^^^^
  6 | import { NoCopyWrapper } from "./NoCopyWrapper";
  7 |
  8 | export function FileCodePanel({ file }: { file: FileSnapshot }) {

The export newLineGroups was not found in module [project]/app/hand-tracking/lib/code.ts [app-client] (ecmascript).
Did you mean to import newLineGroupsWithContext?
All exports of the module are statically known (It doesn't have dynamic exports). So it's known statically that the requested export doesn't exist.

Import trace:
  Server Component:
    ./app/hand-tracking/components/FileCodePanel.tsx
    ./app/hand-tracking/components/StepDetail.tsx
    ./app/hand-tracking/[stepId]/page.tsx @ http://localhost:3000/_next/static/chunks/node_modules_next_dist_1e8vcs8._.js:1052
[  550536ms] [ERROR] ./app/hand-tracking/components/FileCodePanel.tsx:5:1
Error: Export newLineGroups doesn't exist in target module
  3 | import { useState } from "react";
  4 | import type { FileSnapshot } from "../data/types";
> 5 | import { describeNewLines, newLineGroups } from "../lib/code";
    | ^^^^^^^^^^^^^^^^^^^^^^^^^^^^^^^^^^^^^^^^^^^^^^^^^^^^^^^^^^^^^^
  6 | import { NoCopyWrapper } from "./NoCopyWrapper";
  7 |
  8 | export function FileCodePanel({ file }: { file: FileSnapshot }) {

The export newLineGroups was not found in module [project]/app/hand-tracking/lib/code.ts [app-ssr] (ecmascript).
Did you mean to import newLineGroupsWithContext?
All exports of the module are statically known (It doesn't have dynamic exports). So it's known statically that the requested export doesn't exist.

Import trace:
  Server Component:
    ./app/hand-tracking/components/FileCodePanel.tsx
    ./app/hand-tracking/components/StepDetail.tsx
    ./app/hand-tracking/[stepId]/page.tsx @ http://localhost:3000/_next/static/chunks/node_modules_next_dist_1e8vcs8._.js:1052
[  550596ms] [ERROR] ./app/hand-tracking/components/FileCodePanel.tsx:5:1
Error: Export newLineGroups doesn't exist in target module
  3 | import { useState } from "react";
  4 | import type { FileSnapshot } from "../data/types";
> 5 | import { describeNewLines, newLineGroups } from "../lib/code";
    | ^^^^^^^^^^^^^^^^^^^^^^^^^^^^^^^^^^^^^^^^^^^^^^^^^^^^^^^^^^^^^^
  6 | import { NoCopyWrapper } from "./NoCopyWrapper";
  7 |
  8 | export function FileCodePanel({ file }: { file: FileSnapshot }) {

The export newLineGroups was not found in module [project]/app/hand-tracking/lib/code.ts [app-client] (ecmascript).
Did you mean to import newLineGroupsWithContext?
All exports of the module are statically known (It doesn't have dynamic exports). So it's known statically that the requested export doesn't exist.

Import trace:
  Server Component:
    ./app/hand-tracking/components/FileCodePanel.tsx
    ./app/hand-tracking/components/StepDetail.tsx
    ./app/hand-tracking/[stepId]/page.tsx @ http://localhost:3000/_next/static/chunks/node_modules_next_dist_1e8vcs8._.js:1052
[  550596ms] [ERROR] ./app/hand-tracking/components/FileCodePanel.tsx:5:1
Error: Export newLineGroups doesn't exist in target module
  3 | import { useState } from "react";
  4 | import type { FileSnapshot } from "../data/types";
> 5 | import { describeNewLines, newLineGroups } from "../lib/code";
    | ^^^^^^^^^^^^^^^^^^^^^^^^^^^^^^^^^^^^^^^^^^^^^^^^^^^^^^^^^^^^^^
  6 | import { NoCopyWrapper } from "./NoCopyWrapper";
  7 |
  8 | export function FileCodePanel({ file }: { file: FileSnapshot }) {

The export newLineGroups was not found in module [project]/app/hand-tracking/lib/code.ts [app-ssr] (ecmascript).
Did you mean to import newLineGroupsWithContext?
All exports of the module are statically known (It doesn't have dynamic exports). So it's known statically that the requested export doesn't exist.

Import trace:
  Server Component:
    ./app/hand-tracking/components/FileCodePanel.tsx
    ./app/hand-tracking/components/StepDetail.tsx
    ./app/hand-tracking/[stepId]/page.tsx @ http://localhost:3000/_next/static/chunks/node_modules_next_dist_1e8vcs8._.js:1052
[  550657ms] [ERROR] ./app/hand-tracking/components/FileCodePanel.tsx:5:1
Error: Export newLineGroups doesn't exist in target module
  3 | import { useState } from "react";
  4 | import type { FileSnapshot } from "../data/types";
> 5 | import { describeNewLines, newLineGroups } from "../lib/code";
    | ^^^^^^^^^^^^^^^^^^^^^^^^^^^^^^^^^^^^^^^^^^^^^^^^^^^^^^^^^^^^^^
  6 | import { NoCopyWrapper } from "./NoCopyWrapper";
  7 |
  8 | export function FileCodePanel({ file }: { file: FileSnapshot }) {

The export newLineGroups was not found in module [project]/app/hand-tracking/lib/code.ts [app-client] (ecmascript).
Did you mean to import newLineGroupsWithContext?
All exports of the module are statically known (It doesn't have dynamic exports). So it's known statically that the requested export doesn't exist.

Import trace:
  Server Component:
    ./app/hand-tracking/components/FileCodePanel.tsx
    ./app/hand-tracking/components/StepDetail.tsx
    ./app/hand-tracking/[stepId]/page.tsx @ http://localhost:3000/_next/static/chunks/node_modules_next_dist_1e8vcs8._.js:1052
[  550657ms] [ERROR] ./app/hand-tracking/components/FileCodePanel.tsx:5:1
Error: Export newLineGroups doesn't exist in target module
  3 | import { useState } from "react";
  4 | import type { FileSnapshot } from "../data/types";
> 5 | import { describeNewLines, newLineGroups } from "../lib/code";
    | ^^^^^^^^^^^^^^^^^^^^^^^^^^^^^^^^^^^^^^^^^^^^^^^^^^^^^^^^^^^^^^
  6 | import { NoCopyWrapper } from "./NoCopyWrapper";
  7 |
  8 | export function FileCodePanel({ file }: { file: FileSnapshot }) {

The export newLineGroups was not found in module [project]/app/hand-tracking/lib/code.ts [app-ssr] (ecmascript).
Did you mean to import newLineGroupsWithContext?
All exports of the module are statically known (It doesn't have dynamic exports). So it's known statically that the requested export doesn't exist.

Import trace:
  Server Component:
    ./app/hand-tracking/components/FileCodePanel.tsx
    ./app/hand-tracking/components/StepDetail.tsx
    ./app/hand-tracking/[stepId]/page.tsx @ http://localhost:3000/_next/static/chunks/node_modules_next_dist_1e8vcs8._.js:1052
[  550720ms] [ERROR] ./app/hand-tracking/components/FileCodePanel.tsx:5:1
Error: Export newLineGroups doesn't exist in target module
  3 | import { useState } from "react";
  4 | import type { FileSnapshot } from "../data/types";
> 5 | import { describeNewLines, newLineGroups } from "../lib/code";
    | ^^^^^^^^^^^^^^^^^^^^^^^^^^^^^^^^^^^^^^^^^^^^^^^^^^^^^^^^^^^^^^
  6 | import { NoCopyWrapper } from "./NoCopyWrapper";
  7 |
  8 | export function FileCodePanel({ file }: { file: FileSnapshot }) {

The export newLineGroups was not found in module [project]/app/hand-tracking/lib/code.ts [app-client] (ecmascript).
Did you mean to import newLineGroupsWithContext?
All exports of the module are statically known (It doesn't have dynamic exports). So it's known statically that the requested export doesn't exist.

Import trace:
  Server Component:
    ./app/hand-tracking/components/FileCodePanel.tsx
    ./app/hand-tracking/components/StepDetail.tsx
    ./app/hand-tracking/[stepId]/page.tsx @ http://localhost:3000/_next/static/chunks/node_modules_next_dist_1e8vcs8._.js:1052
[  550720ms] [ERROR] ./app/hand-tracking/components/FileCodePanel.tsx:5:1
Error: Export newLineGroups doesn't exist in target module
  3 | import { useState } from "react";
  4 | import type { FileSnapshot } from "../data/types";
> 5 | import { describeNewLines, newLineGroups } from "../lib/code";
    | ^^^^^^^^^^^^^^^^^^^^^^^^^^^^^^^^^^^^^^^^^^^^^^^^^^^^^^^^^^^^^^
  6 | import { NoCopyWrapper } from "./NoCopyWrapper";
  7 |
  8 | export function FileCodePanel({ file }: { file: FileSnapshot }) {

The export newLineGroups was not found in module [project]/app/hand-tracking/lib/code.ts [app-ssr] (ecmascript).
Did you mean to import newLineGroupsWithContext?
All exports of the module are statically known (It doesn't have dynamic exports). So it's known statically that the requested export doesn't exist.

Import trace:
  Server Component:
    ./app/hand-tracking/components/FileCodePanel.tsx
    ./app/hand-tracking/components/StepDetail.tsx
    ./app/hand-tracking/[stepId]/page.tsx @ http://localhost:3000/_next/static/chunks/node_modules_next_dist_1e8vcs8._.js:1052
[  550786ms] [ERROR] ./app/hand-tracking/components/FileCodePanel.tsx:5:1
Error: Export newLineGroups doesn't exist in target module
  3 | import { useState } from "react";
  4 | import type { FileSnapshot } from "../data/types";
> 5 | import { describeNewLines, newLineGroups } from "../lib/code";
    | ^^^^^^^^^^^^^^^^^^^^^^^^^^^^^^^^^^^^^^^^^^^^^^^^^^^^^^^^^^^^^^
  6 | import { NoCopyWrapper } from "./NoCopyWrapper";
  7 |
  8 | export function FileCodePanel({ file }: { file: FileSnapshot }) {

The export newLineGroups was not found in module [project]/app/hand-tracking/lib/code.ts [app-client] (ecmascript).
Did you mean to import newLineGroupsWithContext?
All exports of the module are statically known (It doesn't have dynamic exports). So it's known statically that the requested export doesn't exist.

Import trace:
  Server Component:
    ./app/hand-tracking/components/FileCodePanel.tsx
    ./app/hand-tracking/components/StepDetail.tsx
    ./app/hand-tracking/[stepId]/page.tsx @ http://localhost:3000/_next/static/chunks/node_modules_next_dist_1e8vcs8._.js:1052
[  550786ms] [ERROR] ./app/hand-tracking/components/FileCodePanel.tsx:5:1
Error: Export newLineGroups doesn't exist in target module
  3 | import { useState } from "react";
  4 | import type { FileSnapshot } from "../data/types";
> 5 | import { describeNewLines, newLineGroups } from "../lib/code";
    | ^^^^^^^^^^^^^^^^^^^^^^^^^^^^^^^^^^^^^^^^^^^^^^^^^^^^^^^^^^^^^^
  6 | import { NoCopyWrapper } from "./NoCopyWrapper";
  7 |
  8 | export function FileCodePanel({ file }: { file: FileSnapshot }) {

The export newLineGroups was not found in module [project]/app/hand-tracking/lib/code.ts [app-ssr] (ecmascript).
Did you mean to import newLineGroupsWithContext?
All exports of the module are statically known (It doesn't have dynamic exports). So it's known statically that the requested export doesn't exist.

Import trace:
  Server Component:
    ./app/hand-tracking/components/FileCodePanel.tsx
    ./app/hand-tracking/components/StepDetail.tsx
    ./app/hand-tracking/[stepId]/page.tsx @ http://localhost:3000/_next/static/chunks/node_modules_next_dist_1e8vcs8._.js:1052
[  550844ms] [ERROR] ./app/hand-tracking/components/FileCodePanel.tsx:5:1
Error: Export newLineGroups doesn't exist in target module
  3 | import { useState } from "react";
  4 | import type { FileSnapshot } from "../data/types";
> 5 | import { describeNewLines, newLineGroups } from "../lib/code";
    | ^^^^^^^^^^^^^^^^^^^^^^^^^^^^^^^^^^^^^^^^^^^^^^^^^^^^^^^^^^^^^^
  6 | import { NoCopyWrapper } from "./NoCopyWrapper";
  7 |
  8 | export function FileCodePanel({ file }: { file: FileSnapshot }) {

The export newLineGroups was not found in module [project]/app/hand-tracking/lib/code.ts [app-client] (ecmascript).
Did you mean to import newLineGroupsWithContext?
All exports of the module are statically known (It doesn't have dynamic exports). So it's known statically that the requested export doesn't exist.

Import trace:
  Server Component:
    ./app/hand-tracking/components/FileCodePanel.tsx
    ./app/hand-tracking/components/StepDetail.tsx
    ./app/hand-tracking/[stepId]/page.tsx @ http://localhost:3000/_next/static/chunks/node_modules_next_dist_1e8vcs8._.js:1052
[  550845ms] [ERROR] ./app/hand-tracking/components/FileCodePanel.tsx:5:1
Error: Export newLineGroups doesn't exist in target module
  3 | import { useState } from "react";
  4 | import type { FileSnapshot } from "../data/types";
> 5 | import { describeNewLines, newLineGroups } from "../lib/code";
    | ^^^^^^^^^^^^^^^^^^^^^^^^^^^^^^^^^^^^^^^^^^^^^^^^^^^^^^^^^^^^^^
  6 | import { NoCopyWrapper } from "./NoCopyWrapper";
  7 |
  8 | export function FileCodePanel({ file }: { file: FileSnapshot }) {

The export newLineGroups was not found in module [project]/app/hand-tracking/lib/code.ts [app-ssr] (ecmascript).
Did you mean to import newLineGroupsWithContext?
All exports of the module are statically known (It doesn't have dynamic exports). So it's known statically that the requested export doesn't exist.

Import trace:
  Server Component:
    ./app/hand-tracking/components/FileCodePanel.tsx
    ./app/hand-tracking/components/StepDetail.tsx
    ./app/hand-tracking/[stepId]/page.tsx @ http://localhost:3000/_next/static/chunks/node_modules_next_dist_1e8vcs8._.js:1052
[  550906ms] [ERROR] ./app/hand-tracking/components/FileCodePanel.tsx:5:1
Error: Export newLineGroups doesn't exist in target module
  3 | import { useState } from "react";
  4 | import type { FileSnapshot } from "../data/types";
> 5 | import { describeNewLines, newLineGroups } from "../lib/code";
    | ^^^^^^^^^^^^^^^^^^^^^^^^^^^^^^^^^^^^^^^^^^^^^^^^^^^^^^^^^^^^^^
  6 | import { NoCopyWrapper } from "./NoCopyWrapper";
  7 |
  8 | export function FileCodePanel({ file }: { file: FileSnapshot }) {

The export newLineGroups was not found in module [project]/app/hand-tracking/lib/code.ts [app-client] (ecmascript).
Did you mean to import newLineGroupsWithContext?
All exports of the module are statically known (It doesn't have dynamic exports). So it's known statically that the requested export doesn't exist.

Import trace:
  Server Component:
    ./app/hand-tracking/components/FileCodePanel.tsx
    ./app/hand-tracking/components/StepDetail.tsx
    ./app/hand-tracking/[stepId]/page.tsx @ http://localhost:3000/_next/static/chunks/node_modules_next_dist_1e8vcs8._.js:1052
[  550906ms] [ERROR] ./app/hand-tracking/components/FileCodePanel.tsx:5:1
Error: Export newLineGroups doesn't exist in target module
  3 | import { useState } from "react";
  4 | import type { FileSnapshot } from "../data/types";
> 5 | import { describeNewLines, newLineGroups } from "../lib/code";
    | ^^^^^^^^^^^^^^^^^^^^^^^^^^^^^^^^^^^^^^^^^^^^^^^^^^^^^^^^^^^^^^
  6 | import { NoCopyWrapper } from "./NoCopyWrapper";
  7 |
  8 | export function FileCodePanel({ file }: { file: FileSnapshot }) {

The export newLineGroups was not found in module [project]/app/hand-tracking/lib/code.ts [app-ssr] (ecmascript).
Did you mean to import newLineGroupsWithContext?
All exports of the module are statically known (It doesn't have dynamic exports). So it's known statically that the requested export doesn't exist.

Import trace:
  Server Component:
    ./app/hand-tracking/components/FileCodePanel.tsx
    ./app/hand-tracking/components/StepDetail.tsx
    ./app/hand-tracking/[stepId]/page.tsx @ http://localhost:3000/_next/static/chunks/node_modules_next_dist_1e8vcs8._.js:1052
[  550969ms] [ERROR] ./app/hand-tracking/components/FileCodePanel.tsx:5:1
Error: Export newLineGroups doesn't exist in target module
  3 | import { useState } from "react";
  4 | import type { FileSnapshot } from "../data/types";
> 5 | import { describeNewLines, newLineGroups } from "../lib/code";
    | ^^^^^^^^^^^^^^^^^^^^^^^^^^^^^^^^^^^^^^^^^^^^^^^^^^^^^^^^^^^^^^
  6 | import { NoCopyWrapper } from "./NoCopyWrapper";
  7 |
  8 | export function FileCodePanel({ file }: { file: FileSnapshot }) {

The export newLineGroups was not found in module [project]/app/hand-tracking/lib/code.ts [app-client] (ecmascript).
Did you mean to import newLineGroupsWithContext?
All exports of the module are statically known (It doesn't have dynamic exports). So it's known statically that the requested export doesn't exist.

Import trace:
  Server Component:
    ./app/hand-tracking/components/FileCodePanel.tsx
    ./app/hand-tracking/components/StepDetail.tsx
    ./app/hand-tracking/[stepId]/page.tsx @ http://localhost:3000/_next/static/chunks/node_modules_next_dist_1e8vcs8._.js:1052
[  550969ms] [ERROR] ./app/hand-tracking/components/FileCodePanel.tsx:5:1
Error: Export newLineGroups doesn't exist in target module
  3 | import { useState } from "react";
  4 | import type { FileSnapshot } from "../data/types";
> 5 | import { describeNewLines, newLineGroups } from "../lib/code";
    | ^^^^^^^^^^^^^^^^^^^^^^^^^^^^^^^^^^^^^^^^^^^^^^^^^^^^^^^^^^^^^^
  6 | import { NoCopyWrapper } from "./NoCopyWrapper";
  7 |
  8 | export function FileCodePanel({ file }: { file: FileSnapshot }) {

The export newLineGroups was not found in module [project]/app/hand-tracking/lib/code.ts [app-ssr] (ecmascript).
Did you mean to import newLineGroupsWithContext?
All exports of the module are statically known (It doesn't have dynamic exports). So it's known statically that the requested export doesn't exist.

Import trace:
  Server Component:
    ./app/hand-tracking/components/FileCodePanel.tsx
    ./app/hand-tracking/components/StepDetail.tsx
    ./app/hand-tracking/[stepId]/page.tsx @ http://localhost:3000/_next/static/chunks/node_modules_next_dist_1e8vcs8._.js:1052
[  551029ms] [ERROR] ./app/hand-tracking/components/FileCodePanel.tsx:5:1
Error: Export newLineGroups doesn't exist in target module
  3 | import { useState } from "react";
  4 | import type { FileSnapshot } from "../data/types";
> 5 | import { describeNewLines, newLineGroups } from "../lib/code";
    | ^^^^^^^^^^^^^^^^^^^^^^^^^^^^^^^^^^^^^^^^^^^^^^^^^^^^^^^^^^^^^^
  6 | import { NoCopyWrapper } from "./NoCopyWrapper";
  7 |
  8 | export function FileCodePanel({ file }: { file: FileSnapshot }) {

The export newLineGroups was not found in module [project]/app/hand-tracking/lib/code.ts [app-client] (ecmascript).
Did you mean to import newLineGroupsWithContext?
All exports of the module are statically known (It doesn't have dynamic exports). So it's known statically that the requested export doesn't exist.

Import trace:
  Server Component:
    ./app/hand-tracking/components/FileCodePanel.tsx
    ./app/hand-tracking/components/StepDetail.tsx
    ./app/hand-tracking/[stepId]/page.tsx @ http://localhost:3000/_next/static/chunks/node_modules_next_dist_1e8vcs8._.js:1052
[  551030ms] [ERROR] ./app/hand-tracking/components/FileCodePanel.tsx:5:1
Error: Export newLineGroups doesn't exist in target module
  3 | import { useState } from "react";
  4 | import type { FileSnapshot } from "../data/types";
> 5 | import { describeNewLines, newLineGroups } from "../lib/code";
    | ^^^^^^^^^^^^^^^^^^^^^^^^^^^^^^^^^^^^^^^^^^^^^^^^^^^^^^^^^^^^^^
  6 | import { NoCopyWrapper } from "./NoCopyWrapper";
  7 |
  8 | export function FileCodePanel({ file }: { file: FileSnapshot }) {

The export newLineGroups was not found in module [project]/app/hand-tracking/lib/code.ts [app-ssr] (ecmascript).
Did you mean to import newLineGroupsWithContext?
All exports of the module are statically known (It doesn't have dynamic exports). So it's known statically that the requested export doesn't exist.

Import trace:
  Server Component:
    ./app/hand-tracking/components/FileCodePanel.tsx
    ./app/hand-tracking/components/StepDetail.tsx
    ./app/hand-tracking/[stepId]/page.tsx @ http://localhost:3000/_next/static/chunks/node_modules_next_dist_1e8vcs8._.js:1052
[  551092ms] [ERROR] ./app/hand-tracking/components/FileCodePanel.tsx:5:1
Error: Export newLineGroups doesn't exist in target module
  3 | import { useState } from "react";
  4 | import type { FileSnapshot } from "../data/types";
> 5 | import { describeNewLines, newLineGroups } from "../lib/code";
    | ^^^^^^^^^^^^^^^^^^^^^^^^^^^^^^^^^^^^^^^^^^^^^^^^^^^^^^^^^^^^^^
  6 | import { NoCopyWrapper } from "./NoCopyWrapper";
  7 |
  8 | export function FileCodePanel({ file }: { file: FileSnapshot }) {

The export newLineGroups was not found in module [project]/app/hand-tracking/lib/code.ts [app-client] (ecmascript).
Did you mean to import newLineGroupsWithContext?
All exports of the module are statically known (It doesn't have dynamic exports). So it's known statically that the requested export doesn't exist.

Import trace:
  Server Component:
    ./app/hand-tracking/components/FileCodePanel.tsx
    ./app/hand-tracking/components/StepDetail.tsx
    ./app/hand-tracking/[stepId]/page.tsx @ http://localhost:3000/_next/static/chunks/node_modules_next_dist_1e8vcs8._.js:1052
[  551093ms] [ERROR] ./app/hand-tracking/components/FileCodePanel.tsx:5:1
Error: Export newLineGroups doesn't exist in target module
  3 | import { useState } from "react";
  4 | import type { FileSnapshot } from "../data/types";
> 5 | import { describeNewLines, newLineGroups } from "../lib/code";
    | ^^^^^^^^^^^^^^^^^^^^^^^^^^^^^^^^^^^^^^^^^^^^^^^^^^^^^^^^^^^^^^
  6 | import { NoCopyWrapper } from "./NoCopyWrapper";
  7 |
  8 | export function FileCodePanel({ file }: { file: FileSnapshot }) {

The export newLineGroups was not found in module [project]/app/hand-tracking/lib/code.ts [app-ssr] (ecmascript).
Did you mean to import newLineGroupsWithContext?
All exports of the module are statically known (It doesn't have dynamic exports). So it's known statically that the requested export doesn't exist.

Import trace:
  Server Component:
    ./app/hand-tracking/components/FileCodePanel.tsx
    ./app/hand-tracking/components/StepDetail.tsx
    ./app/hand-tracking/[stepId]/page.tsx @ http://localhost:3000/_next/static/chunks/node_modules_next_dist_1e8vcs8._.js:1052
[  551153ms] [ERROR] ./app/hand-tracking/components/FileCodePanel.tsx:5:1
Error: Export newLineGroups doesn't exist in target module
  3 | import { useState } from "react";
  4 | import type { FileSnapshot } from "../data/types";
> 5 | import { describeNewLines, newLineGroups } from "../lib/code";
    | ^^^^^^^^^^^^^^^^^^^^^^^^^^^^^^^^^^^^^^^^^^^^^^^^^^^^^^^^^^^^^^
  6 | import { NoCopyWrapper } from "./NoCopyWrapper";
  7 |
  8 | export function FileCodePanel({ file }: { file: FileSnapshot }) {

The export newLineGroups was not found in module [project]/app/hand-tracking/lib/code.ts [app-client] (ecmascript).
Did you mean to import newLineGroupsWithContext?
All exports of the module are statically known (It doesn't have dynamic exports). So it's known statically that the requested export doesn't exist.

Import trace:
  Server Component:
    ./app/hand-tracking/components/FileCodePanel.tsx
    ./app/hand-tracking/components/StepDetail.tsx
    ./app/hand-tracking/[stepId]/page.tsx @ http://localhost:3000/_next/static/chunks/node_modules_next_dist_1e8vcs8._.js:1052
[  551153ms] [ERROR] ./app/hand-tracking/components/FileCodePanel.tsx:5:1
Error: Export newLineGroups doesn't exist in target module
  3 | import { useState } from "react";
  4 | import type { FileSnapshot } from "../data/types";
> 5 | import { describeNewLines, newLineGroups } from "../lib/code";
    | ^^^^^^^^^^^^^^^^^^^^^^^^^^^^^^^^^^^^^^^^^^^^^^^^^^^^^^^^^^^^^^
  6 | import { NoCopyWrapper } from "./NoCopyWrapper";
  7 |
  8 | export function FileCodePanel({ file }: { file: FileSnapshot }) {

The export newLineGroups was not found in module [project]/app/hand-tracking/lib/code.ts [app-ssr] (ecmascript).
Did you mean to import newLineGroupsWithContext?
All exports of the module are statically known (It doesn't have dynamic exports). So it's known statically that the requested export doesn't exist.

Import trace:
  Server Component:
    ./app/hand-tracking/components/FileCodePanel.tsx
    ./app/hand-tracking/components/StepDetail.tsx
    ./app/hand-tracking/[stepId]/page.tsx @ http://localhost:3000/_next/static/chunks/node_modules_next_dist_1e8vcs8._.js:1052
[  551215ms] [ERROR] ./app/hand-tracking/components/FileCodePanel.tsx:5:1
Error: Export newLineGroups doesn't exist in target module
  3 | import { useState } from "react";
  4 | import type { FileSnapshot } from "../data/types";
> 5 | import { describeNewLines, newLineGroups } from "../lib/code";
    | ^^^^^^^^^^^^^^^^^^^^^^^^^^^^^^^^^^^^^^^^^^^^^^^^^^^^^^^^^^^^^^
  6 | import { NoCopyWrapper } from "./NoCopyWrapper";
  7 |
  8 | export function FileCodePanel({ file }: { file: FileSnapshot }) {

The export newLineGroups was not found in module [project]/app/hand-tracking/lib/code.ts [app-client] (ecmascript).
Did you mean to import newLineGroupsWithContext?
All exports of the module are statically known (It doesn't have dynamic exports). So it's known statically that the requested export doesn't exist.

Import trace:
  Server Component:
    ./app/hand-tracking/components/FileCodePanel.tsx
    ./app/hand-tracking/components/StepDetail.tsx
    ./app/hand-tracking/[stepId]/page.tsx @ http://localhost:3000/_next/static/chunks/node_modules_next_dist_1e8vcs8._.js:1052
[  551216ms] [ERROR] ./app/hand-tracking/components/FileCodePanel.tsx:5:1
Error: Export newLineGroups doesn't exist in target module
  3 | import { useState } from "react";
  4 | import type { FileSnapshot } from "../data/types";
> 5 | import { describeNewLines, newLineGroups } from "../lib/code";
    | ^^^^^^^^^^^^^^^^^^^^^^^^^^^^^^^^^^^^^^^^^^^^^^^^^^^^^^^^^^^^^^
  6 | import { NoCopyWrapper } from "./NoCopyWrapper";
  7 |
  8 | export function FileCodePanel({ file }: { file: FileSnapshot }) {

The export newLineGroups was not found in module [project]/app/hand-tracking/lib/code.ts [app-ssr] (ecmascript).
Did you mean to import newLineGroupsWithContext?
All exports of the module are statically known (It doesn't have dynamic exports). So it's known statically that the requested export doesn't exist.

Import trace:
  Server Component:
    ./app/hand-tracking/components/FileCodePanel.tsx
    ./app/hand-tracking/components/StepDetail.tsx
    ./app/hand-tracking/[stepId]/page.tsx @ http://localhost:3000/_next/static/chunks/node_modules_next_dist_1e8vcs8._.js:1052
[  551279ms] [ERROR] ./app/hand-tracking/components/FileCodePanel.tsx:5:1
Error: Export newLineGroups doesn't exist in target module
  3 | import { useState } from "react";
  4 | import type { FileSnapshot } from "../data/types";
> 5 | import { describeNewLines, newLineGroups } from "../lib/code";
    | ^^^^^^^^^^^^^^^^^^^^^^^^^^^^^^^^^^^^^^^^^^^^^^^^^^^^^^^^^^^^^^
  6 | import { NoCopyWrapper } from "./NoCopyWrapper";
  7 |
  8 | export function FileCodePanel({ file }: { file: FileSnapshot }) {

The export newLineGroups was not found in module [project]/app/hand-tracking/lib/code.ts [app-client] (ecmascript).
Did you mean to import newLineGroupsWithContext?
All exports of the module are statically known (It doesn't have dynamic exports). So it's known statically that the requested export doesn't exist.

Import trace:
  Server Component:
    ./app/hand-tracking/components/FileCodePanel.tsx
    ./app/hand-tracking/components/StepDetail.tsx
    ./app/hand-tracking/[stepId]/page.tsx @ http://localhost:3000/_next/static/chunks/node_modules_next_dist_1e8vcs8._.js:1052
[  551279ms] [ERROR] ./app/hand-tracking/components/FileCodePanel.tsx:5:1
Error: Export newLineGroups doesn't exist in target module
  3 | import { useState } from "react";
  4 | import type { FileSnapshot } from "../data/types";
> 5 | import { describeNewLines, newLineGroups } from "../lib/code";
    | ^^^^^^^^^^^^^^^^^^^^^^^^^^^^^^^^^^^^^^^^^^^^^^^^^^^^^^^^^^^^^^
  6 | import { NoCopyWrapper } from "./NoCopyWrapper";
  7 |
  8 | export function FileCodePanel({ file }: { file: FileSnapshot }) {

The export newLineGroups was not found in module [project]/app/hand-tracking/lib/code.ts [app-ssr] (ecmascript).
Did you mean to import newLineGroupsWithContext?
All exports of the module are statically known (It doesn't have dynamic exports). So it's known statically that the requested export doesn't exist.

Import trace:
  Server Component:
    ./app/hand-tracking/components/FileCodePanel.tsx
    ./app/hand-tracking/components/StepDetail.tsx
    ./app/hand-tracking/[stepId]/page.tsx @ http://localhost:3000/_next/static/chunks/node_modules_next_dist_1e8vcs8._.js:1052
[  551340ms] [ERROR] ./app/hand-tracking/components/FileCodePanel.tsx:5:1
Error: Export newLineGroups doesn't exist in target module
  3 | import { useState } from "react";
  4 | import type { FileSnapshot } from "../data/types";
> 5 | import { describeNewLines, newLineGroups } from "../lib/code";
    | ^^^^^^^^^^^^^^^^^^^^^^^^^^^^^^^^^^^^^^^^^^^^^^^^^^^^^^^^^^^^^^
  6 | import { NoCopyWrapper } from "./NoCopyWrapper";
  7 |
  8 | export function FileCodePanel({ file }: { file: FileSnapshot }) {

The export newLineGroups was not found in module [project]/app/hand-tracking/lib/code.ts [app-client] (ecmascript).
Did you mean to import newLineGroupsWithContext?
All exports of the module are statically known (It doesn't have dynamic exports). So it's known statically that the requested export doesn't exist.

Import trace:
  Server Component:
    ./app/hand-tracking/components/FileCodePanel.tsx
    ./app/hand-tracking/components/StepDetail.tsx
    ./app/hand-tracking/[stepId]/page.tsx @ http://localhost:3000/_next/static/chunks/node_modules_next_dist_1e8vcs8._.js:1052
[  551340ms] [ERROR] ./app/hand-tracking/components/FileCodePanel.tsx:5:1
Error: Export newLineGroups doesn't exist in target module
  3 | import { useState } from "react";
  4 | import type { FileSnapshot } from "../data/types";
> 5 | import { describeNewLines, newLineGroups } from "../lib/code";
    | ^^^^^^^^^^^^^^^^^^^^^^^^^^^^^^^^^^^^^^^^^^^^^^^^^^^^^^^^^^^^^^
  6 | import { NoCopyWrapper } from "./NoCopyWrapper";
  7 |
  8 | export function FileCodePanel({ file }: { file: FileSnapshot }) {

The export newLineGroups was not found in module [project]/app/hand-tracking/lib/code.ts [app-ssr] (ecmascript).
Did you mean to import newLineGroupsWithContext?
All exports of the module are statically known (It doesn't have dynamic exports). So it's known statically that the requested export doesn't exist.

Import trace:
  Server Component:
    ./app/hand-tracking/components/FileCodePanel.tsx
    ./app/hand-tracking/components/StepDetail.tsx
    ./app/hand-tracking/[stepId]/page.tsx @ http://localhost:3000/_next/static/chunks/node_modules_next_dist_1e8vcs8._.js:1052
[  551402ms] [ERROR] ./app/hand-tracking/components/FileCodePanel.tsx:5:1
Error: Export newLineGroups doesn't exist in target module
  3 | import { useState } from "react";
  4 | import type { FileSnapshot } from "../data/types";
> 5 | import { describeNewLines, newLineGroups } from "../lib/code";
    | ^^^^^^^^^^^^^^^^^^^^^^^^^^^^^^^^^^^^^^^^^^^^^^^^^^^^^^^^^^^^^^
  6 | import { NoCopyWrapper } from "./NoCopyWrapper";
  7 |
  8 | export function FileCodePanel({ file }: { file: FileSnapshot }) {

The export newLineGroups was not found in module [project]/app/hand-tracking/lib/code.ts [app-client] (ecmascript).
Did you mean to import newLineGroupsWithContext?
All exports of the module are statically known (It doesn't have dynamic exports). So it's known statically that the requested export doesn't exist.

Import trace:
  Server Component:
    ./app/hand-tracking/components/FileCodePanel.tsx
    ./app/hand-tracking/components/StepDetail.tsx
    ./app/hand-tracking/[stepId]/page.tsx @ http://localhost:3000/_next/static/chunks/node_modules_next_dist_1e8vcs8._.js:1052
[  551403ms] [ERROR] ./app/hand-tracking/components/FileCodePanel.tsx:5:1
Error: Export newLineGroups doesn't exist in target module
  3 | import { useState } from "react";
  4 | import type { FileSnapshot } from "../data/types";
> 5 | import { describeNewLines, newLineGroups } from "../lib/code";
    | ^^^^^^^^^^^^^^^^^^^^^^^^^^^^^^^^^^^^^^^^^^^^^^^^^^^^^^^^^^^^^^
  6 | import { NoCopyWrapper } from "./NoCopyWrapper";
  7 |
  8 | export function FileCodePanel({ file }: { file: FileSnapshot }) {

The export newLineGroups was not found in module [project]/app/hand-tracking/lib/code.ts [app-ssr] (ecmascript).
Did you mean to import newLineGroupsWithContext?
All exports of the module are statically known (It doesn't have dynamic exports). So it's known statically that the requested export doesn't exist.

Import trace:
  Server Component:
    ./app/hand-tracking/components/FileCodePanel.tsx
    ./app/hand-tracking/components/StepDetail.tsx
    ./app/hand-tracking/[stepId]/page.tsx @ http://localhost:3000/_next/static/chunks/node_modules_next_dist_1e8vcs8._.js:1052
[  551463ms] [ERROR] ./app/hand-tracking/components/FileCodePanel.tsx:5:1
Error: Export newLineGroups doesn't exist in target module
  3 | import { useState } from "react";
  4 | import type { FileSnapshot } from "../data/types";
> 5 | import { describeNewLines, newLineGroups } from "../lib/code";
    | ^^^^^^^^^^^^^^^^^^^^^^^^^^^^^^^^^^^^^^^^^^^^^^^^^^^^^^^^^^^^^^
  6 | import { NoCopyWrapper } from "./NoCopyWrapper";
  7 |
  8 | export function FileCodePanel({ file }: { file: FileSnapshot }) {

The export newLineGroups was not found in module [project]/app/hand-tracking/lib/code.ts [app-client] (ecmascript).
Did you mean to import newLineGroupsWithContext?
All exports of the module are statically known (It doesn't have dynamic exports). So it's known statically that the requested export doesn't exist.

Import trace:
  Server Component:
    ./app/hand-tracking/components/FileCodePanel.tsx
    ./app/hand-tracking/components/StepDetail.tsx
    ./app/hand-tracking/[stepId]/page.tsx @ http://localhost:3000/_next/static/chunks/node_modules_next_dist_1e8vcs8._.js:1052
[  551464ms] [ERROR] ./app/hand-tracking/components/FileCodePanel.tsx:5:1
Error: Export newLineGroups doesn't exist in target module
  3 | import { useState } from "react";
  4 | import type { FileSnapshot } from "../data/types";
> 5 | import { describeNewLines, newLineGroups } from "../lib/code";
    | ^^^^^^^^^^^^^^^^^^^^^^^^^^^^^^^^^^^^^^^^^^^^^^^^^^^^^^^^^^^^^^
  6 | import { NoCopyWrapper } from "./NoCopyWrapper";
  7 |
  8 | export function FileCodePanel({ file }: { file: FileSnapshot }) {

The export newLineGroups was not found in module [project]/app/hand-tracking/lib/code.ts [app-ssr] (ecmascript).
Did you mean to import newLineGroupsWithContext?
All exports of the module are statically known (It doesn't have dynamic exports). So it's known statically that the requested export doesn't exist.

Import trace:
  Server Component:
    ./app/hand-tracking/components/FileCodePanel.tsx
    ./app/hand-tracking/components/StepDetail.tsx
    ./app/hand-tracking/[stepId]/page.tsx @ http://localhost:3000/_next/static/chunks/node_modules_next_dist_1e8vcs8._.js:1052
[  551516ms] [ERROR] ./app/hand-tracking/components/FileCodePanel.tsx:5:1
Error: Export newLineGroups doesn't exist in target module
  3 | import { useState } from "react";
  4 | import type { FileSnapshot } from "../data/types";
> 5 | import { describeNewLines, newLineGroups } from "../lib/code";
    | ^^^^^^^^^^^^^^^^^^^^^^^^^^^^^^^^^^^^^^^^^^^^^^^^^^^^^^^^^^^^^^
  6 | import { NoCopyWrapper } from "./NoCopyWrapper";
  7 |
  8 | export function FileCodePanel({ file }: { file: FileSnapshot }) {

The export newLineGroups was not found in module [project]/app/hand-tracking/lib/code.ts [app-client] (ecmascript).
Did you mean to import newLineGroupsWithContext?
All exports of the module are statically known (It doesn't have dynamic exports). So it's known statically that the requested export doesn't exist.

Import trace:
  Server Component:
    ./app/hand-tracking/components/FileCodePanel.tsx
    ./app/hand-tracking/components/StepDetail.tsx
    ./app/hand-tracking/[stepId]/page.tsx @ http://localhost:3000/_next/static/chunks/node_modules_next_dist_1e8vcs8._.js:1052
[  551523ms] [ERROR] ./app/hand-tracking/components/FileCodePanel.tsx:5:1
Error: Export newLineGroups doesn't exist in target module
  3 | import { useState } from "react";
  4 | import type { FileSnapshot } from "../data/types";
> 5 | import { describeNewLines, newLineGroups } from "../lib/code";
    | ^^^^^^^^^^^^^^^^^^^^^^^^^^^^^^^^^^^^^^^^^^^^^^^^^^^^^^^^^^^^^^
  6 | import { NoCopyWrapper } from "./NoCopyWrapper";
  7 |
  8 | export function FileCodePanel({ file }: { file: FileSnapshot }) {

The export newLineGroups was not found in module [project]/app/hand-tracking/lib/code.ts [app-ssr] (ecmascript).
Did you mean to import newLineGroupsWithContext?
All exports of the module are statically known (It doesn't have dynamic exports). So it's known statically that the requested export doesn't exist.

Import trace:
  Server Component:
    ./app/hand-tracking/components/FileCodePanel.tsx
    ./app/hand-tracking/components/StepDetail.tsx
    ./app/hand-tracking/[stepId]/page.tsx @ http://localhost:3000/_next/static/chunks/node_modules_next_dist_1e8vcs8._.js:1052
[  551586ms] [ERROR] ./app/hand-tracking/components/FileCodePanel.tsx:5:1
Error: Export newLineGroups doesn't exist in target module
  3 | import { useState } from "react";
  4 | import type { FileSnapshot } from "../data/types";
> 5 | import { describeNewLines, newLineGroups } from "../lib/code";
    | ^^^^^^^^^^^^^^^^^^^^^^^^^^^^^^^^^^^^^^^^^^^^^^^^^^^^^^^^^^^^^^
  6 | import { NoCopyWrapper } from "./NoCopyWrapper";
  7 |
  8 | export function FileCodePanel({ file }: { file: FileSnapshot }) {

The export newLineGroups was not found in module [project]/app/hand-tracking/lib/code.ts [app-client] (ecmascript).
Did you mean to import newLineGroupsWithContext?
All exports of the module are statically known (It doesn't have dynamic exports). So it's known statically that the requested export doesn't exist.

Import trace:
  Server Component:
    ./app/hand-tracking/components/FileCodePanel.tsx
    ./app/hand-tracking/components/StepDetail.tsx
    ./app/hand-tracking/[stepId]/page.tsx @ http://localhost:3000/_next/static/chunks/node_modules_next_dist_1e8vcs8._.js:1052
[  551587ms] [ERROR] ./app/hand-tracking/components/FileCodePanel.tsx:5:1
Error: Export newLineGroups doesn't exist in target module
  3 | import { useState } from "react";
  4 | import type { FileSnapshot } from "../data/types";
> 5 | import { describeNewLines, newLineGroups } from "../lib/code";
    | ^^^^^^^^^^^^^^^^^^^^^^^^^^^^^^^^^^^^^^^^^^^^^^^^^^^^^^^^^^^^^^
  6 | import { NoCopyWrapper } from "./NoCopyWrapper";
  7 |
  8 | export function FileCodePanel({ file }: { file: FileSnapshot }) {

The export newLineGroups was not found in module [project]/app/hand-tracking/lib/code.ts [app-ssr] (ecmascript).
Did you mean to import newLineGroupsWithContext?
All exports of the module are statically known (It doesn't have dynamic exports). So it's known statically that the requested export doesn't exist.

Import trace:
  Server Component:
    ./app/hand-tracking/components/FileCodePanel.tsx
    ./app/hand-tracking/components/StepDetail.tsx
    ./app/hand-tracking/[stepId]/page.tsx @ http://localhost:3000/_next/static/chunks/node_modules_next_dist_1e8vcs8._.js:1052
[  551654ms] [ERROR] ./app/hand-tracking/components/FileCodePanel.tsx:5:1
Error: Export newLineGroups doesn't exist in target module
  3 | import { useState } from "react";
  4 | import type { FileSnapshot } from "../data/types";
> 5 | import { describeNewLines, newLineGroups } from "../lib/code";
    | ^^^^^^^^^^^^^^^^^^^^^^^^^^^^^^^^^^^^^^^^^^^^^^^^^^^^^^^^^^^^^^
  6 | import { NoCopyWrapper } from "./NoCopyWrapper";
  7 |
  8 | export function FileCodePanel({ file }: { file: FileSnapshot }) {

The export newLineGroups was not found in module [project]/app/hand-tracking/lib/code.ts [app-client] (ecmascript).
Did you mean to import newLineGroupsWithContext?
All exports of the module are statically known (It doesn't have dynamic exports). So it's known statically that the requested export doesn't exist.

Import trace:
  Server Component:
    ./app/hand-tracking/components/FileCodePanel.tsx
    ./app/hand-tracking/components/StepDetail.tsx
    ./app/hand-tracking/[stepId]/page.tsx @ http://localhost:3000/_next/static/chunks/node_modules_next_dist_1e8vcs8._.js:1052
[  551655ms] [ERROR] ./app/hand-tracking/components/FileCodePanel.tsx:5:1
Error: Export newLineGroups doesn't exist in target module
  3 | import { useState } from "react";
  4 | import type { FileSnapshot } from "../data/types";
> 5 | import { describeNewLines, newLineGroups } from "../lib/code";
    | ^^^^^^^^^^^^^^^^^^^^^^^^^^^^^^^^^^^^^^^^^^^^^^^^^^^^^^^^^^^^^^
  6 | import { NoCopyWrapper } from "./NoCopyWrapper";
  7 |
  8 | export function FileCodePanel({ file }: { file: FileSnapshot }) {

The export newLineGroups was not found in module [project]/app/hand-tracking/lib/code.ts [app-ssr] (ecmascript).
Did you mean to import newLineGroupsWithContext?
All exports of the module are statically known (It doesn't have dynamic exports). So it's known statically that the requested export doesn't exist.

Import trace:
  Server Component:
    ./app/hand-tracking/components/FileCodePanel.tsx
    ./app/hand-tracking/components/StepDetail.tsx
    ./app/hand-tracking/[stepId]/page.tsx @ http://localhost:3000/_next/static/chunks/node_modules_next_dist_1e8vcs8._.js:1052
[  551713ms] [ERROR] ./app/hand-tracking/components/FileCodePanel.tsx:5:1
Error: Export newLineGroups doesn't exist in target module
  3 | import { useState } from "react";
  4 | import type { FileSnapshot } from "../data/types";
> 5 | import { describeNewLines, newLineGroups } from "../lib/code";
    | ^^^^^^^^^^^^^^^^^^^^^^^^^^^^^^^^^^^^^^^^^^^^^^^^^^^^^^^^^^^^^^
  6 | import { NoCopyWrapper } from "./NoCopyWrapper";
  7 |
  8 | export function FileCodePanel({ file }: { file: FileSnapshot }) {

The export newLineGroups was not found in module [project]/app/hand-tracking/lib/code.ts [app-client] (ecmascript).
Did you mean to import newLineGroupsWithContext?
All exports of the module are statically known (It doesn't have dynamic exports). So it's known statically that the requested export doesn't exist.

Import trace:
  Server Component:
    ./app/hand-tracking/components/FileCodePanel.tsx
    ./app/hand-tracking/components/StepDetail.tsx
    ./app/hand-tracking/[stepId]/page.tsx @ http://localhost:3000/_next/static/chunks/node_modules_next_dist_1e8vcs8._.js:1052
[  551714ms] [ERROR] ./app/hand-tracking/components/FileCodePanel.tsx:5:1
Error: Export newLineGroups doesn't exist in target module
  3 | import { useState } from "react";
  4 | import type { FileSnapshot } from "../data/types";
> 5 | import { describeNewLines, newLineGroups } from "../lib/code";
    | ^^^^^^^^^^^^^^^^^^^^^^^^^^^^^^^^^^^^^^^^^^^^^^^^^^^^^^^^^^^^^^
  6 | import { NoCopyWrapper } from "./NoCopyWrapper";
  7 |
  8 | export function FileCodePanel({ file }: { file: FileSnapshot }) {

The export newLineGroups was not found in module [project]/app/hand-tracking/lib/code.ts [app-ssr] (ecmascript).
Did you mean to import newLineGroupsWithContext?
All exports of the module are statically known (It doesn't have dynamic exports). So it's known statically that the requested export doesn't exist.

Import trace:
  Server Component:
    ./app/hand-tracking/components/FileCodePanel.tsx
    ./app/hand-tracking/components/StepDetail.tsx
    ./app/hand-tracking/[stepId]/page.tsx @ http://localhost:3000/_next/static/chunks/node_modules_next_dist_1e8vcs8._.js:1052
[  551776ms] [ERROR] ./app/hand-tracking/components/FileCodePanel.tsx:5:1
Error: Export newLineGroups doesn't exist in target module
  3 | import { useState } from "react";
  4 | import type { FileSnapshot } from "../data/types";
> 5 | import { describeNewLines, newLineGroups } from "../lib/code";
    | ^^^^^^^^^^^^^^^^^^^^^^^^^^^^^^^^^^^^^^^^^^^^^^^^^^^^^^^^^^^^^^
  6 | import { NoCopyWrapper } from "./NoCopyWrapper";
  7 |
  8 | export function FileCodePanel({ file }: { file: FileSnapshot }) {

The export newLineGroups was not found in module [project]/app/hand-tracking/lib/code.ts [app-client] (ecmascript).
Did you mean to import newLineGroupsWithContext?
All exports of the module are statically known (It doesn't have dynamic exports). So it's known statically that the requested export doesn't exist.

Import trace:
  Server Component:
    ./app/hand-tracking/components/FileCodePanel.tsx
    ./app/hand-tracking/components/StepDetail.tsx
    ./app/hand-tracking/[stepId]/page.tsx @ http://localhost:3000/_next/static/chunks/node_modules_next_dist_1e8vcs8._.js:1052
[  551777ms] [ERROR] ./app/hand-tracking/components/FileCodePanel.tsx:5:1
Error: Export newLineGroups doesn't exist in target module
  3 | import { useState } from "react";
  4 | import type { FileSnapshot } from "../data/types";
> 5 | import { describeNewLines, newLineGroups } from "../lib/code";
    | ^^^^^^^^^^^^^^^^^^^^^^^^^^^^^^^^^^^^^^^^^^^^^^^^^^^^^^^^^^^^^^
  6 | import { NoCopyWrapper } from "./NoCopyWrapper";
  7 |
  8 | export function FileCodePanel({ file }: { file: FileSnapshot }) {

The export newLineGroups was not found in module [project]/app/hand-tracking/lib/code.ts [app-ssr] (ecmascript).
Did you mean to import newLineGroupsWithContext?
All exports of the module are statically known (It doesn't have dynamic exports). So it's known statically that the requested export doesn't exist.

Import trace:
  Server Component:
    ./app/hand-tracking/components/FileCodePanel.tsx
    ./app/hand-tracking/components/StepDetail.tsx
    ./app/hand-tracking/[stepId]/page.tsx @ http://localhost:3000/_next/static/chunks/node_modules_next_dist_1e8vcs8._.js:1052
[  551839ms] [ERROR] ./app/hand-tracking/components/FileCodePanel.tsx:5:1
Error: Export newLineGroups doesn't exist in target module
  3 | import { useState } from "react";
  4 | import type { FileSnapshot } from "../data/types";
> 5 | import { describeNewLines, newLineGroups } from "../lib/code";
    | ^^^^^^^^^^^^^^^^^^^^^^^^^^^^^^^^^^^^^^^^^^^^^^^^^^^^^^^^^^^^^^
  6 | import { NoCopyWrapper } from "./NoCopyWrapper";
  7 |
  8 | export function FileCodePanel({ file }: { file: FileSnapshot }) {

The export newLineGroups was not found in module [project]/app/hand-tracking/lib/code.ts [app-client] (ecmascript).
Did you mean to import newLineGroupsWithContext?
All exports of the module are statically known (It doesn't have dynamic exports). So it's known statically that the requested export doesn't exist.

Import trace:
  Server Component:
    ./app/hand-tracking/components/FileCodePanel.tsx
    ./app/hand-tracking/components/StepDetail.tsx
    ./app/hand-tracking/[stepId]/page.tsx @ http://localhost:3000/_next/static/chunks/node_modules_next_dist_1e8vcs8._.js:1052
[  551839ms] [ERROR] ./app/hand-tracking/components/FileCodePanel.tsx:5:1
Error: Export newLineGroups doesn't exist in target module
  3 | import { useState } from "react";
  4 | import type { FileSnapshot } from "../data/types";
> 5 | import { describeNewLines, newLineGroups } from "../lib/code";
    | ^^^^^^^^^^^^^^^^^^^^^^^^^^^^^^^^^^^^^^^^^^^^^^^^^^^^^^^^^^^^^^
  6 | import { NoCopyWrapper } from "./NoCopyWrapper";
  7 |
  8 | export function FileCodePanel({ file }: { file: FileSnapshot }) {

The export newLineGroups was not found in module [project]/app/hand-tracking/lib/code.ts [app-ssr] (ecmascript).
Did you mean to import newLineGroupsWithContext?
All exports of the module are statically known (It doesn't have dynamic exports). So it's known statically that the requested export doesn't exist.

Import trace:
  Server Component:
    ./app/hand-tracking/components/FileCodePanel.tsx
    ./app/hand-tracking/components/StepDetail.tsx
    ./app/hand-tracking/[stepId]/page.tsx @ http://localhost:3000/_next/static/chunks/node_modules_next_dist_1e8vcs8._.js:1052
[  551902ms] [ERROR] ./app/hand-tracking/components/FileCodePanel.tsx:5:1
Error: Export newLineGroups doesn't exist in target module
  3 | import { useState } from "react";
  4 | import type { FileSnapshot } from "../data/types";
> 5 | import { describeNewLines, newLineGroups } from "../lib/code";
    | ^^^^^^^^^^^^^^^^^^^^^^^^^^^^^^^^^^^^^^^^^^^^^^^^^^^^^^^^^^^^^^
  6 | import { NoCopyWrapper } from "./NoCopyWrapper";
  7 |
  8 | export function FileCodePanel({ file }: { file: FileSnapshot }) {

The export newLineGroups was not found in module [project]/app/hand-tracking/lib/code.ts [app-client] (ecmascript).
Did you mean to import newLineGroupsWithContext?
All exports of the module are statically known (It doesn't have dynamic exports). So it's known statically that the requested export doesn't exist.

Import trace:
  Server Component:
    ./app/hand-tracking/components/FileCodePanel.tsx
    ./app/hand-tracking/components/StepDetail.tsx
    ./app/hand-tracking/[stepId]/page.tsx @ http://localhost:3000/_next/static/chunks/node_modules_next_dist_1e8vcs8._.js:1052
[  551903ms] [ERROR] ./app/hand-tracking/components/FileCodePanel.tsx:5:1
Error: Export newLineGroups doesn't exist in target module
  3 | import { useState } from "react";
  4 | import type { FileSnapshot } from "../data/types";
> 5 | import { describeNewLines, newLineGroups } from "../lib/code";
    | ^^^^^^^^^^^^^^^^^^^^^^^^^^^^^^^^^^^^^^^^^^^^^^^^^^^^^^^^^^^^^^
  6 | import { NoCopyWrapper } from "./NoCopyWrapper";
  7 |
  8 | export function FileCodePanel({ file }: { file: FileSnapshot }) {

The export newLineGroups was not found in module [project]/app/hand-tracking/lib/code.ts [app-ssr] (ecmascript).
Did you mean to import newLineGroupsWithContext?
All exports of the module are statically known (It doesn't have dynamic exports). So it's known statically that the requested export doesn't exist.

Import trace:
  Server Component:
    ./app/hand-tracking/components/FileCodePanel.tsx
    ./app/hand-tracking/components/StepDetail.tsx
    ./app/hand-tracking/[stepId]/page.tsx @ http://localhost:3000/_next/static/chunks/node_modules_next_dist_1e8vcs8._.js:1052
[  551962ms] [ERROR] ./app/hand-tracking/components/FileCodePanel.tsx:5:1
Error: Export newLineGroups doesn't exist in target module
  3 | import { useState } from "react";
  4 | import type { FileSnapshot } from "../data/types";
> 5 | import { describeNewLines, newLineGroups } from "../lib/code";
    | ^^^^^^^^^^^^^^^^^^^^^^^^^^^^^^^^^^^^^^^^^^^^^^^^^^^^^^^^^^^^^^
  6 | import { NoCopyWrapper } from "./NoCopyWrapper";
  7 |
  8 | export function FileCodePanel({ file }: { file: FileSnapshot }) {

The export newLineGroups was not found in module [project]/app/hand-tracking/lib/code.ts [app-client] (ecmascript).
Did you mean to import newLineGroupsWithContext?
All exports of the module are statically known (It doesn't have dynamic exports). So it's known statically that the requested export doesn't exist.

Import trace:
  Server Component:
    ./app/hand-tracking/components/FileCodePanel.tsx
    ./app/hand-tracking/components/StepDetail.tsx
    ./app/hand-tracking/[stepId]/page.tsx @ http://localhost:3000/_next/static/chunks/node_modules_next_dist_1e8vcs8._.js:1052
[  551963ms] [ERROR] ./app/hand-tracking/components/FileCodePanel.tsx:5:1
Error: Export newLineGroups doesn't exist in target module
  3 | import { useState } from "react";
  4 | import type { FileSnapshot } from "../data/types";
> 5 | import { describeNewLines, newLineGroups } from "../lib/code";
    | ^^^^^^^^^^^^^^^^^^^^^^^^^^^^^^^^^^^^^^^^^^^^^^^^^^^^^^^^^^^^^^
  6 | import { NoCopyWrapper } from "./NoCopyWrapper";
  7 |
  8 | export function FileCodePanel({ file }: { file: FileSnapshot }) {

The export newLineGroups was not found in module [project]/app/hand-tracking/lib/code.ts [app-ssr] (ecmascript).
Did you mean to import newLineGroupsWithContext?
All exports of the module are statically known (It doesn't have dynamic exports). So it's known statically that the requested export doesn't exist.

Import trace:
  Server Component:
    ./app/hand-tracking/components/FileCodePanel.tsx
    ./app/hand-tracking/components/StepDetail.tsx
    ./app/hand-tracking/[stepId]/page.tsx @ http://localhost:3000/_next/static/chunks/node_modules_next_dist_1e8vcs8._.js:1052
[  552026ms] [ERROR] ./app/hand-tracking/components/FileCodePanel.tsx:5:1
Error: Export newLineGroups doesn't exist in target module
  3 | import { useState } from "react";
  4 | import type { FileSnapshot } from "../data/types";
> 5 | import { describeNewLines, newLineGroups } from "../lib/code";
    | ^^^^^^^^^^^^^^^^^^^^^^^^^^^^^^^^^^^^^^^^^^^^^^^^^^^^^^^^^^^^^^
  6 | import { NoCopyWrapper } from "./NoCopyWrapper";
  7 |
  8 | export function FileCodePanel({ file }: { file: FileSnapshot }) {

The export newLineGroups was not found in module [project]/app/hand-tracking/lib/code.ts [app-client] (ecmascript).
Did you mean to import newLineGroupsWithContext?
All exports of the module are statically known (It doesn't have dynamic exports). So it's known statically that the requested export doesn't exist.

Import trace:
  Server Component:
    ./app/hand-tracking/components/FileCodePanel.tsx
    ./app/hand-tracking/components/StepDetail.tsx
    ./app/hand-tracking/[stepId]/page.tsx @ http://localhost:3000/_next/static/chunks/node_modules_next_dist_1e8vcs8._.js:1052
[  552026ms] [ERROR] ./app/hand-tracking/components/FileCodePanel.tsx:5:1
Error: Export newLineGroups doesn't exist in target module
  3 | import { useState } from "react";
  4 | import type { FileSnapshot } from "../data/types";
> 5 | import { describeNewLines, newLineGroups } from "../lib/code";
    | ^^^^^^^^^^^^^^^^^^^^^^^^^^^^^^^^^^^^^^^^^^^^^^^^^^^^^^^^^^^^^^
  6 | import { NoCopyWrapper } from "./NoCopyWrapper";
  7 |
  8 | export function FileCodePanel({ file }: { file: FileSnapshot }) {

The export newLineGroups was not found in module [project]/app/hand-tracking/lib/code.ts [app-ssr] (ecmascript).
Did you mean to import newLineGroupsWithContext?
All exports of the module are statically known (It doesn't have dynamic exports). So it's known statically that the requested export doesn't exist.

Import trace:
  Server Component:
    ./app/hand-tracking/components/FileCodePanel.tsx
    ./app/hand-tracking/components/StepDetail.tsx
    ./app/hand-tracking/[stepId]/page.tsx @ http://localhost:3000/_next/static/chunks/node_modules_next_dist_1e8vcs8._.js:1052
[  552089ms] [ERROR] ./app/hand-tracking/components/FileCodePanel.tsx:5:1
Error: Export newLineGroups doesn't exist in target module
  3 | import { useState } from "react";
  4 | import type { FileSnapshot } from "../data/types";
> 5 | import { describeNewLines, newLineGroups } from "../lib/code";
    | ^^^^^^^^^^^^^^^^^^^^^^^^^^^^^^^^^^^^^^^^^^^^^^^^^^^^^^^^^^^^^^
  6 | import { NoCopyWrapper } from "./NoCopyWrapper";
  7 |
  8 | export function FileCodePanel({ file }: { file: FileSnapshot }) {

The export newLineGroups was not found in module [project]/app/hand-tracking/lib/code.ts [app-client] (ecmascript).
Did you mean to import newLineGroupsWithContext?
All exports of the module are statically known (It doesn't have dynamic exports). So it's known statically that the requested export doesn't exist.

Import trace:
  Server Component:
    ./app/hand-tracking/components/FileCodePanel.tsx
    ./app/hand-tracking/components/StepDetail.tsx
    ./app/hand-tracking/[stepId]/page.tsx @ http://localhost:3000/_next/static/chunks/node_modules_next_dist_1e8vcs8._.js:1052
[  552089ms] [ERROR] ./app/hand-tracking/components/FileCodePanel.tsx:5:1
Error: Export newLineGroups doesn't exist in target module
  3 | import { useState } from "react";
  4 | import type { FileSnapshot } from "../data/types";
> 5 | import { describeNewLines, newLineGroups } from "../lib/code";
    | ^^^^^^^^^^^^^^^^^^^^^^^^^^^^^^^^^^^^^^^^^^^^^^^^^^^^^^^^^^^^^^
  6 | import { NoCopyWrapper } from "./NoCopyWrapper";
  7 |
  8 | export function FileCodePanel({ file }: { file: FileSnapshot }) {

The export newLineGroups was not found in module [project]/app/hand-tracking/lib/code.ts [app-ssr] (ecmascript).
Did you mean to import newLineGroupsWithContext?
All exports of the module are statically known (It doesn't have dynamic exports). So it's known statically that the requested export doesn't exist.

Import trace:
  Server Component:
    ./app/hand-tracking/components/FileCodePanel.tsx
    ./app/hand-tracking/components/StepDetail.tsx
    ./app/hand-tracking/[stepId]/page.tsx @ http://localhost:3000/_next/static/chunks/node_modules_next_dist_1e8vcs8._.js:1052
[  552152ms] [ERROR] ./app/hand-tracking/components/FileCodePanel.tsx:5:1
Error: Export newLineGroups doesn't exist in target module
  3 | import { useState } from "react";
  4 | import type { FileSnapshot } from "../data/types";
> 5 | import { describeNewLines, newLineGroups } from "../lib/code";
    | ^^^^^^^^^^^^^^^^^^^^^^^^^^^^^^^^^^^^^^^^^^^^^^^^^^^^^^^^^^^^^^
  6 | import { NoCopyWrapper } from "./NoCopyWrapper";
  7 |
  8 | export function FileCodePanel({ file }: { file: FileSnapshot }) {

The export newLineGroups was not found in module [project]/app/hand-tracking/lib/code.ts [app-client] (ecmascript).
Did you mean to import newLineGroupsWithContext?
All exports of the module are statically known (It doesn't have dynamic exports). So it's known statically that the requested export doesn't exist.

Import trace:
  Server Component:
    ./app/hand-tracking/components/FileCodePanel.tsx
    ./app/hand-tracking/components/StepDetail.tsx
    ./app/hand-tracking/[stepId]/page.tsx @ http://localhost:3000/_next/static/chunks/node_modules_next_dist_1e8vcs8._.js:1052
[  552153ms] [ERROR] ./app/hand-tracking/components/FileCodePanel.tsx:5:1
Error: Export newLineGroups doesn't exist in target module
  3 | import { useState } from "react";
  4 | import type { FileSnapshot } from "../data/types";
> 5 | import { describeNewLines, newLineGroups } from "../lib/code";
    | ^^^^^^^^^^^^^^^^^^^^^^^^^^^^^^^^^^^^^^^^^^^^^^^^^^^^^^^^^^^^^^
  6 | import { NoCopyWrapper } from "./NoCopyWrapper";
  7 |
  8 | export function FileCodePanel({ file }: { file: FileSnapshot }) {

The export newLineGroups was not found in module [project]/app/hand-tracking/lib/code.ts [app-ssr] (ecmascript).
Did you mean to import newLineGroupsWithContext?
All exports of the module are statically known (It doesn't have dynamic exports). So it's known statically that the requested export doesn't exist.

Import trace:
  Server Component:
    ./app/hand-tracking/components/FileCodePanel.tsx
    ./app/hand-tracking/components/StepDetail.tsx
    ./app/hand-tracking/[stepId]/page.tsx @ http://localhost:3000/_next/static/chunks/node_modules_next_dist_1e8vcs8._.js:1052
[  552213ms] [ERROR] ./app/hand-tracking/components/FileCodePanel.tsx:5:1
Error: Export newLineGroups doesn't exist in target module
  3 | import { useState } from "react";
  4 | import type { FileSnapshot } from "../data/types";
> 5 | import { describeNewLines, newLineGroups } from "../lib/code";
    | ^^^^^^^^^^^^^^^^^^^^^^^^^^^^^^^^^^^^^^^^^^^^^^^^^^^^^^^^^^^^^^
  6 | import { NoCopyWrapper } from "./NoCopyWrapper";
  7 |
  8 | export function FileCodePanel({ file }: { file: FileSnapshot }) {

The export newLineGroups was not found in module [project]/app/hand-tracking/lib/code.ts [app-client] (ecmascript).
Did you mean to import newLineGroupsWithContext?
All exports of the module are statically known (It doesn't have dynamic exports). So it's known statically that the requested export doesn't exist.

Import trace:
  Server Component:
    ./app/hand-tracking/components/FileCodePanel.tsx
    ./app/hand-tracking/components/StepDetail.tsx
    ./app/hand-tracking/[stepId]/page.tsx @ http://localhost:3000/_next/static/chunks/node_modules_next_dist_1e8vcs8._.js:1052
[  552214ms] [ERROR] ./app/hand-tracking/components/FileCodePanel.tsx:5:1
Error: Export newLineGroups doesn't exist in target module
  3 | import { useState } from "react";
  4 | import type { FileSnapshot } from "../data/types";
> 5 | import { describeNewLines, newLineGroups } from "../lib/code";
    | ^^^^^^^^^^^^^^^^^^^^^^^^^^^^^^^^^^^^^^^^^^^^^^^^^^^^^^^^^^^^^^
  6 | import { NoCopyWrapper } from "./NoCopyWrapper";
  7 |
  8 | export function FileCodePanel({ file }: { file: FileSnapshot }) {

The export newLineGroups was not found in module [project]/app/hand-tracking/lib/code.ts [app-ssr] (ecmascript).
Did you mean to import newLineGroupsWithContext?
All exports of the module are statically known (It doesn't have dynamic exports). So it's known statically that the requested export doesn't exist.

Import trace:
  Server Component:
    ./app/hand-tracking/components/FileCodePanel.tsx
    ./app/hand-tracking/components/StepDetail.tsx
    ./app/hand-tracking/[stepId]/page.tsx @ http://localhost:3000/_next/static/chunks/node_modules_next_dist_1e8vcs8._.js:1052
[  552276ms] [ERROR] ./app/hand-tracking/components/FileCodePanel.tsx:5:1
Error: Export newLineGroups doesn't exist in target module
  3 | import { useState } from "react";
  4 | import type { FileSnapshot } from "../data/types";
> 5 | import { describeNewLines, newLineGroups } from "../lib/code";
    | ^^^^^^^^^^^^^^^^^^^^^^^^^^^^^^^^^^^^^^^^^^^^^^^^^^^^^^^^^^^^^^
  6 | import { NoCopyWrapper } from "./NoCopyWrapper";
  7 |
  8 | export function FileCodePanel({ file }: { file: FileSnapshot }) {

The export newLineGroups was not found in module [project]/app/hand-tracking/lib/code.ts [app-client] (ecmascript).
Did you mean to import newLineGroupsWithContext?
All exports of the module are statically known (It doesn't have dynamic exports). So it's known statically that the requested export doesn't exist.

Import trace:
  Server Component:
    ./app/hand-tracking/components/FileCodePanel.tsx
    ./app/hand-tracking/components/StepDetail.tsx
    ./app/hand-tracking/[stepId]/page.tsx @ http://localhost:3000/_next/static/chunks/node_modules_next_dist_1e8vcs8._.js:1052
[  552276ms] [ERROR] ./app/hand-tracking/components/FileCodePanel.tsx:5:1
Error: Export newLineGroups doesn't exist in target module
  3 | import { useState } from "react";
  4 | import type { FileSnapshot } from "../data/types";
> 5 | import { describeNewLines, newLineGroups } from "../lib/code";
    | ^^^^^^^^^^^^^^^^^^^^^^^^^^^^^^^^^^^^^^^^^^^^^^^^^^^^^^^^^^^^^^
  6 | import { NoCopyWrapper } from "./NoCopyWrapper";
  7 |
  8 | export function FileCodePanel({ file }: { file: FileSnapshot }) {

The export newLineGroups was not found in module [project]/app/hand-tracking/lib/code.ts [app-ssr] (ecmascript).
Did you mean to import newLineGroupsWithContext?
All exports of the module are statically known (It doesn't have dynamic exports). So it's known statically that the requested export doesn't exist.

Import trace:
  Server Component:
    ./app/hand-tracking/components/FileCodePanel.tsx
    ./app/hand-tracking/components/StepDetail.tsx
    ./app/hand-tracking/[stepId]/page.tsx @ http://localhost:3000/_next/static/chunks/node_modules_next_dist_1e8vcs8._.js:1052
[  552337ms] [ERROR] ./app/hand-tracking/components/FileCodePanel.tsx:5:1
Error: Export newLineGroups doesn't exist in target module
  3 | import { useState } from "react";
  4 | import type { FileSnapshot } from "../data/types";
> 5 | import { describeNewLines, newLineGroups } from "../lib/code";
    | ^^^^^^^^^^^^^^^^^^^^^^^^^^^^^^^^^^^^^^^^^^^^^^^^^^^^^^^^^^^^^^
  6 | import { NoCopyWrapper } from "./NoCopyWrapper";
  7 |
  8 | export function FileCodePanel({ file }: { file: FileSnapshot }) {

The export newLineGroups was not found in module [project]/app/hand-tracking/lib/code.ts [app-client] (ecmascript).
Did you mean to import newLineGroupsWithContext?
All exports of the module are statically known (It doesn't have dynamic exports). So it's known statically that the requested export doesn't exist.

Import trace:
  Server Component:
    ./app/hand-tracking/components/FileCodePanel.tsx
    ./app/hand-tracking/components/StepDetail.tsx
    ./app/hand-tracking/[stepId]/page.tsx @ http://localhost:3000/_next/static/chunks/node_modules_next_dist_1e8vcs8._.js:1052
[  552338ms] [ERROR] ./app/hand-tracking/components/FileCodePanel.tsx:5:1
Error: Export newLineGroups doesn't exist in target module
  3 | import { useState } from "react";
  4 | import type { FileSnapshot } from "../data/types";
> 5 | import { describeNewLines, newLineGroups } from "../lib/code";
    | ^^^^^^^^^^^^^^^^^^^^^^^^^^^^^^^^^^^^^^^^^^^^^^^^^^^^^^^^^^^^^^
  6 | import { NoCopyWrapper } from "./NoCopyWrapper";
  7 |
  8 | export function FileCodePanel({ file }: { file: FileSnapshot }) {

The export newLineGroups was not found in module [project]/app/hand-tracking/lib/code.ts [app-ssr] (ecmascript).
Did you mean to import newLineGroupsWithContext?
All exports of the module are statically known (It doesn't have dynamic exports). So it's known statically that the requested export doesn't exist.

Import trace:
  Server Component:
    ./app/hand-tracking/components/FileCodePanel.tsx
    ./app/hand-tracking/components/StepDetail.tsx
    ./app/hand-tracking/[stepId]/page.tsx @ http://localhost:3000/_next/static/chunks/node_modules_next_dist_1e8vcs8._.js:1052
[  552401ms] [ERROR] ./app/hand-tracking/components/FileCodePanel.tsx:5:1
Error: Export newLineGroups doesn't exist in target module
  3 | import { useState } from "react";
  4 | import type { FileSnapshot } from "../data/types";
> 5 | import { describeNewLines, newLineGroups } from "../lib/code";
    | ^^^^^^^^^^^^^^^^^^^^^^^^^^^^^^^^^^^^^^^^^^^^^^^^^^^^^^^^^^^^^^
  6 | import { NoCopyWrapper } from "./NoCopyWrapper";
  7 |
  8 | export function FileCodePanel({ file }: { file: FileSnapshot }) {

The export newLineGroups was not found in module [project]/app/hand-tracking/lib/code.ts [app-client] (ecmascript).
Did you mean to import newLineGroupsWithContext?
All exports of the module are statically known (It doesn't have dynamic exports). So it's known statically that the requested export doesn't exist.

Import trace:
  Server Component:
    ./app/hand-tracking/components/FileCodePanel.tsx
    ./app/hand-tracking/components/StepDetail.tsx
    ./app/hand-tracking/[stepId]/page.tsx @ http://localhost:3000/_next/static/chunks/node_modules_next_dist_1e8vcs8._.js:1052
[  552402ms] [ERROR] ./app/hand-tracking/components/FileCodePanel.tsx:5:1
Error: Export newLineGroups doesn't exist in target module
  3 | import { useState } from "react";
  4 | import type { FileSnapshot } from "../data/types";
> 5 | import { describeNewLines, newLineGroups } from "../lib/code";
    | ^^^^^^^^^^^^^^^^^^^^^^^^^^^^^^^^^^^^^^^^^^^^^^^^^^^^^^^^^^^^^^
  6 | import { NoCopyWrapper } from "./NoCopyWrapper";
  7 |
  8 | export function FileCodePanel({ file }: { file: FileSnapshot }) {

The export newLineGroups was not found in module [project]/app/hand-tracking/lib/code.ts [app-ssr] (ecmascript).
Did you mean to import newLineGroupsWithContext?
All exports of the module are statically known (It doesn't have dynamic exports). So it's known statically that the requested export doesn't exist.

Import trace:
  Server Component:
    ./app/hand-tracking/components/FileCodePanel.tsx
    ./app/hand-tracking/components/StepDetail.tsx
    ./app/hand-tracking/[stepId]/page.tsx @ http://localhost:3000/_next/static/chunks/node_modules_next_dist_1e8vcs8._.js:1052
[  552462ms] [ERROR] ./app/hand-tracking/components/FileCodePanel.tsx:5:1
Error: Export newLineGroups doesn't exist in target module
  3 | import { useState } from "react";
  4 | import type { FileSnapshot } from "../data/types";
> 5 | import { describeNewLines, newLineGroups } from "../lib/code";
    | ^^^^^^^^^^^^^^^^^^^^^^^^^^^^^^^^^^^^^^^^^^^^^^^^^^^^^^^^^^^^^^
  6 | import { NoCopyWrapper } from "./NoCopyWrapper";
  7 |
  8 | export function FileCodePanel({ file }: { file: FileSnapshot }) {

The export newLineGroups was not found in module [project]/app/hand-tracking/lib/code.ts [app-client] (ecmascript).
Did you mean to import newLineGroupsWithContext?
All exports of the module are statically known (It doesn't have dynamic exports). So it's known statically that the requested export doesn't exist.

Import trace:
  Server Component:
    ./app/hand-tracking/components/FileCodePanel.tsx
    ./app/hand-tracking/components/StepDetail.tsx
    ./app/hand-tracking/[stepId]/page.tsx @ http://localhost:3000/_next/static/chunks/node_modules_next_dist_1e8vcs8._.js:1052
[  552463ms] [ERROR] ./app/hand-tracking/components/FileCodePanel.tsx:5:1
Error: Export newLineGroups doesn't exist in target module
  3 | import { useState } from "react";
  4 | import type { FileSnapshot } from "../data/types";
> 5 | import { describeNewLines, newLineGroups } from "../lib/code";
    | ^^^^^^^^^^^^^^^^^^^^^^^^^^^^^^^^^^^^^^^^^^^^^^^^^^^^^^^^^^^^^^
  6 | import { NoCopyWrapper } from "./NoCopyWrapper";
  7 |
  8 | export function FileCodePanel({ file }: { file: FileSnapshot }) {

The export newLineGroups was not found in module [project]/app/hand-tracking/lib/code.ts [app-ssr] (ecmascript).
Did you mean to import newLineGroupsWithContext?
All exports of the module are statically known (It doesn't have dynamic exports). So it's known statically that the requested export doesn't exist.

Import trace:
  Server Component:
    ./app/hand-tracking/components/FileCodePanel.tsx
    ./app/hand-tracking/components/StepDetail.tsx
    ./app/hand-tracking/[stepId]/page.tsx @ http://localhost:3000/_next/static/chunks/node_modules_next_dist_1e8vcs8._.js:1052
[  552523ms] [ERROR] ./app/hand-tracking/components/FileCodePanel.tsx:5:1
Error: Export newLineGroups doesn't exist in target module
  3 | import { useState } from "react";
  4 | import type { FileSnapshot } from "../data/types";
> 5 | import { describeNewLines, newLineGroups } from "../lib/code";
    | ^^^^^^^^^^^^^^^^^^^^^^^^^^^^^^^^^^^^^^^^^^^^^^^^^^^^^^^^^^^^^^
  6 | import { NoCopyWrapper } from "./NoCopyWrapper";
  7 |
  8 | export function FileCodePanel({ file }: { file: FileSnapshot }) {

The export newLineGroups was not found in module [project]/app/hand-tracking/lib/code.ts [app-client] (ecmascript).
Did you mean to import newLineGroupsWithContext?
All exports of the module are statically known (It doesn't have dynamic exports). So it's known statically that the requested export doesn't exist.

Import trace:
  Server Component:
    ./app/hand-tracking/components/FileCodePanel.tsx
    ./app/hand-tracking/components/StepDetail.tsx
    ./app/hand-tracking/[stepId]/page.tsx @ http://localhost:3000/_next/static/chunks/node_modules_next_dist_1e8vcs8._.js:1052
[  552524ms] [ERROR] ./app/hand-tracking/components/FileCodePanel.tsx:5:1
Error: Export newLineGroups doesn't exist in target module
  3 | import { useState } from "react";
  4 | import type { FileSnapshot } from "../data/types";
> 5 | import { describeNewLines, newLineGroups } from "../lib/code";
    | ^^^^^^^^^^^^^^^^^^^^^^^^^^^^^^^^^^^^^^^^^^^^^^^^^^^^^^^^^^^^^^
  6 | import { NoCopyWrapper } from "./NoCopyWrapper";
  7 |
  8 | export function FileCodePanel({ file }: { file: FileSnapshot }) {

The export newLineGroups was not found in module [project]/app/hand-tracking/lib/code.ts [app-ssr] (ecmascript).
Did you mean to import newLineGroupsWithContext?
All exports of the module are statically known (It doesn't have dynamic exports). So it's known statically that the requested export doesn't exist.

Import trace:
  Server Component:
    ./app/hand-tracking/components/FileCodePanel.tsx
    ./app/hand-tracking/components/StepDetail.tsx
    ./app/hand-tracking/[stepId]/page.tsx @ http://localhost:3000/_next/static/chunks/node_modules_next_dist_1e8vcs8._.js:1052
[  552585ms] [ERROR] ./app/hand-tracking/components/FileCodePanel.tsx:5:1
Error: Export newLineGroups doesn't exist in target module
  3 | import { useState } from "react";
  4 | import type { FileSnapshot } from "../data/types";
> 5 | import { describeNewLines, newLineGroups } from "../lib/code";
    | ^^^^^^^^^^^^^^^^^^^^^^^^^^^^^^^^^^^^^^^^^^^^^^^^^^^^^^^^^^^^^^
  6 | import { NoCopyWrapper } from "./NoCopyWrapper";
  7 |
  8 | export function FileCodePanel({ file }: { file: FileSnapshot }) {

The export newLineGroups was not found in module [project]/app/hand-tracking/lib/code.ts [app-client] (ecmascript).
Did you mean to import newLineGroupsWithContext?
All exports of the module are statically known (It doesn't have dynamic exports). So it's known statically that the requested export doesn't exist.

Import trace:
  Server Component:
    ./app/hand-tracking/components/FileCodePanel.tsx
    ./app/hand-tracking/components/StepDetail.tsx
    ./app/hand-tracking/[stepId]/page.tsx @ http://localhost:3000/_next/static/chunks/node_modules_next_dist_1e8vcs8._.js:1052
[  552586ms] [ERROR] ./app/hand-tracking/components/FileCodePanel.tsx:5:1
Error: Export newLineGroups doesn't exist in target module
  3 | import { useState } from "react";
  4 | import type { FileSnapshot } from "../data/types";
> 5 | import { describeNewLines, newLineGroups } from "../lib/code";
    | ^^^^^^^^^^^^^^^^^^^^^^^^^^^^^^^^^^^^^^^^^^^^^^^^^^^^^^^^^^^^^^
  6 | import { NoCopyWrapper } from "./NoCopyWrapper";
  7 |
  8 | export function FileCodePanel({ file }: { file: FileSnapshot }) {

The export newLineGroups was not found in module [project]/app/hand-tracking/lib/code.ts [app-ssr] (ecmascript).
Did you mean to import newLineGroupsWithContext?
All exports of the module are statically known (It doesn't have dynamic exports). So it's known statically that the requested export doesn't exist.

Import trace:
  Server Component:
    ./app/hand-tracking/components/FileCodePanel.tsx
    ./app/hand-tracking/components/StepDetail.tsx
    ./app/hand-tracking/[stepId]/page.tsx @ http://localhost:3000/_next/static/chunks/node_modules_next_dist_1e8vcs8._.js:1052
[  552646ms] [ERROR] ./app/hand-tracking/components/FileCodePanel.tsx:5:1
Error: Export newLineGroups doesn't exist in target module
  3 | import { useState } from "react";
  4 | import type { FileSnapshot } from "../data/types";
> 5 | import { describeNewLines, newLineGroups } from "../lib/code";
    | ^^^^^^^^^^^^^^^^^^^^^^^^^^^^^^^^^^^^^^^^^^^^^^^^^^^^^^^^^^^^^^
  6 | import { NoCopyWrapper } from "./NoCopyWrapper";
  7 |
  8 | export function FileCodePanel({ file }: { file: FileSnapshot }) {

The export newLineGroups was not found in module [project]/app/hand-tracking/lib/code.ts [app-client] (ecmascript).
Did you mean to import newLineGroupsWithContext?
All exports of the module are statically known (It doesn't have dynamic exports). So it's known statically that the requested export doesn't exist.

Import trace:
  Server Component:
    ./app/hand-tracking/components/FileCodePanel.tsx
    ./app/hand-tracking/components/StepDetail.tsx
    ./app/hand-tracking/[stepId]/page.tsx @ http://localhost:3000/_next/static/chunks/node_modules_next_dist_1e8vcs8._.js:1052
[  552647ms] [ERROR] ./app/hand-tracking/components/FileCodePanel.tsx:5:1
Error: Export newLineGroups doesn't exist in target module
  3 | import { useState } from "react";
  4 | import type { FileSnapshot } from "../data/types";
> 5 | import { describeNewLines, newLineGroups } from "../lib/code";
    | ^^^^^^^^^^^^^^^^^^^^^^^^^^^^^^^^^^^^^^^^^^^^^^^^^^^^^^^^^^^^^^
  6 | import { NoCopyWrapper } from "./NoCopyWrapper";
  7 |
  8 | export function FileCodePanel({ file }: { file: FileSnapshot }) {

The export newLineGroups was not found in module [project]/app/hand-tracking/lib/code.ts [app-ssr] (ecmascript).
Did you mean to import newLineGroupsWithContext?
All exports of the module are statically known (It doesn't have dynamic exports). So it's known statically that the requested export doesn't exist.

Import trace:
  Server Component:
    ./app/hand-tracking/components/FileCodePanel.tsx
    ./app/hand-tracking/components/StepDetail.tsx
    ./app/hand-tracking/[stepId]/page.tsx @ http://localhost:3000/_next/static/chunks/node_modules_next_dist_1e8vcs8._.js:1052
[  552709ms] [ERROR] ./app/hand-tracking/components/FileCodePanel.tsx:5:1
Error: Export newLineGroups doesn't exist in target module
  3 | import { useState } from "react";
  4 | import type { FileSnapshot } from "../data/types";
> 5 | import { describeNewLines, newLineGroups } from "../lib/code";
    | ^^^^^^^^^^^^^^^^^^^^^^^^^^^^^^^^^^^^^^^^^^^^^^^^^^^^^^^^^^^^^^
  6 | import { NoCopyWrapper } from "./NoCopyWrapper";
  7 |
  8 | export function FileCodePanel({ file }: { file: FileSnapshot }) {

The export newLineGroups was not found in module [project]/app/hand-tracking/lib/code.ts [app-client] (ecmascript).
Did you mean to import newLineGroupsWithContext?
All exports of the module are statically known (It doesn't have dynamic exports). So it's known statically that the requested export doesn't exist.

Import trace:
  Server Component:
    ./app/hand-tracking/components/FileCodePanel.tsx
    ./app/hand-tracking/components/StepDetail.tsx
    ./app/hand-tracking/[stepId]/page.tsx @ http://localhost:3000/_next/static/chunks/node_modules_next_dist_1e8vcs8._.js:1052
[  552709ms] [ERROR] ./app/hand-tracking/components/FileCodePanel.tsx:5:1
Error: Export newLineGroups doesn't exist in target module
  3 | import { useState } from "react";
  4 | import type { FileSnapshot } from "../data/types";
> 5 | import { describeNewLines, newLineGroups } from "../lib/code";
    | ^^^^^^^^^^^^^^^^^^^^^^^^^^^^^^^^^^^^^^^^^^^^^^^^^^^^^^^^^^^^^^
  6 | import { NoCopyWrapper } from "./NoCopyWrapper";
  7 |
  8 | export function FileCodePanel({ file }: { file: FileSnapshot }) {

The export newLineGroups was not found in module [project]/app/hand-tracking/lib/code.ts [app-ssr] (ecmascript).
Did you mean to import newLineGroupsWithContext?
All exports of the module are statically known (It doesn't have dynamic exports). So it's known statically that the requested export doesn't exist.

Import trace:
  Server Component:
    ./app/hand-tracking/components/FileCodePanel.tsx
    ./app/hand-tracking/components/StepDetail.tsx
    ./app/hand-tracking/[stepId]/page.tsx @ http://localhost:3000/_next/static/chunks/node_modules_next_dist_1e8vcs8._.js:1052
[  552772ms] [ERROR] ./app/hand-tracking/components/FileCodePanel.tsx:5:1
Error: Export newLineGroups doesn't exist in target module
  3 | import { useState } from "react";
  4 | import type { FileSnapshot } from "../data/types";
> 5 | import { describeNewLines, newLineGroups } from "../lib/code";
    | ^^^^^^^^^^^^^^^^^^^^^^^^^^^^^^^^^^^^^^^^^^^^^^^^^^^^^^^^^^^^^^
  6 | import { NoCopyWrapper } from "./NoCopyWrapper";
  7 |
  8 | export function FileCodePanel({ file }: { file: FileSnapshot }) {

The export newLineGroups was not found in module [project]/app/hand-tracking/lib/code.ts [app-client] (ecmascript).
Did you mean to import newLineGroupsWithContext?
All exports of the module are statically known (It doesn't have dynamic exports). So it's known statically that the requested export doesn't exist.

Import trace:
  Server Component:
    ./app/hand-tracking/components/FileCodePanel.tsx
    ./app/hand-tracking/components/StepDetail.tsx
    ./app/hand-tracking/[stepId]/page.tsx @ http://localhost:3000/_next/static/chunks/node_modules_next_dist_1e8vcs8._.js:1052
[  552773ms] [ERROR] ./app/hand-tracking/components/FileCodePanel.tsx:5:1
Error: Export newLineGroups doesn't exist in target module
  3 | import { useState } from "react";
  4 | import type { FileSnapshot } from "../data/types";
> 5 | import { describeNewLines, newLineGroups } from "../lib/code";
    | ^^^^^^^^^^^^^^^^^^^^^^^^^^^^^^^^^^^^^^^^^^^^^^^^^^^^^^^^^^^^^^
  6 | import { NoCopyWrapper } from "./NoCopyWrapper";
  7 |
  8 | export function FileCodePanel({ file }: { file: FileSnapshot }) {

The export newLineGroups was not found in module [project]/app/hand-tracking/lib/code.ts [app-ssr] (ecmascript).
Did you mean to import newLineGroupsWithContext?
All exports of the module are statically known (It doesn't have dynamic exports). So it's known statically that the requested export doesn't exist.

Import trace:
  Server Component:
    ./app/hand-tracking/components/FileCodePanel.tsx
    ./app/hand-tracking/components/StepDetail.tsx
    ./app/hand-tracking/[stepId]/page.tsx @ http://localhost:3000/_next/static/chunks/node_modules_next_dist_1e8vcs8._.js:1052
[  552836ms] [ERROR] ./app/hand-tracking/components/FileCodePanel.tsx:5:1
Error: Export newLineGroups doesn't exist in target module
  3 | import { useState } from "react";
  4 | import type { FileSnapshot } from "../data/types";
> 5 | import { describeNewLines, newLineGroups } from "../lib/code";
    | ^^^^^^^^^^^^^^^^^^^^^^^^^^^^^^^^^^^^^^^^^^^^^^^^^^^^^^^^^^^^^^
  6 | import { NoCopyWrapper } from "./NoCopyWrapper";
  7 |
  8 | export function FileCodePanel({ file }: { file: FileSnapshot }) {

The export newLineGroups was not found in module [project]/app/hand-tracking/lib/code.ts [app-client] (ecmascript).
Did you mean to import newLineGroupsWithContext?
All exports of the module are statically known (It doesn't have dynamic exports). So it's known statically that the requested export doesn't exist.

Import trace:
  Server Component:
    ./app/hand-tracking/components/FileCodePanel.tsx
    ./app/hand-tracking/components/StepDetail.tsx
    ./app/hand-tracking/[stepId]/page.tsx @ http://localhost:3000/_next/static/chunks/node_modules_next_dist_1e8vcs8._.js:1052
[  552836ms] [ERROR] ./app/hand-tracking/components/FileCodePanel.tsx:5:1
Error: Export newLineGroups doesn't exist in target module
  3 | import { useState } from "react";
  4 | import type { FileSnapshot } from "../data/types";
> 5 | import { describeNewLines, newLineGroups } from "../lib/code";
    | ^^^^^^^^^^^^^^^^^^^^^^^^^^^^^^^^^^^^^^^^^^^^^^^^^^^^^^^^^^^^^^
  6 | import { NoCopyWrapper } from "./NoCopyWrapper";
  7 |
  8 | export function FileCodePanel({ file }: { file: FileSnapshot }) {

The export newLineGroups was not found in module [project]/app/hand-tracking/lib/code.ts [app-ssr] (ecmascript).
Did you mean to import newLineGroupsWithContext?
All exports of the module are statically known (It doesn't have dynamic exports). So it's known statically that the requested export doesn't exist.

Import trace:
  Server Component:
    ./app/hand-tracking/components/FileCodePanel.tsx
    ./app/hand-tracking/components/StepDetail.tsx
    ./app/hand-tracking/[stepId]/page.tsx @ http://localhost:3000/_next/static/chunks/node_modules_next_dist_1e8vcs8._.js:1052
[  552896ms] [ERROR] ./app/hand-tracking/components/FileCodePanel.tsx:5:1
Error: Export newLineGroups doesn't exist in target module
  3 | import { useState } from "react";
  4 | import type { FileSnapshot } from "../data/types";
> 5 | import { describeNewLines, newLineGroups } from "../lib/code";
    | ^^^^^^^^^^^^^^^^^^^^^^^^^^^^^^^^^^^^^^^^^^^^^^^^^^^^^^^^^^^^^^
  6 | import { NoCopyWrapper } from "./NoCopyWrapper";
  7 |
  8 | export function FileCodePanel({ file }: { file: FileSnapshot }) {

The export newLineGroups was not found in module [project]/app/hand-tracking/lib/code.ts [app-client] (ecmascript).
Did you mean to import newLineGroupsWithContext?
All exports of the module are statically known (It doesn't have dynamic exports). So it's known statically that the requested export doesn't exist.

Import trace:
  Server Component:
    ./app/hand-tracking/components/FileCodePanel.tsx
    ./app/hand-tracking/components/StepDetail.tsx
    ./app/hand-tracking/[stepId]/page.tsx @ http://localhost:3000/_next/static/chunks/node_modules_next_dist_1e8vcs8._.js:1052
[  552896ms] [ERROR] ./app/hand-tracking/components/FileCodePanel.tsx:5:1
Error: Export newLineGroups doesn't exist in target module
  3 | import { useState } from "react";
  4 | import type { FileSnapshot } from "../data/types";
> 5 | import { describeNewLines, newLineGroups } from "../lib/code";
    | ^^^^^^^^^^^^^^^^^^^^^^^^^^^^^^^^^^^^^^^^^^^^^^^^^^^^^^^^^^^^^^
  6 | import { NoCopyWrapper } from "./NoCopyWrapper";
  7 |
  8 | export function FileCodePanel({ file }: { file: FileSnapshot }) {

The export newLineGroups was not found in module [project]/app/hand-tracking/lib/code.ts [app-ssr] (ecmascript).
Did you mean to import newLineGroupsWithContext?
All exports of the module are statically known (It doesn't have dynamic exports). So it's known statically that the requested export doesn't exist.

Import trace:
  Server Component:
    ./app/hand-tracking/components/FileCodePanel.tsx
    ./app/hand-tracking/components/StepDetail.tsx
    ./app/hand-tracking/[stepId]/page.tsx @ http://localhost:3000/_next/static/chunks/node_modules_next_dist_1e8vcs8._.js:1052
[  552959ms] [ERROR] ./app/hand-tracking/components/FileCodePanel.tsx:5:1
Error: Export newLineGroups doesn't exist in target module
  3 | import { useState } from "react";
  4 | import type { FileSnapshot } from "../data/types";
> 5 | import { describeNewLines, newLineGroups } from "../lib/code";
    | ^^^^^^^^^^^^^^^^^^^^^^^^^^^^^^^^^^^^^^^^^^^^^^^^^^^^^^^^^^^^^^
  6 | import { NoCopyWrapper } from "./NoCopyWrapper";
  7 |
  8 | export function FileCodePanel({ file }: { file: FileSnapshot }) {

The export newLineGroups was not found in module [project]/app/hand-tracking/lib/code.ts [app-client] (ecmascript).
Did you mean to import newLineGroupsWithContext?
All exports of the module are statically known (It doesn't have dynamic exports). So it's known statically that the requested export doesn't exist.

Import trace:
  Server Component:
    ./app/hand-tracking/components/FileCodePanel.tsx
    ./app/hand-tracking/components/StepDetail.tsx
    ./app/hand-tracking/[stepId]/page.tsx @ http://localhost:3000/_next/static/chunks/node_modules_next_dist_1e8vcs8._.js:1052
[  552960ms] [ERROR] ./app/hand-tracking/components/FileCodePanel.tsx:5:1
Error: Export newLineGroups doesn't exist in target module
  3 | import { useState } from "react";
  4 | import type { FileSnapshot } from "../data/types";
> 5 | import { describeNewLines, newLineGroups } from "../lib/code";
    | ^^^^^^^^^^^^^^^^^^^^^^^^^^^^^^^^^^^^^^^^^^^^^^^^^^^^^^^^^^^^^^
  6 | import { NoCopyWrapper } from "./NoCopyWrapper";
  7 |
  8 | export function FileCodePanel({ file }: { file: FileSnapshot }) {

The export newLineGroups was not found in module [project]/app/hand-tracking/lib/code.ts [app-ssr] (ecmascript).
Did you mean to import newLineGroupsWithContext?
All exports of the module are statically known (It doesn't have dynamic exports). So it's known statically that the requested export doesn't exist.

Import trace:
  Server Component:
    ./app/hand-tracking/components/FileCodePanel.tsx
    ./app/hand-tracking/components/StepDetail.tsx
    ./app/hand-tracking/[stepId]/page.tsx @ http://localhost:3000/_next/static/chunks/node_modules_next_dist_1e8vcs8._.js:1052
[  553022ms] [ERROR] ./app/hand-tracking/components/FileCodePanel.tsx:5:1
Error: Export newLineGroups doesn't exist in target module
  3 | import { useState } from "react";
  4 | import type { FileSnapshot } from "../data/types";
> 5 | import { describeNewLines, newLineGroups } from "../lib/code";
    | ^^^^^^^^^^^^^^^^^^^^^^^^^^^^^^^^^^^^^^^^^^^^^^^^^^^^^^^^^^^^^^
  6 | import { NoCopyWrapper } from "./NoCopyWrapper";
  7 |
  8 | export function FileCodePanel({ file }: { file: FileSnapshot }) {

The export newLineGroups was not found in module [project]/app/hand-tracking/lib/code.ts [app-client] (ecmascript).
Did you mean to import newLineGroupsWithContext?
All exports of the module are statically known (It doesn't have dynamic exports). So it's known statically that the requested export doesn't exist.

Import trace:
  Server Component:
    ./app/hand-tracking/components/FileCodePanel.tsx
    ./app/hand-tracking/components/StepDetail.tsx
    ./app/hand-tracking/[stepId]/page.tsx @ http://localhost:3000/_next/static/chunks/node_modules_next_dist_1e8vcs8._.js:1052
[  553023ms] [ERROR] ./app/hand-tracking/components/FileCodePanel.tsx:5:1
Error: Export newLineGroups doesn't exist in target module
  3 | import { useState } from "react";
  4 | import type { FileSnapshot } from "../data/types";
> 5 | import { describeNewLines, newLineGroups } from "../lib/code";
    | ^^^^^^^^^^^^^^^^^^^^^^^^^^^^^^^^^^^^^^^^^^^^^^^^^^^^^^^^^^^^^^
  6 | import { NoCopyWrapper } from "./NoCopyWrapper";
  7 |
  8 | export function FileCodePanel({ file }: { file: FileSnapshot }) {

The export newLineGroups was not found in module [project]/app/hand-tracking/lib/code.ts [app-ssr] (ecmascript).
Did you mean to import newLineGroupsWithContext?
All exports of the module are statically known (It doesn't have dynamic exports). So it's known statically that the requested export doesn't exist.

Import trace:
  Server Component:
    ./app/hand-tracking/components/FileCodePanel.tsx
    ./app/hand-tracking/components/StepDetail.tsx
    ./app/hand-tracking/[stepId]/page.tsx @ http://localhost:3000/_next/static/chunks/node_modules_next_dist_1e8vcs8._.js:1052
[  553089ms] [ERROR] ./app/hand-tracking/components/FileCodePanel.tsx:5:1
Error: Export newLineGroups doesn't exist in target module
  3 | import { useState } from "react";
  4 | import type { FileSnapshot } from "../data/types";
> 5 | import { describeNewLines, newLineGroups } from "../lib/code";
    | ^^^^^^^^^^^^^^^^^^^^^^^^^^^^^^^^^^^^^^^^^^^^^^^^^^^^^^^^^^^^^^
  6 | import { NoCopyWrapper } from "./NoCopyWrapper";
  7 |
  8 | export function FileCodePanel({ file }: { file: FileSnapshot }) {

The export newLineGroups was not found in module [project]/app/hand-tracking/lib/code.ts [app-client] (ecmascript).
Did you mean to import newLineGroupsWithContext?
All exports of the module are statically known (It doesn't have dynamic exports). So it's known statically that the requested export doesn't exist.

Import trace:
  Server Component:
    ./app/hand-tracking/components/FileCodePanel.tsx
    ./app/hand-tracking/components/StepDetail.tsx
    ./app/hand-tracking/[stepId]/page.tsx @ http://localhost:3000/_next/static/chunks/node_modules_next_dist_1e8vcs8._.js:1052
[  553090ms] [ERROR] ./app/hand-tracking/components/FileCodePanel.tsx:5:1
Error: Export newLineGroups doesn't exist in target module
  3 | import { useState } from "react";
  4 | import type { FileSnapshot } from "../data/types";
> 5 | import { describeNewLines, newLineGroups } from "../lib/code";
    | ^^^^^^^^^^^^^^^^^^^^^^^^^^^^^^^^^^^^^^^^^^^^^^^^^^^^^^^^^^^^^^
  6 | import { NoCopyWrapper } from "./NoCopyWrapper";
  7 |
  8 | export function FileCodePanel({ file }: { file: FileSnapshot }) {

The export newLineGroups was not found in module [project]/app/hand-tracking/lib/code.ts [app-ssr] (ecmascript).
Did you mean to import newLineGroupsWithContext?
All exports of the module are statically known (It doesn't have dynamic exports). So it's known statically that the requested export doesn't exist.

Import trace:
  Server Component:
    ./app/hand-tracking/components/FileCodePanel.tsx
    ./app/hand-tracking/components/StepDetail.tsx
    ./app/hand-tracking/[stepId]/page.tsx @ http://localhost:3000/_next/static/chunks/node_modules_next_dist_1e8vcs8._.js:1052
[  553230ms] [ERROR] ./app/hand-tracking/components/FileCodePanel.tsx:5:1
Error: Export newLineGroups doesn't exist in target module
  3 | import { useState } from "react";
  4 | import type { FileSnapshot } from "../data/types";
> 5 | import { describeNewLines, newLineGroups } from "../lib/code";
    | ^^^^^^^^^^^^^^^^^^^^^^^^^^^^^^^^^^^^^^^^^^^^^^^^^^^^^^^^^^^^^^
  6 | import { NoCopyWrapper } from "./NoCopyWrapper";
  7 |
  8 | export function FileCodePanel({ file }: { file: FileSnapshot }) {

The export newLineGroups was not found in module [project]/app/hand-tracking/lib/code.ts [app-client] (ecmascript).
Did you mean to import newLineGroupsWithContext?
All exports of the module are statically known (It doesn't have dynamic exports). So it's known statically that the requested export doesn't exist.

Import trace:
  Server Component:
    ./app/hand-tracking/components/FileCodePanel.tsx
    ./app/hand-tracking/components/StepDetail.tsx
    ./app/hand-tracking/[stepId]/page.tsx @ http://localhost:3000/_next/static/chunks/node_modules_next_dist_1e8vcs8._.js:1052
[  553234ms] [ERROR] ./app/hand-tracking/components/FileCodePanel.tsx:5:1
Error: Export newLineGroups doesn't exist in target module
  3 | import { useState } from "react";
  4 | import type { FileSnapshot } from "../data/types";
> 5 | import { describeNewLines, newLineGroups } from "../lib/code";
    | ^^^^^^^^^^^^^^^^^^^^^^^^^^^^^^^^^^^^^^^^^^^^^^^^^^^^^^^^^^^^^^
  6 | import { NoCopyWrapper } from "./NoCopyWrapper";
  7 |
  8 | export function FileCodePanel({ file }: { file: FileSnapshot }) {

The export newLineGroups was not found in module [project]/app/hand-tracking/lib/code.ts [app-ssr] (ecmascript).
Did you mean to import newLineGroupsWithContext?
All exports of the module are statically known (It doesn't have dynamic exports). So it's known statically that the requested export doesn't exist.

Import trace:
  Server Component:
    ./app/hand-tracking/components/FileCodePanel.tsx
    ./app/hand-tracking/components/StepDetail.tsx
    ./app/hand-tracking/[stepId]/page.tsx @ http://localhost:3000/_next/static/chunks/node_modules_next_dist_1e8vcs8._.js:1052
[  553306ms] [ERROR] ./app/hand-tracking/components/FileCodePanel.tsx:5:1
Error: Export newLineGroups doesn't exist in target module
  3 | import { useState } from "react";
  4 | import type { FileSnapshot } from "../data/types";
> 5 | import { describeNewLines, newLineGroups } from "../lib/code";
    | ^^^^^^^^^^^^^^^^^^^^^^^^^^^^^^^^^^^^^^^^^^^^^^^^^^^^^^^^^^^^^^
  6 | import { NoCopyWrapper } from "./NoCopyWrapper";
  7 |
  8 | export function FileCodePanel({ file }: { file: FileSnapshot }) {

The export newLineGroups was not found in module [project]/app/hand-tracking/lib/code.ts [app-client] (ecmascript).
Did you mean to import newLineGroupsWithContext?
All exports of the module are statically known (It doesn't have dynamic exports). So it's known statically that the requested export doesn't exist.

Import trace:
  Server Component:
    ./app/hand-tracking/components/FileCodePanel.tsx
    ./app/hand-tracking/components/StepDetail.tsx
    ./app/hand-tracking/[stepId]/page.tsx @ http://localhost:3000/_next/static/chunks/node_modules_next_dist_1e8vcs8._.js:1052
[  553308ms] [ERROR] ./app/hand-tracking/components/FileCodePanel.tsx:5:1
Error: Export newLineGroups doesn't exist in target module
  3 | import { useState } from "react";
  4 | import type { FileSnapshot } from "../data/types";
> 5 | import { describeNewLines, newLineGroups } from "../lib/code";
    | ^^^^^^^^^^^^^^^^^^^^^^^^^^^^^^^^^^^^^^^^^^^^^^^^^^^^^^^^^^^^^^
  6 | import { NoCopyWrapper } from "./NoCopyWrapper";
  7 |
  8 | export function FileCodePanel({ file }: { file: FileSnapshot }) {

The export newLineGroups was not found in module [project]/app/hand-tracking/lib/code.ts [app-ssr] (ecmascript).
Did you mean to import newLineGroupsWithContext?
All exports of the module are statically known (It doesn't have dynamic exports). So it's known statically that the requested export doesn't exist.

Import trace:
  Server Component:
    ./app/hand-tracking/components/FileCodePanel.tsx
    ./app/hand-tracking/components/StepDetail.tsx
    ./app/hand-tracking/[stepId]/page.tsx @ http://localhost:3000/_next/static/chunks/node_modules_next_dist_1e8vcs8._.js:1052
[  553387ms] [ERROR] ./app/hand-tracking/components/FileCodePanel.tsx:5:1
Error: Export newLineGroups doesn't exist in target module
  3 | import { useState } from "react";
  4 | import type { FileSnapshot } from "../data/types";
> 5 | import { describeNewLines, newLineGroups } from "../lib/code";
    | ^^^^^^^^^^^^^^^^^^^^^^^^^^^^^^^^^^^^^^^^^^^^^^^^^^^^^^^^^^^^^^
  6 | import { NoCopyWrapper } from "./NoCopyWrapper";
  7 |
  8 | export function FileCodePanel({ file }: { file: FileSnapshot }) {

The export newLineGroups was not found in module [project]/app/hand-tracking/lib/code.ts [app-client] (ecmascript).
Did you mean to import newLineGroupsWithContext?
All exports of the module are statically known (It doesn't have dynamic exports). So it's known statically that the requested export doesn't exist.

Import trace:
  Server Component:
    ./app/hand-tracking/components/FileCodePanel.tsx
    ./app/hand-tracking/components/StepDetail.tsx
    ./app/hand-tracking/[stepId]/page.tsx @ http://localhost:3000/_next/static/chunks/node_modules_next_dist_1e8vcs8._.js:1052
[  553388ms] [ERROR] ./app/hand-tracking/components/FileCodePanel.tsx:5:1
Error: Export newLineGroups doesn't exist in target module
  3 | import { useState } from "react";
  4 | import type { FileSnapshot } from "../data/types";
> 5 | import { describeNewLines, newLineGroups } from "../lib/code";
    | ^^^^^^^^^^^^^^^^^^^^^^^^^^^^^^^^^^^^^^^^^^^^^^^^^^^^^^^^^^^^^^
  6 | import { NoCopyWrapper } from "./NoCopyWrapper";
  7 |
  8 | export function FileCodePanel({ file }: { file: FileSnapshot }) {

The export newLineGroups was not found in module [project]/app/hand-tracking/lib/code.ts [app-ssr] (ecmascript).
Did you mean to import newLineGroupsWithContext?
All exports of the module are statically known (It doesn't have dynamic exports). So it's known statically that the requested export doesn't exist.

Import trace:
  Server Component:
    ./app/hand-tracking/components/FileCodePanel.tsx
    ./app/hand-tracking/components/StepDetail.tsx
    ./app/hand-tracking/[stepId]/page.tsx @ http://localhost:3000/_next/static/chunks/node_modules_next_dist_1e8vcs8._.js:1052
[  553447ms] [ERROR] ./app/hand-tracking/components/FileCodePanel.tsx:5:1
Error: Export newLineGroups doesn't exist in target module
  3 | import { useState } from "react";
  4 | import type { FileSnapshot } from "../data/types";
> 5 | import { describeNewLines, newLineGroups } from "../lib/code";
    | ^^^^^^^^^^^^^^^^^^^^^^^^^^^^^^^^^^^^^^^^^^^^^^^^^^^^^^^^^^^^^^
  6 | import { NoCopyWrapper } from "./NoCopyWrapper";
  7 |
  8 | export function FileCodePanel({ file }: { file: FileSnapshot }) {

The export newLineGroups was not found in module [project]/app/hand-tracking/lib/code.ts [app-client] (ecmascript).
Did you mean to import newLineGroupsWithContext?
All exports of the module are statically known (It doesn't have dynamic exports). So it's known statically that the requested export doesn't exist.

Import trace:
  Server Component:
    ./app/hand-tracking/components/FileCodePanel.tsx
    ./app/hand-tracking/components/StepDetail.tsx
    ./app/hand-tracking/[stepId]/page.tsx @ http://localhost:3000/_next/static/chunks/node_modules_next_dist_1e8vcs8._.js:1052
[  553447ms] [ERROR] ./app/hand-tracking/components/FileCodePanel.tsx:5:1
Error: Export newLineGroups doesn't exist in target module
  3 | import { useState } from "react";
  4 | import type { FileSnapshot } from "../data/types";
> 5 | import { describeNewLines, newLineGroups } from "../lib/code";
    | ^^^^^^^^^^^^^^^^^^^^^^^^^^^^^^^^^^^^^^^^^^^^^^^^^^^^^^^^^^^^^^
  6 | import { NoCopyWrapper } from "./NoCopyWrapper";
  7 |
  8 | export function FileCodePanel({ file }: { file: FileSnapshot }) {

The export newLineGroups was not found in module [project]/app/hand-tracking/lib/code.ts [app-ssr] (ecmascript).
Did you mean to import newLineGroupsWithContext?
All exports of the module are statically known (It doesn't have dynamic exports). So it's known statically that the requested export doesn't exist.

Import trace:
  Server Component:
    ./app/hand-tracking/components/FileCodePanel.tsx
    ./app/hand-tracking/components/StepDetail.tsx
    ./app/hand-tracking/[stepId]/page.tsx @ http://localhost:3000/_next/static/chunks/node_modules_next_dist_1e8vcs8._.js:1052
[  553510ms] [ERROR] ./app/hand-tracking/components/FileCodePanel.tsx:5:1
Error: Export newLineGroups doesn't exist in target module
  3 | import { useState } from "react";
  4 | import type { FileSnapshot } from "../data/types";
> 5 | import { describeNewLines, newLineGroups } from "../lib/code";
    | ^^^^^^^^^^^^^^^^^^^^^^^^^^^^^^^^^^^^^^^^^^^^^^^^^^^^^^^^^^^^^^
  6 | import { NoCopyWrapper } from "./NoCopyWrapper";
  7 |
  8 | export function FileCodePanel({ file }: { file: FileSnapshot }) {

The export newLineGroups was not found in module [project]/app/hand-tracking/lib/code.ts [app-client] (ecmascript).
Did you mean to import newLineGroupsWithContext?
All exports of the module are statically known (It doesn't have dynamic exports). So it's known statically that the requested export doesn't exist.

Import trace:
  Server Component:
    ./app/hand-tracking/components/FileCodePanel.tsx
    ./app/hand-tracking/components/StepDetail.tsx
    ./app/hand-tracking/[stepId]/page.tsx @ http://localhost:3000/_next/static/chunks/node_modules_next_dist_1e8vcs8._.js:1052
[  553510ms] [ERROR] ./app/hand-tracking/components/FileCodePanel.tsx:5:1
Error: Export newLineGroups doesn't exist in target module
  3 | import { useState } from "react";
  4 | import type { FileSnapshot } from "../data/types";
> 5 | import { describeNewLines, newLineGroups } from "../lib/code";
    | ^^^^^^^^^^^^^^^^^^^^^^^^^^^^^^^^^^^^^^^^^^^^^^^^^^^^^^^^^^^^^^
  6 | import { NoCopyWrapper } from "./NoCopyWrapper";
  7 |
  8 | export function FileCodePanel({ file }: { file: FileSnapshot }) {

The export newLineGroups was not found in module [project]/app/hand-tracking/lib/code.ts [app-ssr] (ecmascript).
Did you mean to import newLineGroupsWithContext?
All exports of the module are statically known (It doesn't have dynamic exports). So it's known statically that the requested export doesn't exist.

Import trace:
  Server Component:
    ./app/hand-tracking/components/FileCodePanel.tsx
    ./app/hand-tracking/components/StepDetail.tsx
    ./app/hand-tracking/[stepId]/page.tsx @ http://localhost:3000/_next/static/chunks/node_modules_next_dist_1e8vcs8._.js:1052
[  553572ms] [ERROR] ./app/hand-tracking/components/FileCodePanel.tsx:5:1
Error: Export newLineGroups doesn't exist in target module
  3 | import { useState } from "react";
  4 | import type { FileSnapshot } from "../data/types";
> 5 | import { describeNewLines, newLineGroups } from "../lib/code";
    | ^^^^^^^^^^^^^^^^^^^^^^^^^^^^^^^^^^^^^^^^^^^^^^^^^^^^^^^^^^^^^^
  6 | import { NoCopyWrapper } from "./NoCopyWrapper";
  7 |
  8 | export function FileCodePanel({ file }: { file: FileSnapshot }) {

The export newLineGroups was not found in module [project]/app/hand-tracking/lib/code.ts [app-client] (ecmascript).
Did you mean to import newLineGroupsWithContext?
All exports of the module are statically known (It doesn't have dynamic exports). So it's known statically that the requested export doesn't exist.

Import trace:
  Server Component:
    ./app/hand-tracking/components/FileCodePanel.tsx
    ./app/hand-tracking/components/StepDetail.tsx
    ./app/hand-tracking/[stepId]/page.tsx @ http://localhost:3000/_next/static/chunks/node_modules_next_dist_1e8vcs8._.js:1052
[  553573ms] [ERROR] ./app/hand-tracking/components/FileCodePanel.tsx:5:1
Error: Export newLineGroups doesn't exist in target module
  3 | import { useState } from "react";
  4 | import type { FileSnapshot } from "../data/types";
> 5 | import { describeNewLines, newLineGroups } from "../lib/code";
    | ^^^^^^^^^^^^^^^^^^^^^^^^^^^^^^^^^^^^^^^^^^^^^^^^^^^^^^^^^^^^^^
  6 | import { NoCopyWrapper } from "./NoCopyWrapper";
  7 |
  8 | export function FileCodePanel({ file }: { file: FileSnapshot }) {

The export newLineGroups was not found in module [project]/app/hand-tracking/lib/code.ts [app-ssr] (ecmascript).
Did you mean to import newLineGroupsWithContext?
All exports of the module are statically known (It doesn't have dynamic exports). So it's known statically that the requested export doesn't exist.

Import trace:
  Server Component:
    ./app/hand-tracking/components/FileCodePanel.tsx
    ./app/hand-tracking/components/StepDetail.tsx
    ./app/hand-tracking/[stepId]/page.tsx @ http://localhost:3000/_next/static/chunks/node_modules_next_dist_1e8vcs8._.js:1052
[  553636ms] [ERROR] ./app/hand-tracking/components/FileCodePanel.tsx:5:1
Error: Export newLineGroups doesn't exist in target module
  3 | import { useState } from "react";
  4 | import type { FileSnapshot } from "../data/types";
> 5 | import { describeNewLines, newLineGroups } from "../lib/code";
    | ^^^^^^^^^^^^^^^^^^^^^^^^^^^^^^^^^^^^^^^^^^^^^^^^^^^^^^^^^^^^^^
  6 | import { NoCopyWrapper } from "./NoCopyWrapper";
  7 |
  8 | export function FileCodePanel({ file }: { file: FileSnapshot }) {

The export newLineGroups was not found in module [project]/app/hand-tracking/lib/code.ts [app-client] (ecmascript).
Did you mean to import newLineGroupsWithContext?
All exports of the module are statically known (It doesn't have dynamic exports). So it's known statically that the requested export doesn't exist.

Import trace:
  Server Component:
    ./app/hand-tracking/components/FileCodePanel.tsx
    ./app/hand-tracking/components/StepDetail.tsx
    ./app/hand-tracking/[stepId]/page.tsx @ http://localhost:3000/_next/static/chunks/node_modules_next_dist_1e8vcs8._.js:1052
[  553637ms] [ERROR] ./app/hand-tracking/components/FileCodePanel.tsx:5:1
Error: Export newLineGroups doesn't exist in target module
  3 | import { useState } from "react";
  4 | import type { FileSnapshot } from "../data/types";
> 5 | import { describeNewLines, newLineGroups } from "../lib/code";
    | ^^^^^^^^^^^^^^^^^^^^^^^^^^^^^^^^^^^^^^^^^^^^^^^^^^^^^^^^^^^^^^
  6 | import { NoCopyWrapper } from "./NoCopyWrapper";
  7 |
  8 | export function FileCodePanel({ file }: { file: FileSnapshot }) {

The export newLineGroups was not found in module [project]/app/hand-tracking/lib/code.ts [app-ssr] (ecmascript).
Did you mean to import newLineGroupsWithContext?
All exports of the module are statically known (It doesn't have dynamic exports). So it's known statically that the requested export doesn't exist.

Import trace:
  Server Component:
    ./app/hand-tracking/components/FileCodePanel.tsx
    ./app/hand-tracking/components/StepDetail.tsx
    ./app/hand-tracking/[stepId]/page.tsx @ http://localhost:3000/_next/static/chunks/node_modules_next_dist_1e8vcs8._.js:1052
[  553698ms] [ERROR] ./app/hand-tracking/components/FileCodePanel.tsx:5:1
Error: Export newLineGroups doesn't exist in target module
  3 | import { useState } from "react";
  4 | import type { FileSnapshot } from "../data/types";
> 5 | import { describeNewLines, newLineGroups } from "../lib/code";
    | ^^^^^^^^^^^^^^^^^^^^^^^^^^^^^^^^^^^^^^^^^^^^^^^^^^^^^^^^^^^^^^
  6 | import { NoCopyWrapper } from "./NoCopyWrapper";
  7 |
  8 | export function FileCodePanel({ file }: { file: FileSnapshot }) {

The export newLineGroups was not found in module [project]/app/hand-tracking/lib/code.ts [app-client] (ecmascript).
Did you mean to import newLineGroupsWithContext?
All exports of the module are statically known (It doesn't have dynamic exports). So it's known statically that the requested export doesn't exist.

Import trace:
  Server Component:
    ./app/hand-tracking/components/FileCodePanel.tsx
    ./app/hand-tracking/components/StepDetail.tsx
    ./app/hand-tracking/[stepId]/page.tsx @ http://localhost:3000/_next/static/chunks/node_modules_next_dist_1e8vcs8._.js:1052
[  553699ms] [ERROR] ./app/hand-tracking/components/FileCodePanel.tsx:5:1
Error: Export newLineGroups doesn't exist in target module
  3 | import { useState } from "react";
  4 | import type { FileSnapshot } from "../data/types";
> 5 | import { describeNewLines, newLineGroups } from "../lib/code";
    | ^^^^^^^^^^^^^^^^^^^^^^^^^^^^^^^^^^^^^^^^^^^^^^^^^^^^^^^^^^^^^^
  6 | import { NoCopyWrapper } from "./NoCopyWrapper";
  7 |
  8 | export function FileCodePanel({ file }: { file: FileSnapshot }) {

The export newLineGroups was not found in module [project]/app/hand-tracking/lib/code.ts [app-ssr] (ecmascript).
Did you mean to import newLineGroupsWithContext?
All exports of the module are statically known (It doesn't have dynamic exports). So it's known statically that the requested export doesn't exist.

Import trace:
  Server Component:
    ./app/hand-tracking/components/FileCodePanel.tsx
    ./app/hand-tracking/components/StepDetail.tsx
    ./app/hand-tracking/[stepId]/page.tsx @ http://localhost:3000/_next/static/chunks/node_modules_next_dist_1e8vcs8._.js:1052
[  553761ms] [ERROR] ./app/hand-tracking/components/FileCodePanel.tsx:5:1
Error: Export newLineGroups doesn't exist in target module
  3 | import { useState } from "react";
  4 | import type { FileSnapshot } from "../data/types";
> 5 | import { describeNewLines, newLineGroups } from "../lib/code";
    | ^^^^^^^^^^^^^^^^^^^^^^^^^^^^^^^^^^^^^^^^^^^^^^^^^^^^^^^^^^^^^^
  6 | import { NoCopyWrapper } from "./NoCopyWrapper";
  7 |
  8 | export function FileCodePanel({ file }: { file: FileSnapshot }) {

The export newLineGroups was not found in module [project]/app/hand-tracking/lib/code.ts [app-client] (ecmascript).
Did you mean to import newLineGroupsWithContext?
All exports of the module are statically known (It doesn't have dynamic exports). So it's known statically that the requested export doesn't exist.

Import trace:
  Server Component:
    ./app/hand-tracking/components/FileCodePanel.tsx
    ./app/hand-tracking/components/StepDetail.tsx
    ./app/hand-tracking/[stepId]/page.tsx @ http://localhost:3000/_next/static/chunks/node_modules_next_dist_1e8vcs8._.js:1052
[  553761ms] [ERROR] ./app/hand-tracking/components/FileCodePanel.tsx:5:1
Error: Export newLineGroups doesn't exist in target module
  3 | import { useState } from "react";
  4 | import type { FileSnapshot } from "../data/types";
> 5 | import { describeNewLines, newLineGroups } from "../lib/code";
    | ^^^^^^^^^^^^^^^^^^^^^^^^^^^^^^^^^^^^^^^^^^^^^^^^^^^^^^^^^^^^^^
  6 | import { NoCopyWrapper } from "./NoCopyWrapper";
  7 |
  8 | export function FileCodePanel({ file }: { file: FileSnapshot }) {

The export newLineGroups was not found in module [project]/app/hand-tracking/lib/code.ts [app-ssr] (ecmascript).
Did you mean to import newLineGroupsWithContext?
All exports of the module are statically known (It doesn't have dynamic exports). So it's known statically that the requested export doesn't exist.

Import trace:
  Server Component:
    ./app/hand-tracking/components/FileCodePanel.tsx
    ./app/hand-tracking/components/StepDetail.tsx
    ./app/hand-tracking/[stepId]/page.tsx @ http://localhost:3000/_next/static/chunks/node_modules_next_dist_1e8vcs8._.js:1052
[  553823ms] [ERROR] ./app/hand-tracking/components/FileCodePanel.tsx:5:1
Error: Export newLineGroups doesn't exist in target module
  3 | import { useState } from "react";
  4 | import type { FileSnapshot } from "../data/types";
> 5 | import { describeNewLines, newLineGroups } from "../lib/code";
    | ^^^^^^^^^^^^^^^^^^^^^^^^^^^^^^^^^^^^^^^^^^^^^^^^^^^^^^^^^^^^^^
  6 | import { NoCopyWrapper } from "./NoCopyWrapper";
  7 |
  8 | export function FileCodePanel({ file }: { file: FileSnapshot }) {

The export newLineGroups was not found in module [project]/app/hand-tracking/lib/code.ts [app-client] (ecmascript).
Did you mean to import newLineGroupsWithContext?
All exports of the module are statically known (It doesn't have dynamic exports). So it's known statically that the requested export doesn't exist.

Import trace:
  Server Component:
    ./app/hand-tracking/components/FileCodePanel.tsx
    ./app/hand-tracking/components/StepDetail.tsx
    ./app/hand-tracking/[stepId]/page.tsx @ http://localhost:3000/_next/static/chunks/node_modules_next_dist_1e8vcs8._.js:1052
[  553823ms] [ERROR] ./app/hand-tracking/components/FileCodePanel.tsx:5:1
Error: Export newLineGroups doesn't exist in target module
  3 | import { useState } from "react";
  4 | import type { FileSnapshot } from "../data/types";
> 5 | import { describeNewLines, newLineGroups } from "../lib/code";
    | ^^^^^^^^^^^^^^^^^^^^^^^^^^^^^^^^^^^^^^^^^^^^^^^^^^^^^^^^^^^^^^
  6 | import { NoCopyWrapper } from "./NoCopyWrapper";
  7 |
  8 | export function FileCodePanel({ file }: { file: FileSnapshot }) {

The export newLineGroups was not found in module [project]/app/hand-tracking/lib/code.ts [app-ssr] (ecmascript).
Did you mean to import newLineGroupsWithContext?
All exports of the module are statically known (It doesn't have dynamic exports). So it's known statically that the requested export doesn't exist.

Import trace:
  Server Component:
    ./app/hand-tracking/components/FileCodePanel.tsx
    ./app/hand-tracking/components/StepDetail.tsx
    ./app/hand-tracking/[stepId]/page.tsx @ http://localhost:3000/_next/static/chunks/node_modules_next_dist_1e8vcs8._.js:1052
[  553886ms] [ERROR] ./app/hand-tracking/components/FileCodePanel.tsx:5:1
Error: Export newLineGroups doesn't exist in target module
  3 | import { useState } from "react";
  4 | import type { FileSnapshot } from "../data/types";
> 5 | import { describeNewLines, newLineGroups } from "../lib/code";
    | ^^^^^^^^^^^^^^^^^^^^^^^^^^^^^^^^^^^^^^^^^^^^^^^^^^^^^^^^^^^^^^
  6 | import { NoCopyWrapper } from "./NoCopyWrapper";
  7 |
  8 | export function FileCodePanel({ file }: { file: FileSnapshot }) {

The export newLineGroups was not found in module [project]/app/hand-tracking/lib/code.ts [app-client] (ecmascript).
Did you mean to import newLineGroupsWithContext?
All exports of the module are statically known (It doesn't have dynamic exports). So it's known statically that the requested export doesn't exist.

Import trace:
  Server Component:
    ./app/hand-tracking/components/FileCodePanel.tsx
    ./app/hand-tracking/components/StepDetail.tsx
    ./app/hand-tracking/[stepId]/page.tsx @ http://localhost:3000/_next/static/chunks/node_modules_next_dist_1e8vcs8._.js:1052
[  553886ms] [ERROR] ./app/hand-tracking/components/FileCodePanel.tsx:5:1
Error: Export newLineGroups doesn't exist in target module
  3 | import { useState } from "react";
  4 | import type { FileSnapshot } from "../data/types";
> 5 | import { describeNewLines, newLineGroups } from "../lib/code";
    | ^^^^^^^^^^^^^^^^^^^^^^^^^^^^^^^^^^^^^^^^^^^^^^^^^^^^^^^^^^^^^^
  6 | import { NoCopyWrapper } from "./NoCopyWrapper";
  7 |
  8 | export function FileCodePanel({ file }: { file: FileSnapshot }) {

The export newLineGroups was not found in module [project]/app/hand-tracking/lib/code.ts [app-ssr] (ecmascript).
Did you mean to import newLineGroupsWithContext?
All exports of the module are statically known (It doesn't have dynamic exports). So it's known statically that the requested export doesn't exist.

Import trace:
  Server Component:
    ./app/hand-tracking/components/FileCodePanel.tsx
    ./app/hand-tracking/components/StepDetail.tsx
    ./app/hand-tracking/[stepId]/page.tsx @ http://localhost:3000/_next/static/chunks/node_modules_next_dist_1e8vcs8._.js:1052
[  553947ms] [ERROR] ./app/hand-tracking/components/FileCodePanel.tsx:5:1
Error: Export newLineGroups doesn't exist in target module
  3 | import { useState } from "react";
  4 | import type { FileSnapshot } from "../data/types";
> 5 | import { describeNewLines, newLineGroups } from "../lib/code";
    | ^^^^^^^^^^^^^^^^^^^^^^^^^^^^^^^^^^^^^^^^^^^^^^^^^^^^^^^^^^^^^^
  6 | import { NoCopyWrapper } from "./NoCopyWrapper";
  7 |
  8 | export function FileCodePanel({ file }: { file: FileSnapshot }) {

The export newLineGroups was not found in module [project]/app/hand-tracking/lib/code.ts [app-client] (ecmascript).
Did you mean to import newLineGroupsWithContext?
All exports of the module are statically known (It doesn't have dynamic exports). So it's known statically that the requested export doesn't exist.

Import trace:
  Server Component:
    ./app/hand-tracking/components/FileCodePanel.tsx
    ./app/hand-tracking/components/StepDetail.tsx
    ./app/hand-tracking/[stepId]/page.tsx @ http://localhost:3000/_next/static/chunks/node_modules_next_dist_1e8vcs8._.js:1052
[  553948ms] [ERROR] ./app/hand-tracking/components/FileCodePanel.tsx:5:1
Error: Export newLineGroups doesn't exist in target module
  3 | import { useState } from "react";
  4 | import type { FileSnapshot } from "../data/types";
> 5 | import { describeNewLines, newLineGroups } from "../lib/code";
    | ^^^^^^^^^^^^^^^^^^^^^^^^^^^^^^^^^^^^^^^^^^^^^^^^^^^^^^^^^^^^^^
  6 | import { NoCopyWrapper } from "./NoCopyWrapper";
  7 |
  8 | export function FileCodePanel({ file }: { file: FileSnapshot }) {

The export newLineGroups was not found in module [project]/app/hand-tracking/lib/code.ts [app-ssr] (ecmascript).
Did you mean to import newLineGroupsWithContext?
All exports of the module are statically known (It doesn't have dynamic exports). So it's known statically that the requested export doesn't exist.

Import trace:
  Server Component:
    ./app/hand-tracking/components/FileCodePanel.tsx
    ./app/hand-tracking/components/StepDetail.tsx
    ./app/hand-tracking/[stepId]/page.tsx @ http://localhost:3000/_next/static/chunks/node_modules_next_dist_1e8vcs8._.js:1052
[  554009ms] [ERROR] ./app/hand-tracking/components/FileCodePanel.tsx:5:1
Error: Export newLineGroups doesn't exist in target module
  3 | import { useState } from "react";
  4 | import type { FileSnapshot } from "../data/types";
> 5 | import { describeNewLines, newLineGroups } from "../lib/code";
    | ^^^^^^^^^^^^^^^^^^^^^^^^^^^^^^^^^^^^^^^^^^^^^^^^^^^^^^^^^^^^^^
  6 | import { NoCopyWrapper } from "./NoCopyWrapper";
  7 |
  8 | export function FileCodePanel({ file }: { file: FileSnapshot }) {

The export newLineGroups was not found in module [project]/app/hand-tracking/lib/code.ts [app-client] (ecmascript).
Did you mean to import newLineGroupsWithContext?
All exports of the module are statically known (It doesn't have dynamic exports). So it's known statically that the requested export doesn't exist.

Import trace:
  Server Component:
    ./app/hand-tracking/components/FileCodePanel.tsx
    ./app/hand-tracking/components/StepDetail.tsx
    ./app/hand-tracking/[stepId]/page.tsx @ http://localhost:3000/_next/static/chunks/node_modules_next_dist_1e8vcs8._.js:1052
[  554009ms] [ERROR] ./app/hand-tracking/components/FileCodePanel.tsx:5:1
Error: Export newLineGroups doesn't exist in target module
  3 | import { useState } from "react";
  4 | import type { FileSnapshot } from "../data/types";
> 5 | import { describeNewLines, newLineGroups } from "../lib/code";
    | ^^^^^^^^^^^^^^^^^^^^^^^^^^^^^^^^^^^^^^^^^^^^^^^^^^^^^^^^^^^^^^
  6 | import { NoCopyWrapper } from "./NoCopyWrapper";
  7 |
  8 | export function FileCodePanel({ file }: { file: FileSnapshot }) {

The export newLineGroups was not found in module [project]/app/hand-tracking/lib/code.ts [app-ssr] (ecmascript).
Did you mean to import newLineGroupsWithContext?
All exports of the module are statically known (It doesn't have dynamic exports). So it's known statically that the requested export doesn't exist.

Import trace:
  Server Component:
    ./app/hand-tracking/components/FileCodePanel.tsx
    ./app/hand-tracking/components/StepDetail.tsx
    ./app/hand-tracking/[stepId]/page.tsx @ http://localhost:3000/_next/static/chunks/node_modules_next_dist_1e8vcs8._.js:1052
[  554071ms] [ERROR] ./app/hand-tracking/components/FileCodePanel.tsx:5:1
Error: Export newLineGroups doesn't exist in target module
  3 | import { useState } from "react";
  4 | import type { FileSnapshot } from "../data/types";
> 5 | import { describeNewLines, newLineGroups } from "../lib/code";
    | ^^^^^^^^^^^^^^^^^^^^^^^^^^^^^^^^^^^^^^^^^^^^^^^^^^^^^^^^^^^^^^
  6 | import { NoCopyWrapper } from "./NoCopyWrapper";
  7 |
  8 | export function FileCodePanel({ file }: { file: FileSnapshot }) {

The export newLineGroups was not found in module [project]/app/hand-tracking/lib/code.ts [app-client] (ecmascript).
Did you mean to import newLineGroupsWithContext?
All exports of the module are statically known (It doesn't have dynamic exports). So it's known statically that the requested export doesn't exist.

Import trace:
  Server Component:
    ./app/hand-tracking/components/FileCodePanel.tsx
    ./app/hand-tracking/components/StepDetail.tsx
    ./app/hand-tracking/[stepId]/page.tsx @ http://localhost:3000/_next/static/chunks/node_modules_next_dist_1e8vcs8._.js:1052
[  554071ms] [ERROR] ./app/hand-tracking/components/FileCodePanel.tsx:5:1
Error: Export newLineGroups doesn't exist in target module
  3 | import { useState } from "react";
  4 | import type { FileSnapshot } from "../data/types";
> 5 | import { describeNewLines, newLineGroups } from "../lib/code";
    | ^^^^^^^^^^^^^^^^^^^^^^^^^^^^^^^^^^^^^^^^^^^^^^^^^^^^^^^^^^^^^^
  6 | import { NoCopyWrapper } from "./NoCopyWrapper";
  7 |
  8 | export function FileCodePanel({ file }: { file: FileSnapshot }) {

The export newLineGroups was not found in module [project]/app/hand-tracking/lib/code.ts [app-ssr] (ecmascript).
Did you mean to import newLineGroupsWithContext?
All exports of the module are statically known (It doesn't have dynamic exports). So it's known statically that the requested export doesn't exist.

Import trace:
  Server Component:
    ./app/hand-tracking/components/FileCodePanel.tsx
    ./app/hand-tracking/components/StepDetail.tsx
    ./app/hand-tracking/[stepId]/page.tsx @ http://localhost:3000/_next/static/chunks/node_modules_next_dist_1e8vcs8._.js:1052
[  554135ms] [ERROR] ./app/hand-tracking/components/FileCodePanel.tsx:5:1
Error: Export newLineGroups doesn't exist in target module
  3 | import { useState } from "react";
  4 | import type { FileSnapshot } from "../data/types";
> 5 | import { describeNewLines, newLineGroups } from "../lib/code";
    | ^^^^^^^^^^^^^^^^^^^^^^^^^^^^^^^^^^^^^^^^^^^^^^^^^^^^^^^^^^^^^^
  6 | import { NoCopyWrapper } from "./NoCopyWrapper";
  7 |
  8 | export function FileCodePanel({ file }: { file: FileSnapshot }) {

The export newLineGroups was not found in module [project]/app/hand-tracking/lib/code.ts [app-client] (ecmascript).
Did you mean to import newLineGroupsWithContext?
All exports of the module are statically known (It doesn't have dynamic exports). So it's known statically that the requested export doesn't exist.

Import trace:
  Server Component:
    ./app/hand-tracking/components/FileCodePanel.tsx
    ./app/hand-tracking/components/StepDetail.tsx
    ./app/hand-tracking/[stepId]/page.tsx @ http://localhost:3000/_next/static/chunks/node_modules_next_dist_1e8vcs8._.js:1052
[  554136ms] [ERROR] ./app/hand-tracking/components/FileCodePanel.tsx:5:1
Error: Export newLineGroups doesn't exist in target module
  3 | import { useState } from "react";
  4 | import type { FileSnapshot } from "../data/types";
> 5 | import { describeNewLines, newLineGroups } from "../lib/code";
    | ^^^^^^^^^^^^^^^^^^^^^^^^^^^^^^^^^^^^^^^^^^^^^^^^^^^^^^^^^^^^^^
  6 | import { NoCopyWrapper } from "./NoCopyWrapper";
  7 |
  8 | export function FileCodePanel({ file }: { file: FileSnapshot }) {

The export newLineGroups was not found in module [project]/app/hand-tracking/lib/code.ts [app-ssr] (ecmascript).
Did you mean to import newLineGroupsWithContext?
All exports of the module are statically known (It doesn't have dynamic exports). So it's known statically that the requested export doesn't exist.

Import trace:
  Server Component:
    ./app/hand-tracking/components/FileCodePanel.tsx
    ./app/hand-tracking/components/StepDetail.tsx
    ./app/hand-tracking/[stepId]/page.tsx @ http://localhost:3000/_next/static/chunks/node_modules_next_dist_1e8vcs8._.js:1052
[  554197ms] [ERROR] ./app/hand-tracking/components/FileCodePanel.tsx:5:1
Error: Export newLineGroups doesn't exist in target module
  3 | import { useState } from "react";
  4 | import type { FileSnapshot } from "../data/types";
> 5 | import { describeNewLines, newLineGroups } from "../lib/code";
    | ^^^^^^^^^^^^^^^^^^^^^^^^^^^^^^^^^^^^^^^^^^^^^^^^^^^^^^^^^^^^^^
  6 | import { NoCopyWrapper } from "./NoCopyWrapper";
  7 |
  8 | export function FileCodePanel({ file }: { file: FileSnapshot }) {

The export newLineGroups was not found in module [project]/app/hand-tracking/lib/code.ts [app-client] (ecmascript).
Did you mean to import newLineGroupsWithContext?
All exports of the module are statically known (It doesn't have dynamic exports). So it's known statically that the requested export doesn't exist.

Import trace:
  Server Component:
    ./app/hand-tracking/components/FileCodePanel.tsx
    ./app/hand-tracking/components/StepDetail.tsx
    ./app/hand-tracking/[stepId]/page.tsx @ http://localhost:3000/_next/static/chunks/node_modules_next_dist_1e8vcs8._.js:1052
[  554197ms] [ERROR] ./app/hand-tracking/components/FileCodePanel.tsx:5:1
Error: Export newLineGroups doesn't exist in target module
  3 | import { useState } from "react";
  4 | import type { FileSnapshot } from "../data/types";
> 5 | import { describeNewLines, newLineGroups } from "../lib/code";
    | ^^^^^^^^^^^^^^^^^^^^^^^^^^^^^^^^^^^^^^^^^^^^^^^^^^^^^^^^^^^^^^
  6 | import { NoCopyWrapper } from "./NoCopyWrapper";
  7 |
  8 | export function FileCodePanel({ file }: { file: FileSnapshot }) {

The export newLineGroups was not found in module [project]/app/hand-tracking/lib/code.ts [app-ssr] (ecmascript).
Did you mean to import newLineGroupsWithContext?
All exports of the module are statically known (It doesn't have dynamic exports). So it's known statically that the requested export doesn't exist.

Import trace:
  Server Component:
    ./app/hand-tracking/components/FileCodePanel.tsx
    ./app/hand-tracking/components/StepDetail.tsx
    ./app/hand-tracking/[stepId]/page.tsx @ http://localhost:3000/_next/static/chunks/node_modules_next_dist_1e8vcs8._.js:1052
[  554259ms] [ERROR] ./app/hand-tracking/components/FileCodePanel.tsx:5:1
Error: Export newLineGroups doesn't exist in target module
  3 | import { useState } from "react";
  4 | import type { FileSnapshot } from "../data/types";
> 5 | import { describeNewLines, newLineGroups } from "../lib/code";
    | ^^^^^^^^^^^^^^^^^^^^^^^^^^^^^^^^^^^^^^^^^^^^^^^^^^^^^^^^^^^^^^
  6 | import { NoCopyWrapper } from "./NoCopyWrapper";
  7 |
  8 | export function FileCodePanel({ file }: { file: FileSnapshot }) {

The export newLineGroups was not found in module [project]/app/hand-tracking/lib/code.ts [app-client] (ecmascript).
Did you mean to import newLineGroupsWithContext?
All exports of the module are statically known (It doesn't have dynamic exports). So it's known statically that the requested export doesn't exist.

Import trace:
  Server Component:
    ./app/hand-tracking/components/FileCodePanel.tsx
    ./app/hand-tracking/components/StepDetail.tsx
    ./app/hand-tracking/[stepId]/page.tsx @ http://localhost:3000/_next/static/chunks/node_modules_next_dist_1e8vcs8._.js:1052
[  554259ms] [ERROR] ./app/hand-tracking/components/FileCodePanel.tsx:5:1
Error: Export newLineGroups doesn't exist in target module
  3 | import { useState } from "react";
  4 | import type { FileSnapshot } from "../data/types";
> 5 | import { describeNewLines, newLineGroups } from "../lib/code";
    | ^^^^^^^^^^^^^^^^^^^^^^^^^^^^^^^^^^^^^^^^^^^^^^^^^^^^^^^^^^^^^^
  6 | import { NoCopyWrapper } from "./NoCopyWrapper";
  7 |
  8 | export function FileCodePanel({ file }: { file: FileSnapshot }) {

The export newLineGroups was not found in module [project]/app/hand-tracking/lib/code.ts [app-ssr] (ecmascript).
Did you mean to import newLineGroupsWithContext?
All exports of the module are statically known (It doesn't have dynamic exports). So it's known statically that the requested export doesn't exist.

Import trace:
  Server Component:
    ./app/hand-tracking/components/FileCodePanel.tsx
    ./app/hand-tracking/components/StepDetail.tsx
    ./app/hand-tracking/[stepId]/page.tsx @ http://localhost:3000/_next/static/chunks/node_modules_next_dist_1e8vcs8._.js:1052
[  554321ms] [ERROR] ./app/hand-tracking/components/FileCodePanel.tsx:5:1
Error: Export newLineGroups doesn't exist in target module
  3 | import { useState } from "react";
  4 | import type { FileSnapshot } from "../data/types";
> 5 | import { describeNewLines, newLineGroups } from "../lib/code";
    | ^^^^^^^^^^^^^^^^^^^^^^^^^^^^^^^^^^^^^^^^^^^^^^^^^^^^^^^^^^^^^^
  6 | import { NoCopyWrapper } from "./NoCopyWrapper";
  7 |
  8 | export function FileCodePanel({ file }: { file: FileSnapshot }) {

The export newLineGroups was not found in module [project]/app/hand-tracking/lib/code.ts [app-client] (ecmascript).
Did you mean to import newLineGroupsWithContext?
All exports of the module are statically known (It doesn't have dynamic exports). So it's known statically that the requested export doesn't exist.

Import trace:
  Server Component:
    ./app/hand-tracking/components/FileCodePanel.tsx
    ./app/hand-tracking/components/StepDetail.tsx
    ./app/hand-tracking/[stepId]/page.tsx @ http://localhost:3000/_next/static/chunks/node_modules_next_dist_1e8vcs8._.js:1052
[  554322ms] [ERROR] ./app/hand-tracking/components/FileCodePanel.tsx:5:1
Error: Export newLineGroups doesn't exist in target module
  3 | import { useState } from "react";
  4 | import type { FileSnapshot } from "../data/types";
> 5 | import { describeNewLines, newLineGroups } from "../lib/code";
    | ^^^^^^^^^^^^^^^^^^^^^^^^^^^^^^^^^^^^^^^^^^^^^^^^^^^^^^^^^^^^^^
  6 | import { NoCopyWrapper } from "./NoCopyWrapper";
  7 |
  8 | export function FileCodePanel({ file }: { file: FileSnapshot }) {

The export newLineGroups was not found in module [project]/app/hand-tracking/lib/code.ts [app-ssr] (ecmascript).
Did you mean to import newLineGroupsWithContext?
All exports of the module are statically known (It doesn't have dynamic exports). So it's known statically that the requested export doesn't exist.

Import trace:
  Server Component:
    ./app/hand-tracking/components/FileCodePanel.tsx
    ./app/hand-tracking/components/StepDetail.tsx
    ./app/hand-tracking/[stepId]/page.tsx @ http://localhost:3000/_next/static/chunks/node_modules_next_dist_1e8vcs8._.js:1052
[  554385ms] [ERROR] ./app/hand-tracking/components/FileCodePanel.tsx:5:1
Error: Export newLineGroups doesn't exist in target module
  3 | import { useState } from "react";
  4 | import type { FileSnapshot } from "../data/types";
> 5 | import { describeNewLines, newLineGroups } from "../lib/code";
    | ^^^^^^^^^^^^^^^^^^^^^^^^^^^^^^^^^^^^^^^^^^^^^^^^^^^^^^^^^^^^^^
  6 | import { NoCopyWrapper } from "./NoCopyWrapper";
  7 |
  8 | export function FileCodePanel({ file }: { file: FileSnapshot }) {

The export newLineGroups was not found in module [project]/app/hand-tracking/lib/code.ts [app-client] (ecmascript).
Did you mean to import newLineGroupsWithContext?
All exports of the module are statically known (It doesn't have dynamic exports). So it's known statically that the requested export doesn't exist.

Import trace:
  Server Component:
    ./app/hand-tracking/components/FileCodePanel.tsx
    ./app/hand-tracking/components/StepDetail.tsx
    ./app/hand-tracking/[stepId]/page.tsx @ http://localhost:3000/_next/static/chunks/node_modules_next_dist_1e8vcs8._.js:1052
[  554386ms] [ERROR] ./app/hand-tracking/components/FileCodePanel.tsx:5:1
Error: Export newLineGroups doesn't exist in target module
  3 | import { useState } from "react";
  4 | import type { FileSnapshot } from "../data/types";
> 5 | import { describeNewLines, newLineGroups } from "../lib/code";
    | ^^^^^^^^^^^^^^^^^^^^^^^^^^^^^^^^^^^^^^^^^^^^^^^^^^^^^^^^^^^^^^
  6 | import { NoCopyWrapper } from "./NoCopyWrapper";
  7 |
  8 | export function FileCodePanel({ file }: { file: FileSnapshot }) {

The export newLineGroups was not found in module [project]/app/hand-tracking/lib/code.ts [app-ssr] (ecmascript).
Did you mean to import newLineGroupsWithContext?
All exports of the module are statically known (It doesn't have dynamic exports). So it's known statically that the requested export doesn't exist.

Import trace:
  Server Component:
    ./app/hand-tracking/components/FileCodePanel.tsx
    ./app/hand-tracking/components/StepDetail.tsx
    ./app/hand-tracking/[stepId]/page.tsx @ http://localhost:3000/_next/static/chunks/node_modules_next_dist_1e8vcs8._.js:1052
[  554446ms] [ERROR] ./app/hand-tracking/components/FileCodePanel.tsx:5:1
Error: Export newLineGroups doesn't exist in target module
  3 | import { useState } from "react";
  4 | import type { FileSnapshot } from "../data/types";
> 5 | import { describeNewLines, newLineGroups } from "../lib/code";
    | ^^^^^^^^^^^^^^^^^^^^^^^^^^^^^^^^^^^^^^^^^^^^^^^^^^^^^^^^^^^^^^
  6 | import { NoCopyWrapper } from "./NoCopyWrapper";
  7 |
  8 | export function FileCodePanel({ file }: { file: FileSnapshot }) {

The export newLineGroups was not found in module [project]/app/hand-tracking/lib/code.ts [app-client] (ecmascript).
Did you mean to import newLineGroupsWithContext?
All exports of the module are statically known (It doesn't have dynamic exports). So it's known statically that the requested export doesn't exist.

Import trace:
  Server Component:
    ./app/hand-tracking/components/FileCodePanel.tsx
    ./app/hand-tracking/components/StepDetail.tsx
    ./app/hand-tracking/[stepId]/page.tsx @ http://localhost:3000/_next/static/chunks/node_modules_next_dist_1e8vcs8._.js:1052
[  554447ms] [ERROR] ./app/hand-tracking/components/FileCodePanel.tsx:5:1
Error: Export newLineGroups doesn't exist in target module
  3 | import { useState } from "react";
  4 | import type { FileSnapshot } from "../data/types";
> 5 | import { describeNewLines, newLineGroups } from "../lib/code";
    | ^^^^^^^^^^^^^^^^^^^^^^^^^^^^^^^^^^^^^^^^^^^^^^^^^^^^^^^^^^^^^^
  6 | import { NoCopyWrapper } from "./NoCopyWrapper";
  7 |
  8 | export function FileCodePanel({ file }: { file: FileSnapshot }) {

The export newLineGroups was not found in module [project]/app/hand-tracking/lib/code.ts [app-ssr] (ecmascript).
Did you mean to import newLineGroupsWithContext?
All exports of the module are statically known (It doesn't have dynamic exports). So it's known statically that the requested export doesn't exist.

Import trace:
  Server Component:
    ./app/hand-tracking/components/FileCodePanel.tsx
    ./app/hand-tracking/components/StepDetail.tsx
    ./app/hand-tracking/[stepId]/page.tsx @ http://localhost:3000/_next/static/chunks/node_modules_next_dist_1e8vcs8._.js:1052
[  554509ms] [ERROR] ./app/hand-tracking/components/FileCodePanel.tsx:5:1
Error: Export newLineGroups doesn't exist in target module
  3 | import { useState } from "react";
  4 | import type { FileSnapshot } from "../data/types";
> 5 | import { describeNewLines, newLineGroups } from "../lib/code";
    | ^^^^^^^^^^^^^^^^^^^^^^^^^^^^^^^^^^^^^^^^^^^^^^^^^^^^^^^^^^^^^^
  6 | import { NoCopyWrapper } from "./NoCopyWrapper";
  7 |
  8 | export function FileCodePanel({ file }: { file: FileSnapshot }) {

The export newLineGroups was not found in module [project]/app/hand-tracking/lib/code.ts [app-client] (ecmascript).
Did you mean to import newLineGroupsWithContext?
All exports of the module are statically known (It doesn't have dynamic exports). So it's known statically that the requested export doesn't exist.

Import trace:
  Server Component:
    ./app/hand-tracking/components/FileCodePanel.tsx
    ./app/hand-tracking/components/StepDetail.tsx
    ./app/hand-tracking/[stepId]/page.tsx @ http://localhost:3000/_next/static/chunks/node_modules_next_dist_1e8vcs8._.js:1052
[  554510ms] [ERROR] ./app/hand-tracking/components/FileCodePanel.tsx:5:1
Error: Export newLineGroups doesn't exist in target module
  3 | import { useState } from "react";
  4 | import type { FileSnapshot } from "../data/types";
> 5 | import { describeNewLines, newLineGroups } from "../lib/code";
    | ^^^^^^^^^^^^^^^^^^^^^^^^^^^^^^^^^^^^^^^^^^^^^^^^^^^^^^^^^^^^^^
  6 | import { NoCopyWrapper } from "./NoCopyWrapper";
  7 |
  8 | export function FileCodePanel({ file }: { file: FileSnapshot }) {

The export newLineGroups was not found in module [project]/app/hand-tracking/lib/code.ts [app-ssr] (ecmascript).
Did you mean to import newLineGroupsWithContext?
All exports of the module are statically known (It doesn't have dynamic exports). So it's known statically that the requested export doesn't exist.

Import trace:
  Server Component:
    ./app/hand-tracking/components/FileCodePanel.tsx
    ./app/hand-tracking/components/StepDetail.tsx
    ./app/hand-tracking/[stepId]/page.tsx @ http://localhost:3000/_next/static/chunks/node_modules_next_dist_1e8vcs8._.js:1052
[  554570ms] [ERROR] ./app/hand-tracking/components/FileCodePanel.tsx:5:1
Error: Export newLineGroups doesn't exist in target module
  3 | import { useState } from "react";
  4 | import type { FileSnapshot } from "../data/types";
> 5 | import { describeNewLines, newLineGroups } from "../lib/code";
    | ^^^^^^^^^^^^^^^^^^^^^^^^^^^^^^^^^^^^^^^^^^^^^^^^^^^^^^^^^^^^^^
  6 | import { NoCopyWrapper } from "./NoCopyWrapper";
  7 |
  8 | export function FileCodePanel({ file }: { file: FileSnapshot }) {

The export newLineGroups was not found in module [project]/app/hand-tracking/lib/code.ts [app-client] (ecmascript).
Did you mean to import newLineGroupsWithContext?
All exports of the module are statically known (It doesn't have dynamic exports). So it's known statically that the requested export doesn't exist.

Import trace:
  Server Component:
    ./app/hand-tracking/components/FileCodePanel.tsx
    ./app/hand-tracking/components/StepDetail.tsx
    ./app/hand-tracking/[stepId]/page.tsx @ http://localhost:3000/_next/static/chunks/node_modules_next_dist_1e8vcs8._.js:1052
[  554570ms] [ERROR] ./app/hand-tracking/components/FileCodePanel.tsx:5:1
Error: Export newLineGroups doesn't exist in target module
  3 | import { useState } from "react";
  4 | import type { FileSnapshot } from "../data/types";
> 5 | import { describeNewLines, newLineGroups } from "../lib/code";
    | ^^^^^^^^^^^^^^^^^^^^^^^^^^^^^^^^^^^^^^^^^^^^^^^^^^^^^^^^^^^^^^
  6 | import { NoCopyWrapper } from "./NoCopyWrapper";
  7 |
  8 | export function FileCodePanel({ file }: { file: FileSnapshot }) {

The export newLineGroups was not found in module [project]/app/hand-tracking/lib/code.ts [app-ssr] (ecmascript).
Did you mean to import newLineGroupsWithContext?
All exports of the module are statically known (It doesn't have dynamic exports). So it's known statically that the requested export doesn't exist.

Import trace:
  Server Component:
    ./app/hand-tracking/components/FileCodePanel.tsx
    ./app/hand-tracking/components/StepDetail.tsx
    ./app/hand-tracking/[stepId]/page.tsx @ http://localhost:3000/_next/static/chunks/node_modules_next_dist_1e8vcs8._.js:1052
[  554635ms] [ERROR] ./app/hand-tracking/components/FileCodePanel.tsx:5:1
Error: Export newLineGroups doesn't exist in target module
  3 | import { useState } from "react";
  4 | import type { FileSnapshot } from "../data/types";
> 5 | import { describeNewLines, newLineGroups } from "../lib/code";
    | ^^^^^^^^^^^^^^^^^^^^^^^^^^^^^^^^^^^^^^^^^^^^^^^^^^^^^^^^^^^^^^
  6 | import { NoCopyWrapper } from "./NoCopyWrapper";
  7 |
  8 | export function FileCodePanel({ file }: { file: FileSnapshot }) {

The export newLineGroups was not found in module [project]/app/hand-tracking/lib/code.ts [app-client] (ecmascript).
Did you mean to import newLineGroupsWithContext?
All exports of the module are statically known (It doesn't have dynamic exports). So it's known statically that the requested export doesn't exist.

Import trace:
  Server Component:
    ./app/hand-tracking/components/FileCodePanel.tsx
    ./app/hand-tracking/components/StepDetail.tsx
    ./app/hand-tracking/[stepId]/page.tsx @ http://localhost:3000/_next/static/chunks/node_modules_next_dist_1e8vcs8._.js:1052
[  554636ms] [ERROR] ./app/hand-tracking/components/FileCodePanel.tsx:5:1
Error: Export newLineGroups doesn't exist in target module
  3 | import { useState } from "react";
  4 | import type { FileSnapshot } from "../data/types";
> 5 | import { describeNewLines, newLineGroups } from "../lib/code";
    | ^^^^^^^^^^^^^^^^^^^^^^^^^^^^^^^^^^^^^^^^^^^^^^^^^^^^^^^^^^^^^^
  6 | import { NoCopyWrapper } from "./NoCopyWrapper";
  7 |
  8 | export function FileCodePanel({ file }: { file: FileSnapshot }) {

The export newLineGroups was not found in module [project]/app/hand-tracking/lib/code.ts [app-ssr] (ecmascript).
Did you mean to import newLineGroupsWithContext?
All exports of the module are statically known (It doesn't have dynamic exports). So it's known statically that the requested export doesn't exist.

Import trace:
  Server Component:
    ./app/hand-tracking/components/FileCodePanel.tsx
    ./app/hand-tracking/components/StepDetail.tsx
    ./app/hand-tracking/[stepId]/page.tsx @ http://localhost:3000/_next/static/chunks/node_modules_next_dist_1e8vcs8._.js:1052
[  554695ms] [ERROR] ./app/hand-tracking/components/FileCodePanel.tsx:5:1
Error: Export newLineGroups doesn't exist in target module
  3 | import { useState } from "react";
  4 | import type { FileSnapshot } from "../data/types";
> 5 | import { describeNewLines, newLineGroups } from "../lib/code";
    | ^^^^^^^^^^^^^^^^^^^^^^^^^^^^^^^^^^^^^^^^^^^^^^^^^^^^^^^^^^^^^^
  6 | import { NoCopyWrapper } from "./NoCopyWrapper";
  7 |
  8 | export function FileCodePanel({ file }: { file: FileSnapshot }) {

The export newLineGroups was not found in module [project]/app/hand-tracking/lib/code.ts [app-client] (ecmascript).
Did you mean to import newLineGroupsWithContext?
All exports of the module are statically known (It doesn't have dynamic exports). So it's known statically that the requested export doesn't exist.

Import trace:
  Server Component:
    ./app/hand-tracking/components/FileCodePanel.tsx
    ./app/hand-tracking/components/StepDetail.tsx
    ./app/hand-tracking/[stepId]/page.tsx @ http://localhost:3000/_next/static/chunks/node_modules_next_dist_1e8vcs8._.js:1052
[  554696ms] [ERROR] ./app/hand-tracking/components/FileCodePanel.tsx:5:1
Error: Export newLineGroups doesn't exist in target module
  3 | import { useState } from "react";
  4 | import type { FileSnapshot } from "../data/types";
> 5 | import { describeNewLines, newLineGroups } from "../lib/code";
    | ^^^^^^^^^^^^^^^^^^^^^^^^^^^^^^^^^^^^^^^^^^^^^^^^^^^^^^^^^^^^^^
  6 | import { NoCopyWrapper } from "./NoCopyWrapper";
  7 |
  8 | export function FileCodePanel({ file }: { file: FileSnapshot }) {

The export newLineGroups was not found in module [project]/app/hand-tracking/lib/code.ts [app-ssr] (ecmascript).
Did you mean to import newLineGroupsWithContext?
All exports of the module are statically known (It doesn't have dynamic exports). So it's known statically that the requested export doesn't exist.

Import trace:
  Server Component:
    ./app/hand-tracking/components/FileCodePanel.tsx
    ./app/hand-tracking/components/StepDetail.tsx
    ./app/hand-tracking/[stepId]/page.tsx @ http://localhost:3000/_next/static/chunks/node_modules_next_dist_1e8vcs8._.js:1052
[  554756ms] [ERROR] ./app/hand-tracking/components/FileCodePanel.tsx:5:1
Error: Export newLineGroups doesn't exist in target module
  3 | import { useState } from "react";
  4 | import type { FileSnapshot } from "../data/types";
> 5 | import { describeNewLines, newLineGroups } from "../lib/code";
    | ^^^^^^^^^^^^^^^^^^^^^^^^^^^^^^^^^^^^^^^^^^^^^^^^^^^^^^^^^^^^^^
  6 | import { NoCopyWrapper } from "./NoCopyWrapper";
  7 |
  8 | export function FileCodePanel({ file }: { file: FileSnapshot }) {

The export newLineGroups was not found in module [project]/app/hand-tracking/lib/code.ts [app-client] (ecmascript).
Did you mean to import newLineGroupsWithContext?
All exports of the module are statically known (It doesn't have dynamic exports). So it's known statically that the requested export doesn't exist.

Import trace:
  Server Component:
    ./app/hand-tracking/components/FileCodePanel.tsx
    ./app/hand-tracking/components/StepDetail.tsx
    ./app/hand-tracking/[stepId]/page.tsx @ http://localhost:3000/_next/static/chunks/node_modules_next_dist_1e8vcs8._.js:1052
[  554756ms] [ERROR] ./app/hand-tracking/components/FileCodePanel.tsx:5:1
Error: Export newLineGroups doesn't exist in target module
  3 | import { useState } from "react";
  4 | import type { FileSnapshot } from "../data/types";
> 5 | import { describeNewLines, newLineGroups } from "../lib/code";
    | ^^^^^^^^^^^^^^^^^^^^^^^^^^^^^^^^^^^^^^^^^^^^^^^^^^^^^^^^^^^^^^
  6 | import { NoCopyWrapper } from "./NoCopyWrapper";
  7 |
  8 | export function FileCodePanel({ file }: { file: FileSnapshot }) {

The export newLineGroups was not found in module [project]/app/hand-tracking/lib/code.ts [app-ssr] (ecmascript).
Did you mean to import newLineGroupsWithContext?
All exports of the module are statically known (It doesn't have dynamic exports). So it's known statically that the requested export doesn't exist.

Import trace:
  Server Component:
    ./app/hand-tracking/components/FileCodePanel.tsx
    ./app/hand-tracking/components/StepDetail.tsx
    ./app/hand-tracking/[stepId]/page.tsx @ http://localhost:3000/_next/static/chunks/node_modules_next_dist_1e8vcs8._.js:1052
[  554828ms] [ERROR] ./app/hand-tracking/components/FileCodePanel.tsx:5:1
Error: Export newLineGroups doesn't exist in target module
  3 | import { useState } from "react";
  4 | import type { FileSnapshot } from "../data/types";
> 5 | import { describeNewLines, newLineGroups } from "../lib/code";
    | ^^^^^^^^^^^^^^^^^^^^^^^^^^^^^^^^^^^^^^^^^^^^^^^^^^^^^^^^^^^^^^
  6 | import { NoCopyWrapper } from "./NoCopyWrapper";
  7 |
  8 | export function FileCodePanel({ file }: { file: FileSnapshot }) {

The export newLineGroups was not found in module [project]/app/hand-tracking/lib/code.ts [app-client] (ecmascript).
Did you mean to import newLineGroupsWithContext?
All exports of the module are statically known (It doesn't have dynamic exports). So it's known statically that the requested export doesn't exist.

Import trace:
  Server Component:
    ./app/hand-tracking/components/FileCodePanel.tsx
    ./app/hand-tracking/components/StepDetail.tsx
    ./app/hand-tracking/[stepId]/page.tsx @ http://localhost:3000/_next/static/chunks/node_modules_next_dist_1e8vcs8._.js:1052
[  554829ms] [ERROR] ./app/hand-tracking/components/FileCodePanel.tsx:5:1
Error: Export newLineGroups doesn't exist in target module
  3 | import { useState } from "react";
  4 | import type { FileSnapshot } from "../data/types";
> 5 | import { describeNewLines, newLineGroups } from "../lib/code";
    | ^^^^^^^^^^^^^^^^^^^^^^^^^^^^^^^^^^^^^^^^^^^^^^^^^^^^^^^^^^^^^^
  6 | import { NoCopyWrapper } from "./NoCopyWrapper";
  7 |
  8 | export function FileCodePanel({ file }: { file: FileSnapshot }) {

The export newLineGroups was not found in module [project]/app/hand-tracking/lib/code.ts [app-ssr] (ecmascript).
Did you mean to import newLineGroupsWithContext?
All exports of the module are statically known (It doesn't have dynamic exports). So it's known statically that the requested export doesn't exist.

Import trace:
  Server Component:
    ./app/hand-tracking/components/FileCodePanel.tsx
    ./app/hand-tracking/components/StepDetail.tsx
    ./app/hand-tracking/[stepId]/page.tsx @ http://localhost:3000/_next/static/chunks/node_modules_next_dist_1e8vcs8._.js:1052
[  554911ms] [ERROR] ./app/hand-tracking/components/FileCodePanel.tsx:5:1
Error: Export newLineGroups doesn't exist in target module
  3 | import { useState } from "react";
  4 | import type { FileSnapshot } from "../data/types";
> 5 | import { describeNewLines, newLineGroups } from "../lib/code";
    | ^^^^^^^^^^^^^^^^^^^^^^^^^^^^^^^^^^^^^^^^^^^^^^^^^^^^^^^^^^^^^^
  6 | import { NoCopyWrapper } from "./NoCopyWrapper";
  7 |
  8 | export function FileCodePanel({ file }: { file: FileSnapshot }) {

The export newLineGroups was not found in module [project]/app/hand-tracking/lib/code.ts [app-client] (ecmascript).
Did you mean to import newLineGroupsWithContext?
All exports of the module are statically known (It doesn't have dynamic exports). So it's known statically that the requested export doesn't exist.

Import trace:
  Server Component:
    ./app/hand-tracking/components/FileCodePanel.tsx
    ./app/hand-tracking/components/StepDetail.tsx
    ./app/hand-tracking/[stepId]/page.tsx @ http://localhost:3000/_next/static/chunks/node_modules_next_dist_1e8vcs8._.js:1052
[  554912ms] [ERROR] ./app/hand-tracking/components/FileCodePanel.tsx:5:1
Error: Export newLineGroups doesn't exist in target module
  3 | import { useState } from "react";
  4 | import type { FileSnapshot } from "../data/types";
> 5 | import { describeNewLines, newLineGroups } from "../lib/code";
    | ^^^^^^^^^^^^^^^^^^^^^^^^^^^^^^^^^^^^^^^^^^^^^^^^^^^^^^^^^^^^^^
  6 | import { NoCopyWrapper } from "./NoCopyWrapper";
  7 |
  8 | export function FileCodePanel({ file }: { file: FileSnapshot }) {

The export newLineGroups was not found in module [project]/app/hand-tracking/lib/code.ts [app-ssr] (ecmascript).
Did you mean to import newLineGroupsWithContext?
All exports of the module are statically known (It doesn't have dynamic exports). So it's known statically that the requested export doesn't exist.

Import trace:
  Server Component:
    ./app/hand-tracking/components/FileCodePanel.tsx
    ./app/hand-tracking/components/StepDetail.tsx
    ./app/hand-tracking/[stepId]/page.tsx @ http://localhost:3000/_next/static/chunks/node_modules_next_dist_1e8vcs8._.js:1052
[  554988ms] [ERROR] ./app/hand-tracking/components/FileCodePanel.tsx:5:1
Error: Export newLineGroups doesn't exist in target module
  3 | import { useState } from "react";
  4 | import type { FileSnapshot } from "../data/types";
> 5 | import { describeNewLines, newLineGroups } from "../lib/code";
    | ^^^^^^^^^^^^^^^^^^^^^^^^^^^^^^^^^^^^^^^^^^^^^^^^^^^^^^^^^^^^^^
  6 | import { NoCopyWrapper } from "./NoCopyWrapper";
  7 |
  8 | export function FileCodePanel({ file }: { file: FileSnapshot }) {

The export newLineGroups was not found in module [project]/app/hand-tracking/lib/code.ts [app-client] (ecmascript).
Did you mean to import newLineGroupsWithContext?
All exports of the module are statically known (It doesn't have dynamic exports). So it's known statically that the requested export doesn't exist.

Import trace:
  Server Component:
    ./app/hand-tracking/components/FileCodePanel.tsx
    ./app/hand-tracking/components/StepDetail.tsx
    ./app/hand-tracking/[stepId]/page.tsx @ http://localhost:3000/_next/static/chunks/node_modules_next_dist_1e8vcs8._.js:1052
[  554989ms] [ERROR] ./app/hand-tracking/components/FileCodePanel.tsx:5:1
Error: Export newLineGroups doesn't exist in target module
  3 | import { useState } from "react";
  4 | import type { FileSnapshot } from "../data/types";
> 5 | import { describeNewLines, newLineGroups } from "../lib/code";
    | ^^^^^^^^^^^^^^^^^^^^^^^^^^^^^^^^^^^^^^^^^^^^^^^^^^^^^^^^^^^^^^
  6 | import { NoCopyWrapper } from "./NoCopyWrapper";
  7 |
  8 | export function FileCodePanel({ file }: { file: FileSnapshot }) {

The export newLineGroups was not found in module [project]/app/hand-tracking/lib/code.ts [app-ssr] (ecmascript).
Did you mean to import newLineGroupsWithContext?
All exports of the module are statically known (It doesn't have dynamic exports). So it's known statically that the requested export doesn't exist.

Import trace:
  Server Component:
    ./app/hand-tracking/components/FileCodePanel.tsx
    ./app/hand-tracking/components/StepDetail.tsx
    ./app/hand-tracking/[stepId]/page.tsx @ http://localhost:3000/_next/static/chunks/node_modules_next_dist_1e8vcs8._.js:1052
[  555052ms] [ERROR] ./app/hand-tracking/components/FileCodePanel.tsx:5:1
Error: Export newLineGroups doesn't exist in target module
  3 | import { useState } from "react";
  4 | import type { FileSnapshot } from "../data/types";
> 5 | import { describeNewLines, newLineGroups } from "../lib/code";
    | ^^^^^^^^^^^^^^^^^^^^^^^^^^^^^^^^^^^^^^^^^^^^^^^^^^^^^^^^^^^^^^
  6 | import { NoCopyWrapper } from "./NoCopyWrapper";
  7 |
  8 | export function FileCodePanel({ file }: { file: FileSnapshot }) {

The export newLineGroups was not found in module [project]/app/hand-tracking/lib/code.ts [app-client] (ecmascript).
Did you mean to import newLineGroupsWithContext?
All exports of the module are statically known (It doesn't have dynamic exports). So it's known statically that the requested export doesn't exist.

Import trace:
  Server Component:
    ./app/hand-tracking/components/FileCodePanel.tsx
    ./app/hand-tracking/components/StepDetail.tsx
    ./app/hand-tracking/[stepId]/page.tsx @ http://localhost:3000/_next/static/chunks/node_modules_next_dist_1e8vcs8._.js:1052
[  555053ms] [ERROR] ./app/hand-tracking/components/FileCodePanel.tsx:5:1
Error: Export newLineGroups doesn't exist in target module
  3 | import { useState } from "react";
  4 | import type { FileSnapshot } from "../data/types";
> 5 | import { describeNewLines, newLineGroups } from "../lib/code";
    | ^^^^^^^^^^^^^^^^^^^^^^^^^^^^^^^^^^^^^^^^^^^^^^^^^^^^^^^^^^^^^^
  6 | import { NoCopyWrapper } from "./NoCopyWrapper";
  7 |
  8 | export function FileCodePanel({ file }: { file: FileSnapshot }) {

The export newLineGroups was not found in module [project]/app/hand-tracking/lib/code.ts [app-ssr] (ecmascript).
Did you mean to import newLineGroupsWithContext?
All exports of the module are statically known (It doesn't have dynamic exports). So it's known statically that the requested export doesn't exist.

Import trace:
  Server Component:
    ./app/hand-tracking/components/FileCodePanel.tsx
    ./app/hand-tracking/components/StepDetail.tsx
    ./app/hand-tracking/[stepId]/page.tsx @ http://localhost:3000/_next/static/chunks/node_modules_next_dist_1e8vcs8._.js:1052
[  555112ms] [ERROR] ./app/hand-tracking/components/FileCodePanel.tsx:5:1
Error: Export newLineGroups doesn't exist in target module
  3 | import { useState } from "react";
  4 | import type { FileSnapshot } from "../data/types";
> 5 | import { describeNewLines, newLineGroups } from "../lib/code";
    | ^^^^^^^^^^^^^^^^^^^^^^^^^^^^^^^^^^^^^^^^^^^^^^^^^^^^^^^^^^^^^^
  6 | import { NoCopyWrapper } from "./NoCopyWrapper";
  7 |
  8 | export function FileCodePanel({ file }: { file: FileSnapshot }) {

The export newLineGroups was not found in module [project]/app/hand-tracking/lib/code.ts [app-client] (ecmascript).
Did you mean to import newLineGroupsWithContext?
All exports of the module are statically known (It doesn't have dynamic exports). So it's known statically that the requested export doesn't exist.

Import trace:
  Server Component:
    ./app/hand-tracking/components/FileCodePanel.tsx
    ./app/hand-tracking/components/StepDetail.tsx
    ./app/hand-tracking/[stepId]/page.tsx @ http://localhost:3000/_next/static/chunks/node_modules_next_dist_1e8vcs8._.js:1052
[  555113ms] [ERROR] ./app/hand-tracking/components/FileCodePanel.tsx:5:1
Error: Export newLineGroups doesn't exist in target module
  3 | import { useState } from "react";
  4 | import type { FileSnapshot } from "../data/types";
> 5 | import { describeNewLines, newLineGroups } from "../lib/code";
    | ^^^^^^^^^^^^^^^^^^^^^^^^^^^^^^^^^^^^^^^^^^^^^^^^^^^^^^^^^^^^^^
  6 | import { NoCopyWrapper } from "./NoCopyWrapper";
  7 |
  8 | export function FileCodePanel({ file }: { file: FileSnapshot }) {

The export newLineGroups was not found in module [project]/app/hand-tracking/lib/code.ts [app-ssr] (ecmascript).
Did you mean to import newLineGroupsWithContext?
All exports of the module are statically known (It doesn't have dynamic exports). So it's known statically that the requested export doesn't exist.

Import trace:
  Server Component:
    ./app/hand-tracking/components/FileCodePanel.tsx
    ./app/hand-tracking/components/StepDetail.tsx
    ./app/hand-tracking/[stepId]/page.tsx @ http://localhost:3000/_next/static/chunks/node_modules_next_dist_1e8vcs8._.js:1052
[  555174ms] [ERROR] ./app/hand-tracking/components/FileCodePanel.tsx:5:1
Error: Export newLineGroups doesn't exist in target module
  3 | import { useState } from "react";
  4 | import type { FileSnapshot } from "../data/types";
> 5 | import { describeNewLines, newLineGroups } from "../lib/code";
    | ^^^^^^^^^^^^^^^^^^^^^^^^^^^^^^^^^^^^^^^^^^^^^^^^^^^^^^^^^^^^^^
  6 | import { NoCopyWrapper } from "./NoCopyWrapper";
  7 |
  8 | export function FileCodePanel({ file }: { file: FileSnapshot }) {

The export newLineGroups was not found in module [project]/app/hand-tracking/lib/code.ts [app-client] (ecmascript).
Did you mean to import newLineGroupsWithContext?
All exports of the module are statically known (It doesn't have dynamic exports). So it's known statically that the requested export doesn't exist.

Import trace:
  Server Component:
    ./app/hand-tracking/components/FileCodePanel.tsx
    ./app/hand-tracking/components/StepDetail.tsx
    ./app/hand-tracking/[stepId]/page.tsx @ http://localhost:3000/_next/static/chunks/node_modules_next_dist_1e8vcs8._.js:1052
[  555174ms] [ERROR] ./app/hand-tracking/components/FileCodePanel.tsx:5:1
Error: Export newLineGroups doesn't exist in target module
  3 | import { useState } from "react";
  4 | import type { FileSnapshot } from "../data/types";
> 5 | import { describeNewLines, newLineGroups } from "../lib/code";
    | ^^^^^^^^^^^^^^^^^^^^^^^^^^^^^^^^^^^^^^^^^^^^^^^^^^^^^^^^^^^^^^
  6 | import { NoCopyWrapper } from "./NoCopyWrapper";
  7 |
  8 | export function FileCodePanel({ file }: { file: FileSnapshot }) {

The export newLineGroups was not found in module [project]/app/hand-tracking/lib/code.ts [app-ssr] (ecmascript).
Did you mean to import newLineGroupsWithContext?
All exports of the module are statically known (It doesn't have dynamic exports). So it's known statically that the requested export doesn't exist.

Import trace:
  Server Component:
    ./app/hand-tracking/components/FileCodePanel.tsx
    ./app/hand-tracking/components/StepDetail.tsx
    ./app/hand-tracking/[stepId]/page.tsx @ http://localhost:3000/_next/static/chunks/node_modules_next_dist_1e8vcs8._.js:1052
[  555235ms] [ERROR] ./app/hand-tracking/components/FileCodePanel.tsx:5:1
Error: Export newLineGroups doesn't exist in target module
  3 | import { useState } from "react";
  4 | import type { FileSnapshot } from "../data/types";
> 5 | import { describeNewLines, newLineGroups } from "../lib/code";
    | ^^^^^^^^^^^^^^^^^^^^^^^^^^^^^^^^^^^^^^^^^^^^^^^^^^^^^^^^^^^^^^
  6 | import { NoCopyWrapper } from "./NoCopyWrapper";
  7 |
  8 | export function FileCodePanel({ file }: { file: FileSnapshot }) {

The export newLineGroups was not found in module [project]/app/hand-tracking/lib/code.ts [app-client] (ecmascript).
Did you mean to import newLineGroupsWithContext?
All exports of the module are statically known (It doesn't have dynamic exports). So it's known statically that the requested export doesn't exist.

Import trace:
  Server Component:
    ./app/hand-tracking/components/FileCodePanel.tsx
    ./app/hand-tracking/components/StepDetail.tsx
    ./app/hand-tracking/[stepId]/page.tsx @ http://localhost:3000/_next/static/chunks/node_modules_next_dist_1e8vcs8._.js:1052
[  555236ms] [ERROR] ./app/hand-tracking/components/FileCodePanel.tsx:5:1
Error: Export newLineGroups doesn't exist in target module
  3 | import { useState } from "react";
  4 | import type { FileSnapshot } from "../data/types";
> 5 | import { describeNewLines, newLineGroups } from "../lib/code";
    | ^^^^^^^^^^^^^^^^^^^^^^^^^^^^^^^^^^^^^^^^^^^^^^^^^^^^^^^^^^^^^^
  6 | import { NoCopyWrapper } from "./NoCopyWrapper";
  7 |
  8 | export function FileCodePanel({ file }: { file: FileSnapshot }) {

The export newLineGroups was not found in module [project]/app/hand-tracking/lib/code.ts [app-ssr] (ecmascript).
Did you mean to import newLineGroupsWithContext?
All exports of the module are statically known (It doesn't have dynamic exports). So it's known statically that the requested export doesn't exist.

Import trace:
  Server Component:
    ./app/hand-tracking/components/FileCodePanel.tsx
    ./app/hand-tracking/components/StepDetail.tsx
    ./app/hand-tracking/[stepId]/page.tsx @ http://localhost:3000/_next/static/chunks/node_modules_next_dist_1e8vcs8._.js:1052
[  555297ms] [ERROR] ./app/hand-tracking/components/FileCodePanel.tsx:5:1
Error: Export newLineGroups doesn't exist in target module
  3 | import { useState } from "react";
  4 | import type { FileSnapshot } from "../data/types";
> 5 | import { describeNewLines, newLineGroups } from "../lib/code";
    | ^^^^^^^^^^^^^^^^^^^^^^^^^^^^^^^^^^^^^^^^^^^^^^^^^^^^^^^^^^^^^^
  6 | import { NoCopyWrapper } from "./NoCopyWrapper";
  7 |
  8 | export function FileCodePanel({ file }: { file: FileSnapshot }) {

The export newLineGroups was not found in module [project]/app/hand-tracking/lib/code.ts [app-client] (ecmascript).
Did you mean to import newLineGroupsWithContext?
All exports of the module are statically known (It doesn't have dynamic exports). So it's known statically that the requested export doesn't exist.

Import trace:
  Server Component:
    ./app/hand-tracking/components/FileCodePanel.tsx
    ./app/hand-tracking/components/StepDetail.tsx
    ./app/hand-tracking/[stepId]/page.tsx @ http://localhost:3000/_next/static/chunks/node_modules_next_dist_1e8vcs8._.js:1052
[  555297ms] [ERROR] ./app/hand-tracking/components/FileCodePanel.tsx:5:1
Error: Export newLineGroups doesn't exist in target module
  3 | import { useState } from "react";
  4 | import type { FileSnapshot } from "../data/types";
> 5 | import { describeNewLines, newLineGroups } from "../lib/code";
    | ^^^^^^^^^^^^^^^^^^^^^^^^^^^^^^^^^^^^^^^^^^^^^^^^^^^^^^^^^^^^^^
  6 | import { NoCopyWrapper } from "./NoCopyWrapper";
  7 |
  8 | export function FileCodePanel({ file }: { file: FileSnapshot }) {

The export newLineGroups was not found in module [project]/app/hand-tracking/lib/code.ts [app-ssr] (ecmascript).
Did you mean to import newLineGroupsWithContext?
All exports of the module are statically known (It doesn't have dynamic exports). So it's known statically that the requested export doesn't exist.

Import trace:
  Server Component:
    ./app/hand-tracking/components/FileCodePanel.tsx
    ./app/hand-tracking/components/StepDetail.tsx
    ./app/hand-tracking/[stepId]/page.tsx @ http://localhost:3000/_next/static/chunks/node_modules_next_dist_1e8vcs8._.js:1052
[  555359ms] [ERROR] ./app/hand-tracking/components/FileCodePanel.tsx:5:1
Error: Export newLineGroups doesn't exist in target module
  3 | import { useState } from "react";
  4 | import type { FileSnapshot } from "../data/types";
> 5 | import { describeNewLines, newLineGroups } from "../lib/code";
    | ^^^^^^^^^^^^^^^^^^^^^^^^^^^^^^^^^^^^^^^^^^^^^^^^^^^^^^^^^^^^^^
  6 | import { NoCopyWrapper } from "./NoCopyWrapper";
  7 |
  8 | export function FileCodePanel({ file }: { file: FileSnapshot }) {

The export newLineGroups was not found in module [project]/app/hand-tracking/lib/code.ts [app-client] (ecmascript).
Did you mean to import newLineGroupsWithContext?
All exports of the module are statically known (It doesn't have dynamic exports). So it's known statically that the requested export doesn't exist.

Import trace:
  Server Component:
    ./app/hand-tracking/components/FileCodePanel.tsx
    ./app/hand-tracking/components/StepDetail.tsx
    ./app/hand-tracking/[stepId]/page.tsx @ http://localhost:3000/_next/static/chunks/node_modules_next_dist_1e8vcs8._.js:1052
[  555360ms] [ERROR] ./app/hand-tracking/components/FileCodePanel.tsx:5:1
Error: Export newLineGroups doesn't exist in target module
  3 | import { useState } from "react";
  4 | import type { FileSnapshot } from "../data/types";
> 5 | import { describeNewLines, newLineGroups } from "../lib/code";
    | ^^^^^^^^^^^^^^^^^^^^^^^^^^^^^^^^^^^^^^^^^^^^^^^^^^^^^^^^^^^^^^
  6 | import { NoCopyWrapper } from "./NoCopyWrapper";
  7 |
  8 | export function FileCodePanel({ file }: { file: FileSnapshot }) {

The export newLineGroups was not found in module [project]/app/hand-tracking/lib/code.ts [app-ssr] (ecmascript).
Did you mean to import newLineGroupsWithContext?
All exports of the module are statically known (It doesn't have dynamic exports). So it's known statically that the requested export doesn't exist.

Import trace:
  Server Component:
    ./app/hand-tracking/components/FileCodePanel.tsx
    ./app/hand-tracking/components/StepDetail.tsx
    ./app/hand-tracking/[stepId]/page.tsx @ http://localhost:3000/_next/static/chunks/node_modules_next_dist_1e8vcs8._.js:1052
[  555421ms] [ERROR] ./app/hand-tracking/components/FileCodePanel.tsx:5:1
Error: Export newLineGroups doesn't exist in target module
  3 | import { useState } from "react";
  4 | import type { FileSnapshot } from "../data/types";
> 5 | import { describeNewLines, newLineGroups } from "../lib/code";
    | ^^^^^^^^^^^^^^^^^^^^^^^^^^^^^^^^^^^^^^^^^^^^^^^^^^^^^^^^^^^^^^
  6 | import { NoCopyWrapper } from "./NoCopyWrapper";
  7 |
  8 | export function FileCodePanel({ file }: { file: FileSnapshot }) {

The export newLineGroups was not found in module [project]/app/hand-tracking/lib/code.ts [app-client] (ecmascript).
Did you mean to import newLineGroupsWithContext?
All exports of the module are statically known (It doesn't have dynamic exports). So it's known statically that the requested export doesn't exist.

Import trace:
  Server Component:
    ./app/hand-tracking/components/FileCodePanel.tsx
    ./app/hand-tracking/components/StepDetail.tsx
    ./app/hand-tracking/[stepId]/page.tsx @ http://localhost:3000/_next/static/chunks/node_modules_next_dist_1e8vcs8._.js:1052
[  555422ms] [ERROR] ./app/hand-tracking/components/FileCodePanel.tsx:5:1
Error: Export newLineGroups doesn't exist in target module
  3 | import { useState } from "react";
  4 | import type { FileSnapshot } from "../data/types";
> 5 | import { describeNewLines, newLineGroups } from "../lib/code";
    | ^^^^^^^^^^^^^^^^^^^^^^^^^^^^^^^^^^^^^^^^^^^^^^^^^^^^^^^^^^^^^^
  6 | import { NoCopyWrapper } from "./NoCopyWrapper";
  7 |
  8 | export function FileCodePanel({ file }: { file: FileSnapshot }) {

The export newLineGroups was not found in module [project]/app/hand-tracking/lib/code.ts [app-ssr] (ecmascript).
Did you mean to import newLineGroupsWithContext?
All exports of the module are statically known (It doesn't have dynamic exports). So it's known statically that the requested export doesn't exist.

Import trace:
  Server Component:
    ./app/hand-tracking/components/FileCodePanel.tsx
    ./app/hand-tracking/components/StepDetail.tsx
    ./app/hand-tracking/[stepId]/page.tsx @ http://localhost:3000/_next/static/chunks/node_modules_next_dist_1e8vcs8._.js:1052
[  555485ms] [ERROR] ./app/hand-tracking/components/FileCodePanel.tsx:5:1
Error: Export newLineGroups doesn't exist in target module
  3 | import { useState } from "react";
  4 | import type { FileSnapshot } from "../data/types";
> 5 | import { describeNewLines, newLineGroups } from "../lib/code";
    | ^^^^^^^^^^^^^^^^^^^^^^^^^^^^^^^^^^^^^^^^^^^^^^^^^^^^^^^^^^^^^^
  6 | import { NoCopyWrapper } from "./NoCopyWrapper";
  7 |
  8 | export function FileCodePanel({ file }: { file: FileSnapshot }) {

The export newLineGroups was not found in module [project]/app/hand-tracking/lib/code.ts [app-client] (ecmascript).
Did you mean to import newLineGroupsWithContext?
All exports of the module are statically known (It doesn't have dynamic exports). So it's known statically that the requested export doesn't exist.

Import trace:
  Server Component:
    ./app/hand-tracking/components/FileCodePanel.tsx
    ./app/hand-tracking/components/StepDetail.tsx
    ./app/hand-tracking/[stepId]/page.tsx @ http://localhost:3000/_next/static/chunks/node_modules_next_dist_1e8vcs8._.js:1052
[  555486ms] [ERROR] ./app/hand-tracking/components/FileCodePanel.tsx:5:1
Error: Export newLineGroups doesn't exist in target module
  3 | import { useState } from "react";
  4 | import type { FileSnapshot } from "../data/types";
> 5 | import { describeNewLines, newLineGroups } from "../lib/code";
    | ^^^^^^^^^^^^^^^^^^^^^^^^^^^^^^^^^^^^^^^^^^^^^^^^^^^^^^^^^^^^^^
  6 | import { NoCopyWrapper } from "./NoCopyWrapper";
  7 |
  8 | export function FileCodePanel({ file }: { file: FileSnapshot }) {

The export newLineGroups was not found in module [project]/app/hand-tracking/lib/code.ts [app-ssr] (ecmascript).
Did you mean to import newLineGroupsWithContext?
All exports of the module are statically known (It doesn't have dynamic exports). So it's known statically that the requested export doesn't exist.

Import trace:
  Server Component:
    ./app/hand-tracking/components/FileCodePanel.tsx
    ./app/hand-tracking/components/StepDetail.tsx
    ./app/hand-tracking/[stepId]/page.tsx @ http://localhost:3000/_next/static/chunks/node_modules_next_dist_1e8vcs8._.js:1052
[  555547ms] [ERROR] ./app/hand-tracking/components/FileCodePanel.tsx:5:1
Error: Export newLineGroups doesn't exist in target module
  3 | import { useState } from "react";
  4 | import type { FileSnapshot } from "../data/types";
> 5 | import { describeNewLines, newLineGroups } from "../lib/code";
    | ^^^^^^^^^^^^^^^^^^^^^^^^^^^^^^^^^^^^^^^^^^^^^^^^^^^^^^^^^^^^^^
  6 | import { NoCopyWrapper } from "./NoCopyWrapper";
  7 |
  8 | export function FileCodePanel({ file }: { file: FileSnapshot }) {

The export newLineGroups was not found in module [project]/app/hand-tracking/lib/code.ts [app-client] (ecmascript).
Did you mean to import newLineGroupsWithContext?
All exports of the module are statically known (It doesn't have dynamic exports). So it's known statically that the requested export doesn't exist.

Import trace:
  Server Component:
    ./app/hand-tracking/components/FileCodePanel.tsx
    ./app/hand-tracking/components/StepDetail.tsx
    ./app/hand-tracking/[stepId]/page.tsx @ http://localhost:3000/_next/static/chunks/node_modules_next_dist_1e8vcs8._.js:1052
[  555548ms] [ERROR] ./app/hand-tracking/components/FileCodePanel.tsx:5:1
Error: Export newLineGroups doesn't exist in target module
  3 | import { useState } from "react";
  4 | import type { FileSnapshot } from "../data/types";
> 5 | import { describeNewLines, newLineGroups } from "../lib/code";
    | ^^^^^^^^^^^^^^^^^^^^^^^^^^^^^^^^^^^^^^^^^^^^^^^^^^^^^^^^^^^^^^
  6 | import { NoCopyWrapper } from "./NoCopyWrapper";
  7 |
  8 | export function FileCodePanel({ file }: { file: FileSnapshot }) {

The export newLineGroups was not found in module [project]/app/hand-tracking/lib/code.ts [app-ssr] (ecmascript).
Did you mean to import newLineGroupsWithContext?
All exports of the module are statically known (It doesn't have dynamic exports). So it's known statically that the requested export doesn't exist.

Import trace:
  Server Component:
    ./app/hand-tracking/components/FileCodePanel.tsx
    ./app/hand-tracking/components/StepDetail.tsx
    ./app/hand-tracking/[stepId]/page.tsx @ http://localhost:3000/_next/static/chunks/node_modules_next_dist_1e8vcs8._.js:1052
[  555610ms] [ERROR] ./app/hand-tracking/components/FileCodePanel.tsx:5:1
Error: Export newLineGroups doesn't exist in target module
  3 | import { useState } from "react";
  4 | import type { FileSnapshot } from "../data/types";
> 5 | import { describeNewLines, newLineGroups } from "../lib/code";
    | ^^^^^^^^^^^^^^^^^^^^^^^^^^^^^^^^^^^^^^^^^^^^^^^^^^^^^^^^^^^^^^
  6 | import { NoCopyWrapper } from "./NoCopyWrapper";
  7 |
  8 | export function FileCodePanel({ file }: { file: FileSnapshot }) {

The export newLineGroups was not found in module [project]/app/hand-tracking/lib/code.ts [app-client] (ecmascript).
Did you mean to import newLineGroupsWithContext?
All exports of the module are statically known (It doesn't have dynamic exports). So it's known statically that the requested export doesn't exist.

Import trace:
  Server Component:
    ./app/hand-tracking/components/FileCodePanel.tsx
    ./app/hand-tracking/components/StepDetail.tsx
    ./app/hand-tracking/[stepId]/page.tsx @ http://localhost:3000/_next/static/chunks/node_modules_next_dist_1e8vcs8._.js:1052
[  555611ms] [ERROR] ./app/hand-tracking/components/FileCodePanel.tsx:5:1
Error: Export newLineGroups doesn't exist in target module
  3 | import { useState } from "react";
  4 | import type { FileSnapshot } from "../data/types";
> 5 | import { describeNewLines, newLineGroups } from "../lib/code";
    | ^^^^^^^^^^^^^^^^^^^^^^^^^^^^^^^^^^^^^^^^^^^^^^^^^^^^^^^^^^^^^^
  6 | import { NoCopyWrapper } from "./NoCopyWrapper";
  7 |
  8 | export function FileCodePanel({ file }: { file: FileSnapshot }) {

The export newLineGroups was not found in module [project]/app/hand-tracking/lib/code.ts [app-ssr] (ecmascript).
Did you mean to import newLineGroupsWithContext?
All exports of the module are statically known (It doesn't have dynamic exports). So it's known statically that the requested export doesn't exist.

Import trace:
  Server Component:
    ./app/hand-tracking/components/FileCodePanel.tsx
    ./app/hand-tracking/components/StepDetail.tsx
    ./app/hand-tracking/[stepId]/page.tsx @ http://localhost:3000/_next/static/chunks/node_modules_next_dist_1e8vcs8._.js:1052
[  555672ms] [ERROR] ./app/hand-tracking/components/FileCodePanel.tsx:5:1
Error: Export newLineGroups doesn't exist in target module
  3 | import { useState } from "react";
  4 | import type { FileSnapshot } from "../data/types";
> 5 | import { describeNewLines, newLineGroups } from "../lib/code";
    | ^^^^^^^^^^^^^^^^^^^^^^^^^^^^^^^^^^^^^^^^^^^^^^^^^^^^^^^^^^^^^^
  6 | import { NoCopyWrapper } from "./NoCopyWrapper";
  7 |
  8 | export function FileCodePanel({ file }: { file: FileSnapshot }) {

The export newLineGroups was not found in module [project]/app/hand-tracking/lib/code.ts [app-client] (ecmascript).
Did you mean to import newLineGroupsWithContext?
All exports of the module are statically known (It doesn't have dynamic exports). So it's known statically that the requested export doesn't exist.

Import trace:
  Server Component:
    ./app/hand-tracking/components/FileCodePanel.tsx
    ./app/hand-tracking/components/StepDetail.tsx
    ./app/hand-tracking/[stepId]/page.tsx @ http://localhost:3000/_next/static/chunks/node_modules_next_dist_1e8vcs8._.js:1052
[  555673ms] [ERROR] ./app/hand-tracking/components/FileCodePanel.tsx:5:1
Error: Export newLineGroups doesn't exist in target module
  3 | import { useState } from "react";
  4 | import type { FileSnapshot } from "../data/types";
> 5 | import { describeNewLines, newLineGroups } from "../lib/code";
    | ^^^^^^^^^^^^^^^^^^^^^^^^^^^^^^^^^^^^^^^^^^^^^^^^^^^^^^^^^^^^^^
  6 | import { NoCopyWrapper } from "./NoCopyWrapper";
  7 |
  8 | export function FileCodePanel({ file }: { file: FileSnapshot }) {

The export newLineGroups was not found in module [project]/app/hand-tracking/lib/code.ts [app-ssr] (ecmascript).
Did you mean to import newLineGroupsWithContext?
All exports of the module are statically known (It doesn't have dynamic exports). So it's known statically that the requested export doesn't exist.

Import trace:
  Server Component:
    ./app/hand-tracking/components/FileCodePanel.tsx
    ./app/hand-tracking/components/StepDetail.tsx
    ./app/hand-tracking/[stepId]/page.tsx @ http://localhost:3000/_next/static/chunks/node_modules_next_dist_1e8vcs8._.js:1052
[  555736ms] [ERROR] ./app/hand-tracking/components/FileCodePanel.tsx:5:1
Error: Export newLineGroups doesn't exist in target module
  3 | import { useState } from "react";
  4 | import type { FileSnapshot } from "../data/types";
> 5 | import { describeNewLines, newLineGroups } from "../lib/code";
    | ^^^^^^^^^^^^^^^^^^^^^^^^^^^^^^^^^^^^^^^^^^^^^^^^^^^^^^^^^^^^^^
  6 | import { NoCopyWrapper } from "./NoCopyWrapper";
  7 |
  8 | export function FileCodePanel({ file }: { file: FileSnapshot }) {

The export newLineGroups was not found in module [project]/app/hand-tracking/lib/code.ts [app-client] (ecmascript).
Did you mean to import newLineGroupsWithContext?
All exports of the module are statically known (It doesn't have dynamic exports). So it's known statically that the requested export doesn't exist.

Import trace:
  Server Component:
    ./app/hand-tracking/components/FileCodePanel.tsx
    ./app/hand-tracking/components/StepDetail.tsx
    ./app/hand-tracking/[stepId]/page.tsx @ http://localhost:3000/_next/static/chunks/node_modules_next_dist_1e8vcs8._.js:1052
[  555736ms] [ERROR] ./app/hand-tracking/components/FileCodePanel.tsx:5:1
Error: Export newLineGroups doesn't exist in target module
  3 | import { useState } from "react";
  4 | import type { FileSnapshot } from "../data/types";
> 5 | import { describeNewLines, newLineGroups } from "../lib/code";
    | ^^^^^^^^^^^^^^^^^^^^^^^^^^^^^^^^^^^^^^^^^^^^^^^^^^^^^^^^^^^^^^
  6 | import { NoCopyWrapper } from "./NoCopyWrapper";
  7 |
  8 | export function FileCodePanel({ file }: { file: FileSnapshot }) {

The export newLineGroups was not found in module [project]/app/hand-tracking/lib/code.ts [app-ssr] (ecmascript).
Did you mean to import newLineGroupsWithContext?
All exports of the module are statically known (It doesn't have dynamic exports). So it's known statically that the requested export doesn't exist.

Import trace:
  Server Component:
    ./app/hand-tracking/components/FileCodePanel.tsx
    ./app/hand-tracking/components/StepDetail.tsx
    ./app/hand-tracking/[stepId]/page.tsx @ http://localhost:3000/_next/static/chunks/node_modules_next_dist_1e8vcs8._.js:1052
[  555797ms] [ERROR] ./app/hand-tracking/components/FileCodePanel.tsx:5:1
Error: Export newLineGroups doesn't exist in target module
  3 | import { useState } from "react";
  4 | import type { FileSnapshot } from "../data/types";
> 5 | import { describeNewLines, newLineGroups } from "../lib/code";
    | ^^^^^^^^^^^^^^^^^^^^^^^^^^^^^^^^^^^^^^^^^^^^^^^^^^^^^^^^^^^^^^
  6 | import { NoCopyWrapper } from "./NoCopyWrapper";
  7 |
  8 | export function FileCodePanel({ file }: { file: FileSnapshot }) {

The export newLineGroups was not found in module [project]/app/hand-tracking/lib/code.ts [app-client] (ecmascript).
Did you mean to import newLineGroupsWithContext?
All exports of the module are statically known (It doesn't have dynamic exports). So it's known statically that the requested export doesn't exist.

Import trace:
  Server Component:
    ./app/hand-tracking/components/FileCodePanel.tsx
    ./app/hand-tracking/components/StepDetail.tsx
    ./app/hand-tracking/[stepId]/page.tsx @ http://localhost:3000/_next/static/chunks/node_modules_next_dist_1e8vcs8._.js:1052
[  555797ms] [ERROR] ./app/hand-tracking/components/FileCodePanel.tsx:5:1
Error: Export newLineGroups doesn't exist in target module
  3 | import { useState } from "react";
  4 | import type { FileSnapshot } from "../data/types";
> 5 | import { describeNewLines, newLineGroups } from "../lib/code";
    | ^^^^^^^^^^^^^^^^^^^^^^^^^^^^^^^^^^^^^^^^^^^^^^^^^^^^^^^^^^^^^^
  6 | import { NoCopyWrapper } from "./NoCopyWrapper";
  7 |
  8 | export function FileCodePanel({ file }: { file: FileSnapshot }) {

The export newLineGroups was not found in module [project]/app/hand-tracking/lib/code.ts [app-ssr] (ecmascript).
Did you mean to import newLineGroupsWithContext?
All exports of the module are statically known (It doesn't have dynamic exports). So it's known statically that the requested export doesn't exist.

Import trace:
  Server Component:
    ./app/hand-tracking/components/FileCodePanel.tsx
    ./app/hand-tracking/components/StepDetail.tsx
    ./app/hand-tracking/[stepId]/page.tsx @ http://localhost:3000/_next/static/chunks/node_modules_next_dist_1e8vcs8._.js:1052
[  555860ms] [ERROR] ./app/hand-tracking/components/FileCodePanel.tsx:5:1
Error: Export newLineGroups doesn't exist in target module
  3 | import { useState } from "react";
  4 | import type { FileSnapshot } from "../data/types";
> 5 | import { describeNewLines, newLineGroups } from "../lib/code";
    | ^^^^^^^^^^^^^^^^^^^^^^^^^^^^^^^^^^^^^^^^^^^^^^^^^^^^^^^^^^^^^^
  6 | import { NoCopyWrapper } from "./NoCopyWrapper";
  7 |
  8 | export function FileCodePanel({ file }: { file: FileSnapshot }) {

The export newLineGroups was not found in module [project]/app/hand-tracking/lib/code.ts [app-client] (ecmascript).
Did you mean to import newLineGroupsWithContext?
All exports of the module are statically known (It doesn't have dynamic exports). So it's known statically that the requested export doesn't exist.

Import trace:
  Server Component:
    ./app/hand-tracking/components/FileCodePanel.tsx
    ./app/hand-tracking/components/StepDetail.tsx
    ./app/hand-tracking/[stepId]/page.tsx @ http://localhost:3000/_next/static/chunks/node_modules_next_dist_1e8vcs8._.js:1052
[  555860ms] [ERROR] ./app/hand-tracking/components/FileCodePanel.tsx:5:1
Error: Export newLineGroups doesn't exist in target module
  3 | import { useState } from "react";
  4 | import type { FileSnapshot } from "../data/types";
> 5 | import { describeNewLines, newLineGroups } from "../lib/code";
    | ^^^^^^^^^^^^^^^^^^^^^^^^^^^^^^^^^^^^^^^^^^^^^^^^^^^^^^^^^^^^^^
  6 | import { NoCopyWrapper } from "./NoCopyWrapper";
  7 |
  8 | export function FileCodePanel({ file }: { file: FileSnapshot }) {

The export newLineGroups was not found in module [project]/app/hand-tracking/lib/code.ts [app-ssr] (ecmascript).
Did you mean to import newLineGroupsWithContext?
All exports of the module are statically known (It doesn't have dynamic exports). So it's known statically that the requested export doesn't exist.

Import trace:
  Server Component:
    ./app/hand-tracking/components/FileCodePanel.tsx
    ./app/hand-tracking/components/StepDetail.tsx
    ./app/hand-tracking/[stepId]/page.tsx @ http://localhost:3000/_next/static/chunks/node_modules_next_dist_1e8vcs8._.js:1052
[  555920ms] [ERROR] ./app/hand-tracking/components/FileCodePanel.tsx:5:1
Error: Export newLineGroups doesn't exist in target module
  3 | import { useState } from "react";
  4 | import type { FileSnapshot } from "../data/types";
> 5 | import { describeNewLines, newLineGroups } from "../lib/code";
    | ^^^^^^^^^^^^^^^^^^^^^^^^^^^^^^^^^^^^^^^^^^^^^^^^^^^^^^^^^^^^^^
  6 | import { NoCopyWrapper } from "./NoCopyWrapper";
  7 |
  8 | export function FileCodePanel({ file }: { file: FileSnapshot }) {

The export newLineGroups was not found in module [project]/app/hand-tracking/lib/code.ts [app-client] (ecmascript).
Did you mean to import newLineGroupsWithContext?
All exports of the module are statically known (It doesn't have dynamic exports). So it's known statically that the requested export doesn't exist.

Import trace:
  Server Component:
    ./app/hand-tracking/components/FileCodePanel.tsx
    ./app/hand-tracking/components/StepDetail.tsx
    ./app/hand-tracking/[stepId]/page.tsx @ http://localhost:3000/_next/static/chunks/node_modules_next_dist_1e8vcs8._.js:1052
[  555921ms] [ERROR] ./app/hand-tracking/components/FileCodePanel.tsx:5:1
Error: Export newLineGroups doesn't exist in target module
  3 | import { useState } from "react";
  4 | import type { FileSnapshot } from "../data/types";
> 5 | import { describeNewLines, newLineGroups } from "../lib/code";
    | ^^^^^^^^^^^^^^^^^^^^^^^^^^^^^^^^^^^^^^^^^^^^^^^^^^^^^^^^^^^^^^
  6 | import { NoCopyWrapper } from "./NoCopyWrapper";
  7 |
  8 | export function FileCodePanel({ file }: { file: FileSnapshot }) {

The export newLineGroups was not found in module [project]/app/hand-tracking/lib/code.ts [app-ssr] (ecmascript).
Did you mean to import newLineGroupsWithContext?
All exports of the module are statically known (It doesn't have dynamic exports). So it's known statically that the requested export doesn't exist.

Import trace:
  Server Component:
    ./app/hand-tracking/components/FileCodePanel.tsx
    ./app/hand-tracking/components/StepDetail.tsx
    ./app/hand-tracking/[stepId]/page.tsx @ http://localhost:3000/_next/static/chunks/node_modules_next_dist_1e8vcs8._.js:1052
[  555982ms] [ERROR] ./app/hand-tracking/components/FileCodePanel.tsx:5:1
Error: Export newLineGroups doesn't exist in target module
  3 | import { useState } from "react";
  4 | import type { FileSnapshot } from "../data/types";
> 5 | import { describeNewLines, newLineGroups } from "../lib/code";
    | ^^^^^^^^^^^^^^^^^^^^^^^^^^^^^^^^^^^^^^^^^^^^^^^^^^^^^^^^^^^^^^
  6 | import { NoCopyWrapper } from "./NoCopyWrapper";
  7 |
  8 | export function FileCodePanel({ file }: { file: FileSnapshot }) {

The export newLineGroups was not found in module [project]/app/hand-tracking/lib/code.ts [app-client] (ecmascript).
Did you mean to import newLineGroupsWithContext?
All exports of the module are statically known (It doesn't have dynamic exports). So it's known statically that the requested export doesn't exist.

Import trace:
  Server Component:
    ./app/hand-tracking/components/FileCodePanel.tsx
    ./app/hand-tracking/components/StepDetail.tsx
    ./app/hand-tracking/[stepId]/page.tsx @ http://localhost:3000/_next/static/chunks/node_modules_next_dist_1e8vcs8._.js:1052
[  555982ms] [ERROR] ./app/hand-tracking/components/FileCodePanel.tsx:5:1
Error: Export newLineGroups doesn't exist in target module
  3 | import { useState } from "react";
  4 | import type { FileSnapshot } from "../data/types";
> 5 | import { describeNewLines, newLineGroups } from "../lib/code";
    | ^^^^^^^^^^^^^^^^^^^^^^^^^^^^^^^^^^^^^^^^^^^^^^^^^^^^^^^^^^^^^^
  6 | import { NoCopyWrapper } from "./NoCopyWrapper";
  7 |
  8 | export function FileCodePanel({ file }: { file: FileSnapshot }) {

The export newLineGroups was not found in module [project]/app/hand-tracking/lib/code.ts [app-ssr] (ecmascript).
Did you mean to import newLineGroupsWithContext?
All exports of the module are statically known (It doesn't have dynamic exports). So it's known statically that the requested export doesn't exist.

Import trace:
  Server Component:
    ./app/hand-tracking/components/FileCodePanel.tsx
    ./app/hand-tracking/components/StepDetail.tsx
    ./app/hand-tracking/[stepId]/page.tsx @ http://localhost:3000/_next/static/chunks/node_modules_next_dist_1e8vcs8._.js:1052
[  556044ms] [ERROR] ./app/hand-tracking/components/FileCodePanel.tsx:5:1
Error: Export newLineGroups doesn't exist in target module
  3 | import { useState } from "react";
  4 | import type { FileSnapshot } from "../data/types";
> 5 | import { describeNewLines, newLineGroups } from "../lib/code";
    | ^^^^^^^^^^^^^^^^^^^^^^^^^^^^^^^^^^^^^^^^^^^^^^^^^^^^^^^^^^^^^^
  6 | import { NoCopyWrapper } from "./NoCopyWrapper";
  7 |
  8 | export function FileCodePanel({ file }: { file: FileSnapshot }) {

The export newLineGroups was not found in module [project]/app/hand-tracking/lib/code.ts [app-client] (ecmascript).
Did you mean to import newLineGroupsWithContext?
All exports of the module are statically known (It doesn't have dynamic exports). So it's known statically that the requested export doesn't exist.

Import trace:
  Server Component:
    ./app/hand-tracking/components/FileCodePanel.tsx
    ./app/hand-tracking/components/StepDetail.tsx
    ./app/hand-tracking/[stepId]/page.tsx @ http://localhost:3000/_next/static/chunks/node_modules_next_dist_1e8vcs8._.js:1052
[  556044ms] [ERROR] ./app/hand-tracking/components/FileCodePanel.tsx:5:1
Error: Export newLineGroups doesn't exist in target module
  3 | import { useState } from "react";
  4 | import type { FileSnapshot } from "../data/types";
> 5 | import { describeNewLines, newLineGroups } from "../lib/code";
    | ^^^^^^^^^^^^^^^^^^^^^^^^^^^^^^^^^^^^^^^^^^^^^^^^^^^^^^^^^^^^^^
  6 | import { NoCopyWrapper } from "./NoCopyWrapper";
  7 |
  8 | export function FileCodePanel({ file }: { file: FileSnapshot }) {

The export newLineGroups was not found in module [project]/app/hand-tracking/lib/code.ts [app-ssr] (ecmascript).
Did you mean to import newLineGroupsWithContext?
All exports of the module are statically known (It doesn't have dynamic exports). So it's known statically that the requested export doesn't exist.

Import trace:
  Server Component:
    ./app/hand-tracking/components/FileCodePanel.tsx
    ./app/hand-tracking/components/StepDetail.tsx
    ./app/hand-tracking/[stepId]/page.tsx @ http://localhost:3000/_next/static/chunks/node_modules_next_dist_1e8vcs8._.js:1052
[  556105ms] [ERROR] ./app/hand-tracking/components/FileCodePanel.tsx:5:1
Error: Export newLineGroups doesn't exist in target module
  3 | import { useState } from "react";
  4 | import type { FileSnapshot } from "../data/types";
> 5 | import { describeNewLines, newLineGroups } from "../lib/code";
    | ^^^^^^^^^^^^^^^^^^^^^^^^^^^^^^^^^^^^^^^^^^^^^^^^^^^^^^^^^^^^^^
  6 | import { NoCopyWrapper } from "./NoCopyWrapper";
  7 |
  8 | export function FileCodePanel({ file }: { file: FileSnapshot }) {

The export newLineGroups was not found in module [project]/app/hand-tracking/lib/code.ts [app-client] (ecmascript).
Did you mean to import newLineGroupsWithContext?
All exports of the module are statically known (It doesn't have dynamic exports). So it's known statically that the requested export doesn't exist.

Import trace:
  Server Component:
    ./app/hand-tracking/components/FileCodePanel.tsx
    ./app/hand-tracking/components/StepDetail.tsx
    ./app/hand-tracking/[stepId]/page.tsx @ http://localhost:3000/_next/static/chunks/node_modules_next_dist_1e8vcs8._.js:1052
[  556106ms] [ERROR] ./app/hand-tracking/components/FileCodePanel.tsx:5:1
Error: Export newLineGroups doesn't exist in target module
  3 | import { useState } from "react";
  4 | import type { FileSnapshot } from "../data/types";
> 5 | import { describeNewLines, newLineGroups } from "../lib/code";
    | ^^^^^^^^^^^^^^^^^^^^^^^^^^^^^^^^^^^^^^^^^^^^^^^^^^^^^^^^^^^^^^
  6 | import { NoCopyWrapper } from "./NoCopyWrapper";
  7 |
  8 | export function FileCodePanel({ file }: { file: FileSnapshot }) {

The export newLineGroups was not found in module [project]/app/hand-tracking/lib/code.ts [app-ssr] (ecmascript).
Did you mean to import newLineGroupsWithContext?
All exports of the module are statically known (It doesn't have dynamic exports). So it's known statically that the requested export doesn't exist.

Import trace:
  Server Component:
    ./app/hand-tracking/components/FileCodePanel.tsx
    ./app/hand-tracking/components/StepDetail.tsx
    ./app/hand-tracking/[stepId]/page.tsx @ http://localhost:3000/_next/static/chunks/node_modules_next_dist_1e8vcs8._.js:1052
[  556169ms] [ERROR] ./app/hand-tracking/components/FileCodePanel.tsx:5:1
Error: Export newLineGroups doesn't exist in target module
  3 | import { useState } from "react";
  4 | import type { FileSnapshot } from "../data/types";
> 5 | import { describeNewLines, newLineGroups } from "../lib/code";
    | ^^^^^^^^^^^^^^^^^^^^^^^^^^^^^^^^^^^^^^^^^^^^^^^^^^^^^^^^^^^^^^
  6 | import { NoCopyWrapper } from "./NoCopyWrapper";
  7 |
  8 | export function FileCodePanel({ file }: { file: FileSnapshot }) {

The export newLineGroups was not found in module [project]/app/hand-tracking/lib/code.ts [app-client] (ecmascript).
Did you mean to import newLineGroupsWithContext?
All exports of the module are statically known (It doesn't have dynamic exports). So it's known statically that the requested export doesn't exist.

Import trace:
  Server Component:
    ./app/hand-tracking/components/FileCodePanel.tsx
    ./app/hand-tracking/components/StepDetail.tsx
    ./app/hand-tracking/[stepId]/page.tsx @ http://localhost:3000/_next/static/chunks/node_modules_next_dist_1e8vcs8._.js:1052
[  556170ms] [ERROR] ./app/hand-tracking/components/FileCodePanel.tsx:5:1
Error: Export newLineGroups doesn't exist in target module
  3 | import { useState } from "react";
  4 | import type { FileSnapshot } from "../data/types";
> 5 | import { describeNewLines, newLineGroups } from "../lib/code";
    | ^^^^^^^^^^^^^^^^^^^^^^^^^^^^^^^^^^^^^^^^^^^^^^^^^^^^^^^^^^^^^^
  6 | import { NoCopyWrapper } from "./NoCopyWrapper";
  7 |
  8 | export function FileCodePanel({ file }: { file: FileSnapshot }) {

The export newLineGroups was not found in module [project]/app/hand-tracking/lib/code.ts [app-ssr] (ecmascript).
Did you mean to import newLineGroupsWithContext?
All exports of the module are statically known (It doesn't have dynamic exports). So it's known statically that the requested export doesn't exist.

Import trace:
  Server Component:
    ./app/hand-tracking/components/FileCodePanel.tsx
    ./app/hand-tracking/components/StepDetail.tsx
    ./app/hand-tracking/[stepId]/page.tsx @ http://localhost:3000/_next/static/chunks/node_modules_next_dist_1e8vcs8._.js:1052
[  556231ms] [ERROR] ./app/hand-tracking/components/FileCodePanel.tsx:5:1
Error: Export newLineGroups doesn't exist in target module
  3 | import { useState } from "react";
  4 | import type { FileSnapshot } from "../data/types";
> 5 | import { describeNewLines, newLineGroups } from "../lib/code";
    | ^^^^^^^^^^^^^^^^^^^^^^^^^^^^^^^^^^^^^^^^^^^^^^^^^^^^^^^^^^^^^^
  6 | import { NoCopyWrapper } from "./NoCopyWrapper";
  7 |
  8 | export function FileCodePanel({ file }: { file: FileSnapshot }) {

The export newLineGroups was not found in module [project]/app/hand-tracking/lib/code.ts [app-client] (ecmascript).
Did you mean to import newLineGroupsWithContext?
All exports of the module are statically known (It doesn't have dynamic exports). So it's known statically that the requested export doesn't exist.

Import trace:
  Server Component:
    ./app/hand-tracking/components/FileCodePanel.tsx
    ./app/hand-tracking/components/StepDetail.tsx
    ./app/hand-tracking/[stepId]/page.tsx @ http://localhost:3000/_next/static/chunks/node_modules_next_dist_1e8vcs8._.js:1052
[  556232ms] [ERROR] ./app/hand-tracking/components/FileCodePanel.tsx:5:1
Error: Export newLineGroups doesn't exist in target module
  3 | import { useState } from "react";
  4 | import type { FileSnapshot } from "../data/types";
> 5 | import { describeNewLines, newLineGroups } from "../lib/code";
    | ^^^^^^^^^^^^^^^^^^^^^^^^^^^^^^^^^^^^^^^^^^^^^^^^^^^^^^^^^^^^^^
  6 | import { NoCopyWrapper } from "./NoCopyWrapper";
  7 |
  8 | export function FileCodePanel({ file }: { file: FileSnapshot }) {

The export newLineGroups was not found in module [project]/app/hand-tracking/lib/code.ts [app-ssr] (ecmascript).
Did you mean to import newLineGroupsWithContext?
All exports of the module are statically known (It doesn't have dynamic exports). So it's known statically that the requested export doesn't exist.

Import trace:
  Server Component:
    ./app/hand-tracking/components/FileCodePanel.tsx
    ./app/hand-tracking/components/StepDetail.tsx
    ./app/hand-tracking/[stepId]/page.tsx @ http://localhost:3000/_next/static/chunks/node_modules_next_dist_1e8vcs8._.js:1052
[  556293ms] [ERROR] ./app/hand-tracking/components/FileCodePanel.tsx:5:1
Error: Export newLineGroups doesn't exist in target module
  3 | import { useState } from "react";
  4 | import type { FileSnapshot } from "../data/types";
> 5 | import { describeNewLines, newLineGroups } from "../lib/code";
    | ^^^^^^^^^^^^^^^^^^^^^^^^^^^^^^^^^^^^^^^^^^^^^^^^^^^^^^^^^^^^^^
  6 | import { NoCopyWrapper } from "./NoCopyWrapper";
  7 |
  8 | export function FileCodePanel({ file }: { file: FileSnapshot }) {

The export newLineGroups was not found in module [project]/app/hand-tracking/lib/code.ts [app-client] (ecmascript).
Did you mean to import newLineGroupsWithContext?
All exports of the module are statically known (It doesn't have dynamic exports). So it's known statically that the requested export doesn't exist.

Import trace:
  Server Component:
    ./app/hand-tracking/components/FileCodePanel.tsx
    ./app/hand-tracking/components/StepDetail.tsx
    ./app/hand-tracking/[stepId]/page.tsx @ http://localhost:3000/_next/static/chunks/node_modules_next_dist_1e8vcs8._.js:1052
[  556293ms] [ERROR] ./app/hand-tracking/components/FileCodePanel.tsx:5:1
Error: Export newLineGroups doesn't exist in target module
  3 | import { useState } from "react";
  4 | import type { FileSnapshot } from "../data/types";
> 5 | import { describeNewLines, newLineGroups } from "../lib/code";
    | ^^^^^^^^^^^^^^^^^^^^^^^^^^^^^^^^^^^^^^^^^^^^^^^^^^^^^^^^^^^^^^
  6 | import { NoCopyWrapper } from "./NoCopyWrapper";
  7 |
  8 | export function FileCodePanel({ file }: { file: FileSnapshot }) {

The export newLineGroups was not found in module [project]/app/hand-tracking/lib/code.ts [app-ssr] (ecmascript).
Did you mean to import newLineGroupsWithContext?
All exports of the module are statically known (It doesn't have dynamic exports). So it's known statically that the requested export doesn't exist.

Import trace:
  Server Component:
    ./app/hand-tracking/components/FileCodePanel.tsx
    ./app/hand-tracking/components/StepDetail.tsx
    ./app/hand-tracking/[stepId]/page.tsx @ http://localhost:3000/_next/static/chunks/node_modules_next_dist_1e8vcs8._.js:1052
[  556370ms] [ERROR] ./app/hand-tracking/components/FileCodePanel.tsx:5:1
Error: Export newLineGroups doesn't exist in target module
  3 | import { useState } from "react";
  4 | import type { FileSnapshot } from "../data/types";
> 5 | import { describeNewLines, newLineGroups } from "../lib/code";
    | ^^^^^^^^^^^^^^^^^^^^^^^^^^^^^^^^^^^^^^^^^^^^^^^^^^^^^^^^^^^^^^
  6 | import { NoCopyWrapper } from "./NoCopyWrapper";
  7 |
  8 | export function FileCodePanel({ file }: { file: FileSnapshot }) {

The export newLineGroups was not found in module [project]/app/hand-tracking/lib/code.ts [app-client] (ecmascript).
Did you mean to import newLineGroupsWithContext?
All exports of the module are statically known (It doesn't have dynamic exports). So it's known statically that the requested export doesn't exist.

Import trace:
  Server Component:
    ./app/hand-tracking/components/FileCodePanel.tsx
    ./app/hand-tracking/components/StepDetail.tsx
    ./app/hand-tracking/[stepId]/page.tsx @ http://localhost:3000/_next/static/chunks/node_modules_next_dist_1e8vcs8._.js:1052
[  556371ms] [ERROR] ./app/hand-tracking/components/FileCodePanel.tsx:5:1
Error: Export newLineGroups doesn't exist in target module
  3 | import { useState } from "react";
  4 | import type { FileSnapshot } from "../data/types";
> 5 | import { describeNewLines, newLineGroups } from "../lib/code";
    | ^^^^^^^^^^^^^^^^^^^^^^^^^^^^^^^^^^^^^^^^^^^^^^^^^^^^^^^^^^^^^^
  6 | import { NoCopyWrapper } from "./NoCopyWrapper";
  7 |
  8 | export function FileCodePanel({ file }: { file: FileSnapshot }) {

The export newLineGroups was not found in module [project]/app/hand-tracking/lib/code.ts [app-ssr] (ecmascript).
Did you mean to import newLineGroupsWithContext?
All exports of the module are statically known (It doesn't have dynamic exports). So it's known statically that the requested export doesn't exist.

Import trace:
  Server Component:
    ./app/hand-tracking/components/FileCodePanel.tsx
    ./app/hand-tracking/components/StepDetail.tsx
    ./app/hand-tracking/[stepId]/page.tsx @ http://localhost:3000/_next/static/chunks/node_modules_next_dist_1e8vcs8._.js:1052
[  556436ms] [ERROR] ./app/hand-tracking/components/FileCodePanel.tsx:5:1
Error: Export newLineGroups doesn't exist in target module
  3 | import { useState } from "react";
  4 | import type { FileSnapshot } from "../data/types";
> 5 | import { describeNewLines, newLineGroups } from "../lib/code";
    | ^^^^^^^^^^^^^^^^^^^^^^^^^^^^^^^^^^^^^^^^^^^^^^^^^^^^^^^^^^^^^^
  6 | import { NoCopyWrapper } from "./NoCopyWrapper";
  7 |
  8 | export function FileCodePanel({ file }: { file: FileSnapshot }) {

The export newLineGroups was not found in module [project]/app/hand-tracking/lib/code.ts [app-client] (ecmascript).
Did you mean to import newLineGroupsWithContext?
All exports of the module are statically known (It doesn't have dynamic exports). So it's known statically that the requested export doesn't exist.

Import trace:
  Server Component:
    ./app/hand-tracking/components/FileCodePanel.tsx
    ./app/hand-tracking/components/StepDetail.tsx
    ./app/hand-tracking/[stepId]/page.tsx @ http://localhost:3000/_next/static/chunks/node_modules_next_dist_1e8vcs8._.js:1052
[  556436ms] [ERROR] ./app/hand-tracking/components/FileCodePanel.tsx:5:1
Error: Export newLineGroups doesn't exist in target module
  3 | import { useState } from "react";
  4 | import type { FileSnapshot } from "../data/types";
> 5 | import { describeNewLines, newLineGroups } from "../lib/code";
    | ^^^^^^^^^^^^^^^^^^^^^^^^^^^^^^^^^^^^^^^^^^^^^^^^^^^^^^^^^^^^^^
  6 | import { NoCopyWrapper } from "./NoCopyWrapper";
  7 |
  8 | export function FileCodePanel({ file }: { file: FileSnapshot }) {

The export newLineGroups was not found in module [project]/app/hand-tracking/lib/code.ts [app-ssr] (ecmascript).
Did you mean to import newLineGroupsWithContext?
All exports of the module are statically known (It doesn't have dynamic exports). So it's known statically that the requested export doesn't exist.

Import trace:
  Server Component:
    ./app/hand-tracking/components/FileCodePanel.tsx
    ./app/hand-tracking/components/StepDetail.tsx
    ./app/hand-tracking/[stepId]/page.tsx @ http://localhost:3000/_next/static/chunks/node_modules_next_dist_1e8vcs8._.js:1052
[  556494ms] [ERROR] ./app/hand-tracking/components/FileCodePanel.tsx:5:1
Error: Export newLineGroups doesn't exist in target module
  3 | import { useState } from "react";
  4 | import type { FileSnapshot } from "../data/types";
> 5 | import { describeNewLines, newLineGroups } from "../lib/code";
    | ^^^^^^^^^^^^^^^^^^^^^^^^^^^^^^^^^^^^^^^^^^^^^^^^^^^^^^^^^^^^^^
  6 | import { NoCopyWrapper } from "./NoCopyWrapper";
  7 |
  8 | export function FileCodePanel({ file }: { file: FileSnapshot }) {

The export newLineGroups was not found in module [project]/app/hand-tracking/lib/code.ts [app-client] (ecmascript).
Did you mean to import newLineGroupsWithContext?
All exports of the module are statically known (It doesn't have dynamic exports). So it's known statically that the requested export doesn't exist.

Import trace:
  Server Component:
    ./app/hand-tracking/components/FileCodePanel.tsx
    ./app/hand-tracking/components/StepDetail.tsx
    ./app/hand-tracking/[stepId]/page.tsx @ http://localhost:3000/_next/static/chunks/node_modules_next_dist_1e8vcs8._.js:1052
[  556494ms] [ERROR] ./app/hand-tracking/components/FileCodePanel.tsx:5:1
Error: Export newLineGroups doesn't exist in target module
  3 | import { useState } from "react";
  4 | import type { FileSnapshot } from "../data/types";
> 5 | import { describeNewLines, newLineGroups } from "../lib/code";
    | ^^^^^^^^^^^^^^^^^^^^^^^^^^^^^^^^^^^^^^^^^^^^^^^^^^^^^^^^^^^^^^
  6 | import { NoCopyWrapper } from "./NoCopyWrapper";
  7 |
  8 | export function FileCodePanel({ file }: { file: FileSnapshot }) {

The export newLineGroups was not found in module [project]/app/hand-tracking/lib/code.ts [app-ssr] (ecmascript).
Did you mean to import newLineGroupsWithContext?
All exports of the module are statically known (It doesn't have dynamic exports). So it's known statically that the requested export doesn't exist.

Import trace:
  Server Component:
    ./app/hand-tracking/components/FileCodePanel.tsx
    ./app/hand-tracking/components/StepDetail.tsx
    ./app/hand-tracking/[stepId]/page.tsx @ http://localhost:3000/_next/static/chunks/node_modules_next_dist_1e8vcs8._.js:1052
[  556557ms] [ERROR] ./app/hand-tracking/components/FileCodePanel.tsx:5:1
Error: Export newLineGroups doesn't exist in target module
  3 | import { useState } from "react";
  4 | import type { FileSnapshot } from "../data/types";
> 5 | import { describeNewLines, newLineGroups } from "../lib/code";
    | ^^^^^^^^^^^^^^^^^^^^^^^^^^^^^^^^^^^^^^^^^^^^^^^^^^^^^^^^^^^^^^
  6 | import { NoCopyWrapper } from "./NoCopyWrapper";
  7 |
  8 | export function FileCodePanel({ file }: { file: FileSnapshot }) {

The export newLineGroups was not found in module [project]/app/hand-tracking/lib/code.ts [app-client] (ecmascript).
Did you mean to import newLineGroupsWithContext?
All exports of the module are statically known (It doesn't have dynamic exports). So it's known statically that the requested export doesn't exist.

Import trace:
  Server Component:
    ./app/hand-tracking/components/FileCodePanel.tsx
    ./app/hand-tracking/components/StepDetail.tsx
    ./app/hand-tracking/[stepId]/page.tsx @ http://localhost:3000/_next/static/chunks/node_modules_next_dist_1e8vcs8._.js:1052
[  556558ms] [ERROR] ./app/hand-tracking/components/FileCodePanel.tsx:5:1
Error: Export newLineGroups doesn't exist in target module
  3 | import { useState } from "react";
  4 | import type { FileSnapshot } from "../data/types";
> 5 | import { describeNewLines, newLineGroups } from "../lib/code";
    | ^^^^^^^^^^^^^^^^^^^^^^^^^^^^^^^^^^^^^^^^^^^^^^^^^^^^^^^^^^^^^^
  6 | import { NoCopyWrapper } from "./NoCopyWrapper";
  7 |
  8 | export function FileCodePanel({ file }: { file: FileSnapshot }) {

The export newLineGroups was not found in module [project]/app/hand-tracking/lib/code.ts [app-ssr] (ecmascript).
Did you mean to import newLineGroupsWithContext?
All exports of the module are statically known (It doesn't have dynamic exports). So it's known statically that the requested export doesn't exist.

Import trace:
  Server Component:
    ./app/hand-tracking/components/FileCodePanel.tsx
    ./app/hand-tracking/components/StepDetail.tsx
    ./app/hand-tracking/[stepId]/page.tsx @ http://localhost:3000/_next/static/chunks/node_modules_next_dist_1e8vcs8._.js:1052
[  556669ms] [ERROR] ./app/hand-tracking/components/FileCodePanel.tsx:5:1
Error: Export newLineGroups doesn't exist in target module
  3 | import { useState } from "react";
  4 | import type { FileSnapshot } from "../data/types";
> 5 | import { describeNewLines, newLineGroups } from "../lib/code";
    | ^^^^^^^^^^^^^^^^^^^^^^^^^^^^^^^^^^^^^^^^^^^^^^^^^^^^^^^^^^^^^^
  6 | import { NoCopyWrapper } from "./NoCopyWrapper";
  7 |
  8 | export function FileCodePanel({ file }: { file: FileSnapshot }) {

The export newLineGroups was not found in module [project]/app/hand-tracking/lib/code.ts [app-client] (ecmascript).
Did you mean to import newLineGroupsWithContext?
All exports of the module are statically known (It doesn't have dynamic exports). So it's known statically that the requested export doesn't exist.

Import trace:
  Server Component:
    ./app/hand-tracking/components/FileCodePanel.tsx
    ./app/hand-tracking/components/StepDetail.tsx
    ./app/hand-tracking/[stepId]/page.tsx @ http://localhost:3000/_next/static/chunks/node_modules_next_dist_1e8vcs8._.js:1052
[  556671ms] [ERROR] ./app/hand-tracking/components/FileCodePanel.tsx:5:1
Error: Export newLineGroups doesn't exist in target module
  3 | import { useState } from "react";
  4 | import type { FileSnapshot } from "../data/types";
> 5 | import { describeNewLines, newLineGroups } from "../lib/code";
    | ^^^^^^^^^^^^^^^^^^^^^^^^^^^^^^^^^^^^^^^^^^^^^^^^^^^^^^^^^^^^^^
  6 | import { NoCopyWrapper } from "./NoCopyWrapper";
  7 |
  8 | export function FileCodePanel({ file }: { file: FileSnapshot }) {

The export newLineGroups was not found in module [project]/app/hand-tracking/lib/code.ts [app-ssr] (ecmascript).
Did you mean to import newLineGroupsWithContext?
All exports of the module are statically known (It doesn't have dynamic exports). So it's known statically that the requested export doesn't exist.

Import trace:
  Server Component:
    ./app/hand-tracking/components/FileCodePanel.tsx
    ./app/hand-tracking/components/StepDetail.tsx
    ./app/hand-tracking/[stepId]/page.tsx @ http://localhost:3000/_next/static/chunks/node_modules_next_dist_1e8vcs8._.js:1052
[  556728ms] [ERROR] ./app/hand-tracking/components/FileCodePanel.tsx:5:1
Error: Export newLineGroups doesn't exist in target module
  3 | import { useState } from "react";
  4 | import type { FileSnapshot } from "../data/types";
> 5 | import { describeNewLines, newLineGroups } from "../lib/code";
    | ^^^^^^^^^^^^^^^^^^^^^^^^^^^^^^^^^^^^^^^^^^^^^^^^^^^^^^^^^^^^^^
  6 | import { NoCopyWrapper } from "./NoCopyWrapper";
  7 |
  8 | export function FileCodePanel({ file }: { file: FileSnapshot }) {

The export newLineGroups was not found in module [project]/app/hand-tracking/lib/code.ts [app-client] (ecmascript).
Did you mean to import newLineGroupsWithContext?
All exports of the module are statically known (It doesn't have dynamic exports). So it's known statically that the requested export doesn't exist.

Import trace:
  Server Component:
    ./app/hand-tracking/components/FileCodePanel.tsx
    ./app/hand-tracking/components/StepDetail.tsx
    ./app/hand-tracking/[stepId]/page.tsx @ http://localhost:3000/_next/static/chunks/node_modules_next_dist_1e8vcs8._.js:1052
[  556728ms] [ERROR] ./app/hand-tracking/components/FileCodePanel.tsx:5:1
Error: Export newLineGroups doesn't exist in target module
  3 | import { useState } from "react";
  4 | import type { FileSnapshot } from "../data/types";
> 5 | import { describeNewLines, newLineGroups } from "../lib/code";
    | ^^^^^^^^^^^^^^^^^^^^^^^^^^^^^^^^^^^^^^^^^^^^^^^^^^^^^^^^^^^^^^
  6 | import { NoCopyWrapper } from "./NoCopyWrapper";
  7 |
  8 | export function FileCodePanel({ file }: { file: FileSnapshot }) {

The export newLineGroups was not found in module [project]/app/hand-tracking/lib/code.ts [app-ssr] (ecmascript).
Did you mean to import newLineGroupsWithContext?
All exports of the module are statically known (It doesn't have dynamic exports). So it's known statically that the requested export doesn't exist.

Import trace:
  Server Component:
    ./app/hand-tracking/components/FileCodePanel.tsx
    ./app/hand-tracking/components/StepDetail.tsx
    ./app/hand-tracking/[stepId]/page.tsx @ http://localhost:3000/_next/static/chunks/node_modules_next_dist_1e8vcs8._.js:1052
[  556790ms] [ERROR] ./app/hand-tracking/components/FileCodePanel.tsx:5:1
Error: Export newLineGroups doesn't exist in target module
  3 | import { useState } from "react";
  4 | import type { FileSnapshot } from "../data/types";
> 5 | import { describeNewLines, newLineGroups } from "../lib/code";
    | ^^^^^^^^^^^^^^^^^^^^^^^^^^^^^^^^^^^^^^^^^^^^^^^^^^^^^^^^^^^^^^
  6 | import { NoCopyWrapper } from "./NoCopyWrapper";
  7 |
  8 | export function FileCodePanel({ file }: { file: FileSnapshot }) {

The export newLineGroups was not found in module [project]/app/hand-tracking/lib/code.ts [app-client] (ecmascript).
Did you mean to import newLineGroupsWithContext?
All exports of the module are statically known (It doesn't have dynamic exports). So it's known statically that the requested export doesn't exist.

Import trace:
  Server Component:
    ./app/hand-tracking/components/FileCodePanel.tsx
    ./app/hand-tracking/components/StepDetail.tsx
    ./app/hand-tracking/[stepId]/page.tsx @ http://localhost:3000/_next/static/chunks/node_modules_next_dist_1e8vcs8._.js:1052
[  556790ms] [ERROR] ./app/hand-tracking/components/FileCodePanel.tsx:5:1
Error: Export newLineGroups doesn't exist in target module
  3 | import { useState } from "react";
  4 | import type { FileSnapshot } from "../data/types";
> 5 | import { describeNewLines, newLineGroups } from "../lib/code";
    | ^^^^^^^^^^^^^^^^^^^^^^^^^^^^^^^^^^^^^^^^^^^^^^^^^^^^^^^^^^^^^^
  6 | import { NoCopyWrapper } from "./NoCopyWrapper";
  7 |
  8 | export function FileCodePanel({ file }: { file: FileSnapshot }) {

The export newLineGroups was not found in module [project]/app/hand-tracking/lib/code.ts [app-ssr] (ecmascript).
Did you mean to import newLineGroupsWithContext?
All exports of the module are statically known (It doesn't have dynamic exports). So it's known statically that the requested export doesn't exist.

Import trace:
  Server Component:
    ./app/hand-tracking/components/FileCodePanel.tsx
    ./app/hand-tracking/components/StepDetail.tsx
    ./app/hand-tracking/[stepId]/page.tsx @ http://localhost:3000/_next/static/chunks/node_modules_next_dist_1e8vcs8._.js:1052
[  556854ms] [ERROR] ./app/hand-tracking/components/FileCodePanel.tsx:5:1
Error: Export newLineGroups doesn't exist in target module
  3 | import { useState } from "react";
  4 | import type { FileSnapshot } from "../data/types";
> 5 | import { describeNewLines, newLineGroups } from "../lib/code";
    | ^^^^^^^^^^^^^^^^^^^^^^^^^^^^^^^^^^^^^^^^^^^^^^^^^^^^^^^^^^^^^^
  6 | import { NoCopyWrapper } from "./NoCopyWrapper";
  7 |
  8 | export function FileCodePanel({ file }: { file: FileSnapshot }) {

The export newLineGroups was not found in module [project]/app/hand-tracking/lib/code.ts [app-client] (ecmascript).
Did you mean to import newLineGroupsWithContext?
All exports of the module are statically known (It doesn't have dynamic exports). So it's known statically that the requested export doesn't exist.

Import trace:
  Server Component:
    ./app/hand-tracking/components/FileCodePanel.tsx
    ./app/hand-tracking/components/StepDetail.tsx
    ./app/hand-tracking/[stepId]/page.tsx @ http://localhost:3000/_next/static/chunks/node_modules_next_dist_1e8vcs8._.js:1052
[  556855ms] [ERROR] ./app/hand-tracking/components/FileCodePanel.tsx:5:1
Error: Export newLineGroups doesn't exist in target module
  3 | import { useState } from "react";
  4 | import type { FileSnapshot } from "../data/types";
> 5 | import { describeNewLines, newLineGroups } from "../lib/code";
    | ^^^^^^^^^^^^^^^^^^^^^^^^^^^^^^^^^^^^^^^^^^^^^^^^^^^^^^^^^^^^^^
  6 | import { NoCopyWrapper } from "./NoCopyWrapper";
  7 |
  8 | export function FileCodePanel({ file }: { file: FileSnapshot }) {

The export newLineGroups was not found in module [project]/app/hand-tracking/lib/code.ts [app-ssr] (ecmascript).
Did you mean to import newLineGroupsWithContext?
All exports of the module are statically known (It doesn't have dynamic exports). So it's known statically that the requested export doesn't exist.

Import trace:
  Server Component:
    ./app/hand-tracking/components/FileCodePanel.tsx
    ./app/hand-tracking/components/StepDetail.tsx
    ./app/hand-tracking/[stepId]/page.tsx @ http://localhost:3000/_next/static/chunks/node_modules_next_dist_1e8vcs8._.js:1052
[  556914ms] [ERROR] ./app/hand-tracking/components/FileCodePanel.tsx:5:1
Error: Export newLineGroups doesn't exist in target module
  3 | import { useState } from "react";
  4 | import type { FileSnapshot } from "../data/types";
> 5 | import { describeNewLines, newLineGroups } from "../lib/code";
    | ^^^^^^^^^^^^^^^^^^^^^^^^^^^^^^^^^^^^^^^^^^^^^^^^^^^^^^^^^^^^^^
  6 | import { NoCopyWrapper } from "./NoCopyWrapper";
  7 |
  8 | export function FileCodePanel({ file }: { file: FileSnapshot }) {

The export newLineGroups was not found in module [project]/app/hand-tracking/lib/code.ts [app-client] (ecmascript).
Did you mean to import newLineGroupsWithContext?
All exports of the module are statically known (It doesn't have dynamic exports). So it's known statically that the requested export doesn't exist.

Import trace:
  Server Component:
    ./app/hand-tracking/components/FileCodePanel.tsx
    ./app/hand-tracking/components/StepDetail.tsx
    ./app/hand-tracking/[stepId]/page.tsx @ http://localhost:3000/_next/static/chunks/node_modules_next_dist_1e8vcs8._.js:1052
[  556915ms] [ERROR] ./app/hand-tracking/components/FileCodePanel.tsx:5:1
Error: Export newLineGroups doesn't exist in target module
  3 | import { useState } from "react";
  4 | import type { FileSnapshot } from "../data/types";
> 5 | import { describeNewLines, newLineGroups } from "../lib/code";
    | ^^^^^^^^^^^^^^^^^^^^^^^^^^^^^^^^^^^^^^^^^^^^^^^^^^^^^^^^^^^^^^
  6 | import { NoCopyWrapper } from "./NoCopyWrapper";
  7 |
  8 | export function FileCodePanel({ file }: { file: FileSnapshot }) {

The export newLineGroups was not found in module [project]/app/hand-tracking/lib/code.ts [app-ssr] (ecmascript).
Did you mean to import newLineGroupsWithContext?
All exports of the module are statically known (It doesn't have dynamic exports). So it's known statically that the requested export doesn't exist.

Import trace:
  Server Component:
    ./app/hand-tracking/components/FileCodePanel.tsx
    ./app/hand-tracking/components/StepDetail.tsx
    ./app/hand-tracking/[stepId]/page.tsx @ http://localhost:3000/_next/static/chunks/node_modules_next_dist_1e8vcs8._.js:1052
[  556976ms] [ERROR] ./app/hand-tracking/components/FileCodePanel.tsx:5:1
Error: Export newLineGroups doesn't exist in target module
  3 | import { useState } from "react";
  4 | import type { FileSnapshot } from "../data/types";
> 5 | import { describeNewLines, newLineGroups } from "../lib/code";
    | ^^^^^^^^^^^^^^^^^^^^^^^^^^^^^^^^^^^^^^^^^^^^^^^^^^^^^^^^^^^^^^
  6 | import { NoCopyWrapper } from "./NoCopyWrapper";
  7 |
  8 | export function FileCodePanel({ file }: { file: FileSnapshot }) {

The export newLineGroups was not found in module [project]/app/hand-tracking/lib/code.ts [app-client] (ecmascript).
Did you mean to import newLineGroupsWithContext?
All exports of the module are statically known (It doesn't have dynamic exports). So it's known statically that the requested export doesn't exist.

Import trace:
  Server Component:
    ./app/hand-tracking/components/FileCodePanel.tsx
    ./app/hand-tracking/components/StepDetail.tsx
    ./app/hand-tracking/[stepId]/page.tsx @ http://localhost:3000/_next/static/chunks/node_modules_next_dist_1e8vcs8._.js:1052
[  556976ms] [ERROR] ./app/hand-tracking/components/FileCodePanel.tsx:5:1
Error: Export newLineGroups doesn't exist in target module
  3 | import { useState } from "react";
  4 | import type { FileSnapshot } from "../data/types";
> 5 | import { describeNewLines, newLineGroups } from "../lib/code";
    | ^^^^^^^^^^^^^^^^^^^^^^^^^^^^^^^^^^^^^^^^^^^^^^^^^^^^^^^^^^^^^^
  6 | import { NoCopyWrapper } from "./NoCopyWrapper";
  7 |
  8 | export function FileCodePanel({ file }: { file: FileSnapshot }) {

The export newLineGroups was not found in module [project]/app/hand-tracking/lib/code.ts [app-ssr] (ecmascript).
Did you mean to import newLineGroupsWithContext?
All exports of the module are statically known (It doesn't have dynamic exports). So it's known statically that the requested export doesn't exist.

Import trace:
  Server Component:
    ./app/hand-tracking/components/FileCodePanel.tsx
    ./app/hand-tracking/components/StepDetail.tsx
    ./app/hand-tracking/[stepId]/page.tsx @ http://localhost:3000/_next/static/chunks/node_modules_next_dist_1e8vcs8._.js:1052
[  557038ms] [ERROR] ./app/hand-tracking/components/FileCodePanel.tsx:5:1
Error: Export newLineGroups doesn't exist in target module
  3 | import { useState } from "react";
  4 | import type { FileSnapshot } from "../data/types";
> 5 | import { describeNewLines, newLineGroups } from "../lib/code";
    | ^^^^^^^^^^^^^^^^^^^^^^^^^^^^^^^^^^^^^^^^^^^^^^^^^^^^^^^^^^^^^^
  6 | import { NoCopyWrapper } from "./NoCopyWrapper";
  7 |
  8 | export function FileCodePanel({ file }: { file: FileSnapshot }) {

The export newLineGroups was not found in module [project]/app/hand-tracking/lib/code.ts [app-client] (ecmascript).
Did you mean to import newLineGroupsWithContext?
All exports of the module are statically known (It doesn't have dynamic exports). So it's known statically that the requested export doesn't exist.

Import trace:
  Server Component:
    ./app/hand-tracking/components/FileCodePanel.tsx
    ./app/hand-tracking/components/StepDetail.tsx
    ./app/hand-tracking/[stepId]/page.tsx @ http://localhost:3000/_next/static/chunks/node_modules_next_dist_1e8vcs8._.js:1052
[  557038ms] [ERROR] ./app/hand-tracking/components/FileCodePanel.tsx:5:1
Error: Export newLineGroups doesn't exist in target module
  3 | import { useState } from "react";
  4 | import type { FileSnapshot } from "../data/types";
> 5 | import { describeNewLines, newLineGroups } from "../lib/code";
    | ^^^^^^^^^^^^^^^^^^^^^^^^^^^^^^^^^^^^^^^^^^^^^^^^^^^^^^^^^^^^^^
  6 | import { NoCopyWrapper } from "./NoCopyWrapper";
  7 |
  8 | export function FileCodePanel({ file }: { file: FileSnapshot }) {

The export newLineGroups was not found in module [project]/app/hand-tracking/lib/code.ts [app-ssr] (ecmascript).
Did you mean to import newLineGroupsWithContext?
All exports of the module are statically known (It doesn't have dynamic exports). So it's known statically that the requested export doesn't exist.

Import trace:
  Server Component:
    ./app/hand-tracking/components/FileCodePanel.tsx
    ./app/hand-tracking/components/StepDetail.tsx
    ./app/hand-tracking/[stepId]/page.tsx @ http://localhost:3000/_next/static/chunks/node_modules_next_dist_1e8vcs8._.js:1052
[  557102ms] [ERROR] ./app/hand-tracking/components/FileCodePanel.tsx:5:1
Error: Export newLineGroups doesn't exist in target module
  3 | import { useState } from "react";
  4 | import type { FileSnapshot } from "../data/types";
> 5 | import { describeNewLines, newLineGroups } from "../lib/code";
    | ^^^^^^^^^^^^^^^^^^^^^^^^^^^^^^^^^^^^^^^^^^^^^^^^^^^^^^^^^^^^^^
  6 | import { NoCopyWrapper } from "./NoCopyWrapper";
  7 |
  8 | export function FileCodePanel({ file }: { file: FileSnapshot }) {

The export newLineGroups was not found in module [project]/app/hand-tracking/lib/code.ts [app-client] (ecmascript).
Did you mean to import newLineGroupsWithContext?
All exports of the module are statically known (It doesn't have dynamic exports). So it's known statically that the requested export doesn't exist.

Import trace:
  Server Component:
    ./app/hand-tracking/components/FileCodePanel.tsx
    ./app/hand-tracking/components/StepDetail.tsx
    ./app/hand-tracking/[stepId]/page.tsx @ http://localhost:3000/_next/static/chunks/node_modules_next_dist_1e8vcs8._.js:1052
[  557103ms] [ERROR] ./app/hand-tracking/components/FileCodePanel.tsx:5:1
Error: Export newLineGroups doesn't exist in target module
  3 | import { useState } from "react";
  4 | import type { FileSnapshot } from "../data/types";
> 5 | import { describeNewLines, newLineGroups } from "../lib/code";
    | ^^^^^^^^^^^^^^^^^^^^^^^^^^^^^^^^^^^^^^^^^^^^^^^^^^^^^^^^^^^^^^
  6 | import { NoCopyWrapper } from "./NoCopyWrapper";
  7 |
  8 | export function FileCodePanel({ file }: { file: FileSnapshot }) {

The export newLineGroups was not found in module [project]/app/hand-tracking/lib/code.ts [app-ssr] (ecmascript).
Did you mean to import newLineGroupsWithContext?
All exports of the module are statically known (It doesn't have dynamic exports). So it's known statically that the requested export doesn't exist.

Import trace:
  Server Component:
    ./app/hand-tracking/components/FileCodePanel.tsx
    ./app/hand-tracking/components/StepDetail.tsx
    ./app/hand-tracking/[stepId]/page.tsx @ http://localhost:3000/_next/static/chunks/node_modules_next_dist_1e8vcs8._.js:1052
[  557163ms] [ERROR] ./app/hand-tracking/components/FileCodePanel.tsx:5:1
Error: Export newLineGroups doesn't exist in target module
  3 | import { useState } from "react";
  4 | import type { FileSnapshot } from "../data/types";
> 5 | import { describeNewLines, newLineGroups } from "../lib/code";
    | ^^^^^^^^^^^^^^^^^^^^^^^^^^^^^^^^^^^^^^^^^^^^^^^^^^^^^^^^^^^^^^
  6 | import { NoCopyWrapper } from "./NoCopyWrapper";
  7 |
  8 | export function FileCodePanel({ file }: { file: FileSnapshot }) {

The export newLineGroups was not found in module [project]/app/hand-tracking/lib/code.ts [app-client] (ecmascript).
Did you mean to import newLineGroupsWithContext?
All exports of the module are statically known (It doesn't have dynamic exports). So it's known statically that the requested export doesn't exist.

Import trace:
  Server Component:
    ./app/hand-tracking/components/FileCodePanel.tsx
    ./app/hand-tracking/components/StepDetail.tsx
    ./app/hand-tracking/[stepId]/page.tsx @ http://localhost:3000/_next/static/chunks/node_modules_next_dist_1e8vcs8._.js:1052
[  557164ms] [ERROR] ./app/hand-tracking/components/FileCodePanel.tsx:5:1
Error: Export newLineGroups doesn't exist in target module
  3 | import { useState } from "react";
  4 | import type { FileSnapshot } from "../data/types";
> 5 | import { describeNewLines, newLineGroups } from "../lib/code";
    | ^^^^^^^^^^^^^^^^^^^^^^^^^^^^^^^^^^^^^^^^^^^^^^^^^^^^^^^^^^^^^^
  6 | import { NoCopyWrapper } from "./NoCopyWrapper";
  7 |
  8 | export function FileCodePanel({ file }: { file: FileSnapshot }) {

The export newLineGroups was not found in module [project]/app/hand-tracking/lib/code.ts [app-ssr] (ecmascript).
Did you mean to import newLineGroupsWithContext?
All exports of the module are statically known (It doesn't have dynamic exports). So it's known statically that the requested export doesn't exist.

Import trace:
  Server Component:
    ./app/hand-tracking/components/FileCodePanel.tsx
    ./app/hand-tracking/components/StepDetail.tsx
    ./app/hand-tracking/[stepId]/page.tsx @ http://localhost:3000/_next/static/chunks/node_modules_next_dist_1e8vcs8._.js:1052
[  557226ms] [ERROR] ./app/hand-tracking/components/FileCodePanel.tsx:5:1
Error: Export newLineGroups doesn't exist in target module
  3 | import { useState } from "react";
  4 | import type { FileSnapshot } from "../data/types";
> 5 | import { describeNewLines, newLineGroups } from "../lib/code";
    | ^^^^^^^^^^^^^^^^^^^^^^^^^^^^^^^^^^^^^^^^^^^^^^^^^^^^^^^^^^^^^^
  6 | import { NoCopyWrapper } from "./NoCopyWrapper";
  7 |
  8 | export function FileCodePanel({ file }: { file: FileSnapshot }) {

The export newLineGroups was not found in module [project]/app/hand-tracking/lib/code.ts [app-client] (ecmascript).
Did you mean to import newLineGroupsWithContext?
All exports of the module are statically known (It doesn't have dynamic exports). So it's known statically that the requested export doesn't exist.

Import trace:
  Server Component:
    ./app/hand-tracking/components/FileCodePanel.tsx
    ./app/hand-tracking/components/StepDetail.tsx
    ./app/hand-tracking/[stepId]/page.tsx @ http://localhost:3000/_next/static/chunks/node_modules_next_dist_1e8vcs8._.js:1052
[  557227ms] [ERROR] ./app/hand-tracking/components/FileCodePanel.tsx:5:1
Error: Export newLineGroups doesn't exist in target module
  3 | import { useState } from "react";
  4 | import type { FileSnapshot } from "../data/types";
> 5 | import { describeNewLines, newLineGroups } from "../lib/code";
    | ^^^^^^^^^^^^^^^^^^^^^^^^^^^^^^^^^^^^^^^^^^^^^^^^^^^^^^^^^^^^^^
  6 | import { NoCopyWrapper } from "./NoCopyWrapper";
  7 |
  8 | export function FileCodePanel({ file }: { file: FileSnapshot }) {

The export newLineGroups was not found in module [project]/app/hand-tracking/lib/code.ts [app-ssr] (ecmascript).
Did you mean to import newLineGroupsWithContext?
All exports of the module are statically known (It doesn't have dynamic exports). So it's known statically that the requested export doesn't exist.

Import trace:
  Server Component:
    ./app/hand-tracking/components/FileCodePanel.tsx
    ./app/hand-tracking/components/StepDetail.tsx
    ./app/hand-tracking/[stepId]/page.tsx @ http://localhost:3000/_next/static/chunks/node_modules_next_dist_1e8vcs8._.js:1052
[  557288ms] [ERROR] ./app/hand-tracking/components/FileCodePanel.tsx:5:1
Error: Export newLineGroups doesn't exist in target module
  3 | import { useState } from "react";
  4 | import type { FileSnapshot } from "../data/types";
> 5 | import { describeNewLines, newLineGroups } from "../lib/code";
    | ^^^^^^^^^^^^^^^^^^^^^^^^^^^^^^^^^^^^^^^^^^^^^^^^^^^^^^^^^^^^^^
  6 | import { NoCopyWrapper } from "./NoCopyWrapper";
  7 |
  8 | export function FileCodePanel({ file }: { file: FileSnapshot }) {

The export newLineGroups was not found in module [project]/app/hand-tracking/lib/code.ts [app-client] (ecmascript).
Did you mean to import newLineGroupsWithContext?
All exports of the module are statically known (It doesn't have dynamic exports). So it's known statically that the requested export doesn't exist.

Import trace:
  Server Component:
    ./app/hand-tracking/components/FileCodePanel.tsx
    ./app/hand-tracking/components/StepDetail.tsx
    ./app/hand-tracking/[stepId]/page.tsx @ http://localhost:3000/_next/static/chunks/node_modules_next_dist_1e8vcs8._.js:1052
[  557289ms] [ERROR] ./app/hand-tracking/components/FileCodePanel.tsx:5:1
Error: Export newLineGroups doesn't exist in target module
  3 | import { useState } from "react";
  4 | import type { FileSnapshot } from "../data/types";
> 5 | import { describeNewLines, newLineGroups } from "../lib/code";
    | ^^^^^^^^^^^^^^^^^^^^^^^^^^^^^^^^^^^^^^^^^^^^^^^^^^^^^^^^^^^^^^
  6 | import { NoCopyWrapper } from "./NoCopyWrapper";
  7 |
  8 | export function FileCodePanel({ file }: { file: FileSnapshot }) {

The export newLineGroups was not found in module [project]/app/hand-tracking/lib/code.ts [app-ssr] (ecmascript).
Did you mean to import newLineGroupsWithContext?
All exports of the module are statically known (It doesn't have dynamic exports). So it's known statically that the requested export doesn't exist.

Import trace:
  Server Component:
    ./app/hand-tracking/components/FileCodePanel.tsx
    ./app/hand-tracking/components/StepDetail.tsx
    ./app/hand-tracking/[stepId]/page.tsx @ http://localhost:3000/_next/static/chunks/node_modules_next_dist_1e8vcs8._.js:1052
[  557351ms] [ERROR] ./app/hand-tracking/components/FileCodePanel.tsx:5:1
Error: Export newLineGroups doesn't exist in target module
  3 | import { useState } from "react";
  4 | import type { FileSnapshot } from "../data/types";
> 5 | import { describeNewLines, newLineGroups } from "../lib/code";
    | ^^^^^^^^^^^^^^^^^^^^^^^^^^^^^^^^^^^^^^^^^^^^^^^^^^^^^^^^^^^^^^
  6 | import { NoCopyWrapper } from "./NoCopyWrapper";
  7 |
  8 | export function FileCodePanel({ file }: { file: FileSnapshot }) {

The export newLineGroups was not found in module [project]/app/hand-tracking/lib/code.ts [app-client] (ecmascript).
Did you mean to import newLineGroupsWithContext?
All exports of the module are statically known (It doesn't have dynamic exports). So it's known statically that the requested export doesn't exist.

Import trace:
  Server Component:
    ./app/hand-tracking/components/FileCodePanel.tsx
    ./app/hand-tracking/components/StepDetail.tsx
    ./app/hand-tracking/[stepId]/page.tsx @ http://localhost:3000/_next/static/chunks/node_modules_next_dist_1e8vcs8._.js:1052
[  557352ms] [ERROR] ./app/hand-tracking/components/FileCodePanel.tsx:5:1
Error: Export newLineGroups doesn't exist in target module
  3 | import { useState } from "react";
  4 | import type { FileSnapshot } from "../data/types";
> 5 | import { describeNewLines, newLineGroups } from "../lib/code";
    | ^^^^^^^^^^^^^^^^^^^^^^^^^^^^^^^^^^^^^^^^^^^^^^^^^^^^^^^^^^^^^^
  6 | import { NoCopyWrapper } from "./NoCopyWrapper";
  7 |
  8 | export function FileCodePanel({ file }: { file: FileSnapshot }) {

The export newLineGroups was not found in module [project]/app/hand-tracking/lib/code.ts [app-ssr] (ecmascript).
Did you mean to import newLineGroupsWithContext?
All exports of the module are statically known (It doesn't have dynamic exports). So it's known statically that the requested export doesn't exist.

Import trace:
  Server Component:
    ./app/hand-tracking/components/FileCodePanel.tsx
    ./app/hand-tracking/components/StepDetail.tsx
    ./app/hand-tracking/[stepId]/page.tsx @ http://localhost:3000/_next/static/chunks/node_modules_next_dist_1e8vcs8._.js:1052
[  557411ms] [ERROR] ./app/hand-tracking/components/FileCodePanel.tsx:5:1
Error: Export newLineGroups doesn't exist in target module
  3 | import { useState } from "react";
  4 | import type { FileSnapshot } from "../data/types";
> 5 | import { describeNewLines, newLineGroups } from "../lib/code";
    | ^^^^^^^^^^^^^^^^^^^^^^^^^^^^^^^^^^^^^^^^^^^^^^^^^^^^^^^^^^^^^^
  6 | import { NoCopyWrapper } from "./NoCopyWrapper";
  7 |
  8 | export function FileCodePanel({ file }: { file: FileSnapshot }) {

The export newLineGroups was not found in module [project]/app/hand-tracking/lib/code.ts [app-client] (ecmascript).
Did you mean to import newLineGroupsWithContext?
All exports of the module are statically known (It doesn't have dynamic exports). So it's known statically that the requested export doesn't exist.

Import trace:
  Server Component:
    ./app/hand-tracking/components/FileCodePanel.tsx
    ./app/hand-tracking/components/StepDetail.tsx
    ./app/hand-tracking/[stepId]/page.tsx @ http://localhost:3000/_next/static/chunks/node_modules_next_dist_1e8vcs8._.js:1052
[  557412ms] [ERROR] ./app/hand-tracking/components/FileCodePanel.tsx:5:1
Error: Export newLineGroups doesn't exist in target module
  3 | import { useState } from "react";
  4 | import type { FileSnapshot } from "../data/types";
> 5 | import { describeNewLines, newLineGroups } from "../lib/code";
    | ^^^^^^^^^^^^^^^^^^^^^^^^^^^^^^^^^^^^^^^^^^^^^^^^^^^^^^^^^^^^^^
  6 | import { NoCopyWrapper } from "./NoCopyWrapper";
  7 |
  8 | export function FileCodePanel({ file }: { file: FileSnapshot }) {

The export newLineGroups was not found in module [project]/app/hand-tracking/lib/code.ts [app-ssr] (ecmascript).
Did you mean to import newLineGroupsWithContext?
All exports of the module are statically known (It doesn't have dynamic exports). So it's known statically that the requested export doesn't exist.

Import trace:
  Server Component:
    ./app/hand-tracking/components/FileCodePanel.tsx
    ./app/hand-tracking/components/StepDetail.tsx
    ./app/hand-tracking/[stepId]/page.tsx @ http://localhost:3000/_next/static/chunks/node_modules_next_dist_1e8vcs8._.js:1052
[  557474ms] [ERROR] ./app/hand-tracking/components/FileCodePanel.tsx:5:1
Error: Export newLineGroups doesn't exist in target module
  3 | import { useState } from "react";
  4 | import type { FileSnapshot } from "../data/types";
> 5 | import { describeNewLines, newLineGroups } from "../lib/code";
    | ^^^^^^^^^^^^^^^^^^^^^^^^^^^^^^^^^^^^^^^^^^^^^^^^^^^^^^^^^^^^^^
  6 | import { NoCopyWrapper } from "./NoCopyWrapper";
  7 |
  8 | export function FileCodePanel({ file }: { file: FileSnapshot }) {

The export newLineGroups was not found in module [project]/app/hand-tracking/lib/code.ts [app-client] (ecmascript).
Did you mean to import newLineGroupsWithContext?
All exports of the module are statically known (It doesn't have dynamic exports). So it's known statically that the requested export doesn't exist.

Import trace:
  Server Component:
    ./app/hand-tracking/components/FileCodePanel.tsx
    ./app/hand-tracking/components/StepDetail.tsx
    ./app/hand-tracking/[stepId]/page.tsx @ http://localhost:3000/_next/static/chunks/node_modules_next_dist_1e8vcs8._.js:1052
[  557475ms] [ERROR] ./app/hand-tracking/components/FileCodePanel.tsx:5:1
Error: Export newLineGroups doesn't exist in target module
  3 | import { useState } from "react";
  4 | import type { FileSnapshot } from "../data/types";
> 5 | import { describeNewLines, newLineGroups } from "../lib/code";
    | ^^^^^^^^^^^^^^^^^^^^^^^^^^^^^^^^^^^^^^^^^^^^^^^^^^^^^^^^^^^^^^
  6 | import { NoCopyWrapper } from "./NoCopyWrapper";
  7 |
  8 | export function FileCodePanel({ file }: { file: FileSnapshot }) {

The export newLineGroups was not found in module [project]/app/hand-tracking/lib/code.ts [app-ssr] (ecmascript).
Did you mean to import newLineGroupsWithContext?
All exports of the module are statically known (It doesn't have dynamic exports). So it's known statically that the requested export doesn't exist.

Import trace:
  Server Component:
    ./app/hand-tracking/components/FileCodePanel.tsx
    ./app/hand-tracking/components/StepDetail.tsx
    ./app/hand-tracking/[stepId]/page.tsx @ http://localhost:3000/_next/static/chunks/node_modules_next_dist_1e8vcs8._.js:1052
[  557536ms] [ERROR] ./app/hand-tracking/components/FileCodePanel.tsx:5:1
Error: Export newLineGroups doesn't exist in target module
  3 | import { useState } from "react";
  4 | import type { FileSnapshot } from "../data/types";
> 5 | import { describeNewLines, newLineGroups } from "../lib/code";
    | ^^^^^^^^^^^^^^^^^^^^^^^^^^^^^^^^^^^^^^^^^^^^^^^^^^^^^^^^^^^^^^
  6 | import { NoCopyWrapper } from "./NoCopyWrapper";
  7 |
  8 | export function FileCodePanel({ file }: { file: FileSnapshot }) {

The export newLineGroups was not found in module [project]/app/hand-tracking/lib/code.ts [app-client] (ecmascript).
Did you mean to import newLineGroupsWithContext?
All exports of the module are statically known (It doesn't have dynamic exports). So it's known statically that the requested export doesn't exist.

Import trace:
  Server Component:
    ./app/hand-tracking/components/FileCodePanel.tsx
    ./app/hand-tracking/components/StepDetail.tsx
    ./app/hand-tracking/[stepId]/page.tsx @ http://localhost:3000/_next/static/chunks/node_modules_next_dist_1e8vcs8._.js:1052
[  557536ms] [ERROR] ./app/hand-tracking/components/FileCodePanel.tsx:5:1
Error: Export newLineGroups doesn't exist in target module
  3 | import { useState } from "react";
  4 | import type { FileSnapshot } from "../data/types";
> 5 | import { describeNewLines, newLineGroups } from "../lib/code";
    | ^^^^^^^^^^^^^^^^^^^^^^^^^^^^^^^^^^^^^^^^^^^^^^^^^^^^^^^^^^^^^^
  6 | import { NoCopyWrapper } from "./NoCopyWrapper";
  7 |
  8 | export function FileCodePanel({ file }: { file: FileSnapshot }) {

The export newLineGroups was not found in module [project]/app/hand-tracking/lib/code.ts [app-ssr] (ecmascript).
Did you mean to import newLineGroupsWithContext?
All exports of the module are statically known (It doesn't have dynamic exports). So it's known statically that the requested export doesn't exist.

Import trace:
  Server Component:
    ./app/hand-tracking/components/FileCodePanel.tsx
    ./app/hand-tracking/components/StepDetail.tsx
    ./app/hand-tracking/[stepId]/page.tsx @ http://localhost:3000/_next/static/chunks/node_modules_next_dist_1e8vcs8._.js:1052
[  557597ms] [ERROR] ./app/hand-tracking/components/FileCodePanel.tsx:5:1
Error: Export newLineGroups doesn't exist in target module
  3 | import { useState } from "react";
  4 | import type { FileSnapshot } from "../data/types";
> 5 | import { describeNewLines, newLineGroups } from "../lib/code";
    | ^^^^^^^^^^^^^^^^^^^^^^^^^^^^^^^^^^^^^^^^^^^^^^^^^^^^^^^^^^^^^^
  6 | import { NoCopyWrapper } from "./NoCopyWrapper";
  7 |
  8 | export function FileCodePanel({ file }: { file: FileSnapshot }) {

The export newLineGroups was not found in module [project]/app/hand-tracking/lib/code.ts [app-client] (ecmascript).
Did you mean to import newLineGroupsWithContext?
All exports of the module are statically known (It doesn't have dynamic exports). So it's known statically that the requested export doesn't exist.

Import trace:
  Server Component:
    ./app/hand-tracking/components/FileCodePanel.tsx
    ./app/hand-tracking/components/StepDetail.tsx
    ./app/hand-tracking/[stepId]/page.tsx @ http://localhost:3000/_next/static/chunks/node_modules_next_dist_1e8vcs8._.js:1052
[  557597ms] [ERROR] ./app/hand-tracking/components/FileCodePanel.tsx:5:1
Error: Export newLineGroups doesn't exist in target module
  3 | import { useState } from "react";
  4 | import type { FileSnapshot } from "../data/types";
> 5 | import { describeNewLines, newLineGroups } from "../lib/code";
    | ^^^^^^^^^^^^^^^^^^^^^^^^^^^^^^^^^^^^^^^^^^^^^^^^^^^^^^^^^^^^^^
  6 | import { NoCopyWrapper } from "./NoCopyWrapper";
  7 |
  8 | export function FileCodePanel({ file }: { file: FileSnapshot }) {

The export newLineGroups was not found in module [project]/app/hand-tracking/lib/code.ts [app-ssr] (ecmascript).
Did you mean to import newLineGroupsWithContext?
All exports of the module are statically known (It doesn't have dynamic exports). So it's known statically that the requested export doesn't exist.

Import trace:
  Server Component:
    ./app/hand-tracking/components/FileCodePanel.tsx
    ./app/hand-tracking/components/StepDetail.tsx
    ./app/hand-tracking/[stepId]/page.tsx @ http://localhost:3000/_next/static/chunks/node_modules_next_dist_1e8vcs8._.js:1052
[  557660ms] [ERROR] ./app/hand-tracking/components/FileCodePanel.tsx:5:1
Error: Export newLineGroups doesn't exist in target module
  3 | import { useState } from "react";
  4 | import type { FileSnapshot } from "../data/types";
> 5 | import { describeNewLines, newLineGroups } from "../lib/code";
    | ^^^^^^^^^^^^^^^^^^^^^^^^^^^^^^^^^^^^^^^^^^^^^^^^^^^^^^^^^^^^^^
  6 | import { NoCopyWrapper } from "./NoCopyWrapper";
  7 |
  8 | export function FileCodePanel({ file }: { file: FileSnapshot }) {

The export newLineGroups was not found in module [project]/app/hand-tracking/lib/code.ts [app-client] (ecmascript).
Did you mean to import newLineGroupsWithContext?
All exports of the module are statically known (It doesn't have dynamic exports). So it's known statically that the requested export doesn't exist.

Import trace:
  Server Component:
    ./app/hand-tracking/components/FileCodePanel.tsx
    ./app/hand-tracking/components/StepDetail.tsx
    ./app/hand-tracking/[stepId]/page.tsx @ http://localhost:3000/_next/static/chunks/node_modules_next_dist_1e8vcs8._.js:1052
[  557660ms] [ERROR] ./app/hand-tracking/components/FileCodePanel.tsx:5:1
Error: Export newLineGroups doesn't exist in target module
  3 | import { useState } from "react";
  4 | import type { FileSnapshot } from "../data/types";
> 5 | import { describeNewLines, newLineGroups } from "../lib/code";
    | ^^^^^^^^^^^^^^^^^^^^^^^^^^^^^^^^^^^^^^^^^^^^^^^^^^^^^^^^^^^^^^
  6 | import { NoCopyWrapper } from "./NoCopyWrapper";
  7 |
  8 | export function FileCodePanel({ file }: { file: FileSnapshot }) {

The export newLineGroups was not found in module [project]/app/hand-tracking/lib/code.ts [app-ssr] (ecmascript).
Did you mean to import newLineGroupsWithContext?
All exports of the module are statically known (It doesn't have dynamic exports). So it's known statically that the requested export doesn't exist.

Import trace:
  Server Component:
    ./app/hand-tracking/components/FileCodePanel.tsx
    ./app/hand-tracking/components/StepDetail.tsx
    ./app/hand-tracking/[stepId]/page.tsx @ http://localhost:3000/_next/static/chunks/node_modules_next_dist_1e8vcs8._.js:1052
[  557722ms] [ERROR] ./app/hand-tracking/components/FileCodePanel.tsx:5:1
Error: Export newLineGroups doesn't exist in target module
  3 | import { useState } from "react";
  4 | import type { FileSnapshot } from "../data/types";
> 5 | import { describeNewLines, newLineGroups } from "../lib/code";
    | ^^^^^^^^^^^^^^^^^^^^^^^^^^^^^^^^^^^^^^^^^^^^^^^^^^^^^^^^^^^^^^
  6 | import { NoCopyWrapper } from "./NoCopyWrapper";
  7 |
  8 | export function FileCodePanel({ file }: { file: FileSnapshot }) {

The export newLineGroups was not found in module [project]/app/hand-tracking/lib/code.ts [app-client] (ecmascript).
Did you mean to import newLineGroupsWithContext?
All exports of the module are statically known (It doesn't have dynamic exports). So it's known statically that the requested export doesn't exist.

Import trace:
  Server Component:
    ./app/hand-tracking/components/FileCodePanel.tsx
    ./app/hand-tracking/components/StepDetail.tsx
    ./app/hand-tracking/[stepId]/page.tsx @ http://localhost:3000/_next/static/chunks/node_modules_next_dist_1e8vcs8._.js:1052
[  557723ms] [ERROR] ./app/hand-tracking/components/FileCodePanel.tsx:5:1
Error: Export newLineGroups doesn't exist in target module
  3 | import { useState } from "react";
  4 | import type { FileSnapshot } from "../data/types";
> 5 | import { describeNewLines, newLineGroups } from "../lib/code";
    | ^^^^^^^^^^^^^^^^^^^^^^^^^^^^^^^^^^^^^^^^^^^^^^^^^^^^^^^^^^^^^^
  6 | import { NoCopyWrapper } from "./NoCopyWrapper";
  7 |
  8 | export function FileCodePanel({ file }: { file: FileSnapshot }) {

The export newLineGroups was not found in module [project]/app/hand-tracking/lib/code.ts [app-ssr] (ecmascript).
Did you mean to import newLineGroupsWithContext?
All exports of the module are statically known (It doesn't have dynamic exports). So it's known statically that the requested export doesn't exist.

Import trace:
  Server Component:
    ./app/hand-tracking/components/FileCodePanel.tsx
    ./app/hand-tracking/components/StepDetail.tsx
    ./app/hand-tracking/[stepId]/page.tsx @ http://localhost:3000/_next/static/chunks/node_modules_next_dist_1e8vcs8._.js:1052
[  557784ms] [ERROR] ./app/hand-tracking/components/FileCodePanel.tsx:5:1
Error: Export newLineGroups doesn't exist in target module
  3 | import { useState } from "react";
  4 | import type { FileSnapshot } from "../data/types";
> 5 | import { describeNewLines, newLineGroups } from "../lib/code";
    | ^^^^^^^^^^^^^^^^^^^^^^^^^^^^^^^^^^^^^^^^^^^^^^^^^^^^^^^^^^^^^^
  6 | import { NoCopyWrapper } from "./NoCopyWrapper";
  7 |
  8 | export function FileCodePanel({ file }: { file: FileSnapshot }) {

The export newLineGroups was not found in module [project]/app/hand-tracking/lib/code.ts [app-client] (ecmascript).
Did you mean to import newLineGroupsWithContext?
All exports of the module are statically known (It doesn't have dynamic exports). So it's known statically that the requested export doesn't exist.

Import trace:
  Server Component:
    ./app/hand-tracking/components/FileCodePanel.tsx
    ./app/hand-tracking/components/StepDetail.tsx
    ./app/hand-tracking/[stepId]/page.tsx @ http://localhost:3000/_next/static/chunks/node_modules_next_dist_1e8vcs8._.js:1052
[  557785ms] [ERROR] ./app/hand-tracking/components/FileCodePanel.tsx:5:1
Error: Export newLineGroups doesn't exist in target module
  3 | import { useState } from "react";
  4 | import type { FileSnapshot } from "../data/types";
> 5 | import { describeNewLines, newLineGroups } from "../lib/code";
    | ^^^^^^^^^^^^^^^^^^^^^^^^^^^^^^^^^^^^^^^^^^^^^^^^^^^^^^^^^^^^^^
  6 | import { NoCopyWrapper } from "./NoCopyWrapper";
  7 |
  8 | export function FileCodePanel({ file }: { file: FileSnapshot }) {

The export newLineGroups was not found in module [project]/app/hand-tracking/lib/code.ts [app-ssr] (ecmascript).
Did you mean to import newLineGroupsWithContext?
All exports of the module are statically known (It doesn't have dynamic exports). So it's known statically that the requested export doesn't exist.

Import trace:
  Server Component:
    ./app/hand-tracking/components/FileCodePanel.tsx
    ./app/hand-tracking/components/StepDetail.tsx
    ./app/hand-tracking/[stepId]/page.tsx @ http://localhost:3000/_next/static/chunks/node_modules_next_dist_1e8vcs8._.js:1052
[  557846ms] [ERROR] ./app/hand-tracking/components/FileCodePanel.tsx:5:1
Error: Export newLineGroups doesn't exist in target module
  3 | import { useState } from "react";
  4 | import type { FileSnapshot } from "../data/types";
> 5 | import { describeNewLines, newLineGroups } from "../lib/code";
    | ^^^^^^^^^^^^^^^^^^^^^^^^^^^^^^^^^^^^^^^^^^^^^^^^^^^^^^^^^^^^^^
  6 | import { NoCopyWrapper } from "./NoCopyWrapper";
  7 |
  8 | export function FileCodePanel({ file }: { file: FileSnapshot }) {

The export newLineGroups was not found in module [project]/app/hand-tracking/lib/code.ts [app-client] (ecmascript).
Did you mean to import newLineGroupsWithContext?
All exports of the module are statically known (It doesn't have dynamic exports). So it's known statically that the requested export doesn't exist.

Import trace:
  Server Component:
    ./app/hand-tracking/components/FileCodePanel.tsx
    ./app/hand-tracking/components/StepDetail.tsx
    ./app/hand-tracking/[stepId]/page.tsx @ http://localhost:3000/_next/static/chunks/node_modules_next_dist_1e8vcs8._.js:1052
[  557847ms] [ERROR] ./app/hand-tracking/components/FileCodePanel.tsx:5:1
Error: Export newLineGroups doesn't exist in target module
  3 | import { useState } from "react";
  4 | import type { FileSnapshot } from "../data/types";
> 5 | import { describeNewLines, newLineGroups } from "../lib/code";
    | ^^^^^^^^^^^^^^^^^^^^^^^^^^^^^^^^^^^^^^^^^^^^^^^^^^^^^^^^^^^^^^
  6 | import { NoCopyWrapper } from "./NoCopyWrapper";
  7 |
  8 | export function FileCodePanel({ file }: { file: FileSnapshot }) {

The export newLineGroups was not found in module [project]/app/hand-tracking/lib/code.ts [app-ssr] (ecmascript).
Did you mean to import newLineGroupsWithContext?
All exports of the module are statically known (It doesn't have dynamic exports). So it's known statically that the requested export doesn't exist.

Import trace:
  Server Component:
    ./app/hand-tracking/components/FileCodePanel.tsx
    ./app/hand-tracking/components/StepDetail.tsx
    ./app/hand-tracking/[stepId]/page.tsx @ http://localhost:3000/_next/static/chunks/node_modules_next_dist_1e8vcs8._.js:1052
[  557956ms] [ERROR] ./app/hand-tracking/components/FileCodePanel.tsx:5:1
Error: Export newLineGroups doesn't exist in target module
  3 | import { useState } from "react";
  4 | import type { FileSnapshot } from "../data/types";
> 5 | import { describeNewLines, newLineGroups } from "../lib/code";
    | ^^^^^^^^^^^^^^^^^^^^^^^^^^^^^^^^^^^^^^^^^^^^^^^^^^^^^^^^^^^^^^
  6 | import { NoCopyWrapper } from "./NoCopyWrapper";
  7 |
  8 | export function FileCodePanel({ file }: { file: FileSnapshot }) {

The export newLineGroups was not found in module [project]/app/hand-tracking/lib/code.ts [app-client] (ecmascript).
Did you mean to import newLineGroupsWithContext?
All exports of the module are statically known (It doesn't have dynamic exports). So it's known statically that the requested export doesn't exist.

Import trace:
  Server Component:
    ./app/hand-tracking/components/FileCodePanel.tsx
    ./app/hand-tracking/components/StepDetail.tsx
    ./app/hand-tracking/[stepId]/page.tsx @ http://localhost:3000/_next/static/chunks/node_modules_next_dist_1e8vcs8._.js:1052
[  557957ms] [ERROR] ./app/hand-tracking/components/FileCodePanel.tsx:5:1
Error: Export newLineGroups doesn't exist in target module
  3 | import { useState } from "react";
  4 | import type { FileSnapshot } from "../data/types";
> 5 | import { describeNewLines, newLineGroups } from "../lib/code";
    | ^^^^^^^^^^^^^^^^^^^^^^^^^^^^^^^^^^^^^^^^^^^^^^^^^^^^^^^^^^^^^^
  6 | import { NoCopyWrapper } from "./NoCopyWrapper";
  7 |
  8 | export function FileCodePanel({ file }: { file: FileSnapshot }) {

The export newLineGroups was not found in module [project]/app/hand-tracking/lib/code.ts [app-ssr] (ecmascript).
Did you mean to import newLineGroupsWithContext?
All exports of the module are statically known (It doesn't have dynamic exports). So it's known statically that the requested export doesn't exist.

Import trace:
  Server Component:
    ./app/hand-tracking/components/FileCodePanel.tsx
    ./app/hand-tracking/components/StepDetail.tsx
    ./app/hand-tracking/[stepId]/page.tsx @ http://localhost:3000/_next/static/chunks/node_modules_next_dist_1e8vcs8._.js:1052
[  558018ms] [ERROR] ./app/hand-tracking/components/FileCodePanel.tsx:5:1
Error: Export newLineGroups doesn't exist in target module
  3 | import { useState } from "react";
  4 | import type { FileSnapshot } from "../data/types";
> 5 | import { describeNewLines, newLineGroups } from "../lib/code";
    | ^^^^^^^^^^^^^^^^^^^^^^^^^^^^^^^^^^^^^^^^^^^^^^^^^^^^^^^^^^^^^^
  6 | import { NoCopyWrapper } from "./NoCopyWrapper";
  7 |
  8 | export function FileCodePanel({ file }: { file: FileSnapshot }) {

The export newLineGroups was not found in module [project]/app/hand-tracking/lib/code.ts [app-client] (ecmascript).
Did you mean to import newLineGroupsWithContext?
All exports of the module are statically known (It doesn't have dynamic exports). So it's known statically that the requested export doesn't exist.

Import trace:
  Server Component:
    ./app/hand-tracking/components/FileCodePanel.tsx
    ./app/hand-tracking/components/StepDetail.tsx
    ./app/hand-tracking/[stepId]/page.tsx @ http://localhost:3000/_next/static/chunks/node_modules_next_dist_1e8vcs8._.js:1052
[  558019ms] [ERROR] ./app/hand-tracking/components/FileCodePanel.tsx:5:1
Error: Export newLineGroups doesn't exist in target module
  3 | import { useState } from "react";
  4 | import type { FileSnapshot } from "../data/types";
> 5 | import { describeNewLines, newLineGroups } from "../lib/code";
    | ^^^^^^^^^^^^^^^^^^^^^^^^^^^^^^^^^^^^^^^^^^^^^^^^^^^^^^^^^^^^^^
  6 | import { NoCopyWrapper } from "./NoCopyWrapper";
  7 |
  8 | export function FileCodePanel({ file }: { file: FileSnapshot }) {

The export newLineGroups was not found in module [project]/app/hand-tracking/lib/code.ts [app-ssr] (ecmascript).
Did you mean to import newLineGroupsWithContext?
All exports of the module are statically known (It doesn't have dynamic exports). So it's known statically that the requested export doesn't exist.

Import trace:
  Server Component:
    ./app/hand-tracking/components/FileCodePanel.tsx
    ./app/hand-tracking/components/StepDetail.tsx
    ./app/hand-tracking/[stepId]/page.tsx @ http://localhost:3000/_next/static/chunks/node_modules_next_dist_1e8vcs8._.js:1052
[  558080ms] [ERROR] ./app/hand-tracking/components/FileCodePanel.tsx:5:1
Error: Export newLineGroups doesn't exist in target module
  3 | import { useState } from "react";
  4 | import type { FileSnapshot } from "../data/types";
> 5 | import { describeNewLines, newLineGroups } from "../lib/code";
    | ^^^^^^^^^^^^^^^^^^^^^^^^^^^^^^^^^^^^^^^^^^^^^^^^^^^^^^^^^^^^^^
  6 | import { NoCopyWrapper } from "./NoCopyWrapper";
  7 |
  8 | export function FileCodePanel({ file }: { file: FileSnapshot }) {

The export newLineGroups was not found in module [project]/app/hand-tracking/lib/code.ts [app-client] (ecmascript).
Did you mean to import newLineGroupsWithContext?
All exports of the module are statically known (It doesn't have dynamic exports). So it's known statically that the requested export doesn't exist.

Import trace:
  Server Component:
    ./app/hand-tracking/components/FileCodePanel.tsx
    ./app/hand-tracking/components/StepDetail.tsx
    ./app/hand-tracking/[stepId]/page.tsx @ http://localhost:3000/_next/static/chunks/node_modules_next_dist_1e8vcs8._.js:1052
[  558082ms] [ERROR] ./app/hand-tracking/components/FileCodePanel.tsx:5:1
Error: Export newLineGroups doesn't exist in target module
  3 | import { useState } from "react";
  4 | import type { FileSnapshot } from "../data/types";
> 5 | import { describeNewLines, newLineGroups } from "../lib/code";
    | ^^^^^^^^^^^^^^^^^^^^^^^^^^^^^^^^^^^^^^^^^^^^^^^^^^^^^^^^^^^^^^
  6 | import { NoCopyWrapper } from "./NoCopyWrapper";
  7 |
  8 | export function FileCodePanel({ file }: { file: FileSnapshot }) {

The export newLineGroups was not found in module [project]/app/hand-tracking/lib/code.ts [app-ssr] (ecmascript).
Did you mean to import newLineGroupsWithContext?
All exports of the module are statically known (It doesn't have dynamic exports). So it's known statically that the requested export doesn't exist.

Import trace:
  Server Component:
    ./app/hand-tracking/components/FileCodePanel.tsx
    ./app/hand-tracking/components/StepDetail.tsx
    ./app/hand-tracking/[stepId]/page.tsx @ http://localhost:3000/_next/static/chunks/node_modules_next_dist_1e8vcs8._.js:1052
[  558145ms] [ERROR] ./app/hand-tracking/components/FileCodePanel.tsx:5:1
Error: Export newLineGroups doesn't exist in target module
  3 | import { useState } from "react";
  4 | import type { FileSnapshot } from "../data/types";
> 5 | import { describeNewLines, newLineGroups } from "../lib/code";
    | ^^^^^^^^^^^^^^^^^^^^^^^^^^^^^^^^^^^^^^^^^^^^^^^^^^^^^^^^^^^^^^
  6 | import { NoCopyWrapper } from "./NoCopyWrapper";
  7 |
  8 | export function FileCodePanel({ file }: { file: FileSnapshot }) {

The export newLineGroups was not found in module [project]/app/hand-tracking/lib/code.ts [app-client] (ecmascript).
Did you mean to import newLineGroupsWithContext?
All exports of the module are statically known (It doesn't have dynamic exports). So it's known statically that the requested export doesn't exist.

Import trace:
  Server Component:
    ./app/hand-tracking/components/FileCodePanel.tsx
    ./app/hand-tracking/components/StepDetail.tsx
    ./app/hand-tracking/[stepId]/page.tsx @ http://localhost:3000/_next/static/chunks/node_modules_next_dist_1e8vcs8._.js:1052
[  558146ms] [ERROR] ./app/hand-tracking/components/FileCodePanel.tsx:5:1
Error: Export newLineGroups doesn't exist in target module
  3 | import { useState } from "react";
  4 | import type { FileSnapshot } from "../data/types";
> 5 | import { describeNewLines, newLineGroups } from "../lib/code";
    | ^^^^^^^^^^^^^^^^^^^^^^^^^^^^^^^^^^^^^^^^^^^^^^^^^^^^^^^^^^^^^^
  6 | import { NoCopyWrapper } from "./NoCopyWrapper";
  7 |
  8 | export function FileCodePanel({ file }: { file: FileSnapshot }) {

The export newLineGroups was not found in module [project]/app/hand-tracking/lib/code.ts [app-ssr] (ecmascript).
Did you mean to import newLineGroupsWithContext?
All exports of the module are statically known (It doesn't have dynamic exports). So it's known statically that the requested export doesn't exist.

Import trace:
  Server Component:
    ./app/hand-tracking/components/FileCodePanel.tsx
    ./app/hand-tracking/components/StepDetail.tsx
    ./app/hand-tracking/[stepId]/page.tsx @ http://localhost:3000/_next/static/chunks/node_modules_next_dist_1e8vcs8._.js:1052
[  558205ms] [ERROR] ./app/hand-tracking/components/FileCodePanel.tsx:5:1
Error: Export newLineGroups doesn't exist in target module
  3 | import { useState } from "react";
  4 | import type { FileSnapshot } from "../data/types";
> 5 | import { describeNewLines, newLineGroups } from "../lib/code";
    | ^^^^^^^^^^^^^^^^^^^^^^^^^^^^^^^^^^^^^^^^^^^^^^^^^^^^^^^^^^^^^^
  6 | import { NoCopyWrapper } from "./NoCopyWrapper";
  7 |
  8 | export function FileCodePanel({ file }: { file: FileSnapshot }) {

The export newLineGroups was not found in module [project]/app/hand-tracking/lib/code.ts [app-client] (ecmascript).
Did you mean to import newLineGroupsWithContext?
All exports of the module are statically known (It doesn't have dynamic exports). So it's known statically that the requested export doesn't exist.

Import trace:
  Server Component:
    ./app/hand-tracking/components/FileCodePanel.tsx
    ./app/hand-tracking/components/StepDetail.tsx
    ./app/hand-tracking/[stepId]/page.tsx @ http://localhost:3000/_next/static/chunks/node_modules_next_dist_1e8vcs8._.js:1052
[  558206ms] [ERROR] ./app/hand-tracking/components/FileCodePanel.tsx:5:1
Error: Export newLineGroups doesn't exist in target module
  3 | import { useState } from "react";
  4 | import type { FileSnapshot } from "../data/types";
> 5 | import { describeNewLines, newLineGroups } from "../lib/code";
    | ^^^^^^^^^^^^^^^^^^^^^^^^^^^^^^^^^^^^^^^^^^^^^^^^^^^^^^^^^^^^^^
  6 | import { NoCopyWrapper } from "./NoCopyWrapper";
  7 |
  8 | export function FileCodePanel({ file }: { file: FileSnapshot }) {

The export newLineGroups was not found in module [project]/app/hand-tracking/lib/code.ts [app-ssr] (ecmascript).
Did you mean to import newLineGroupsWithContext?
All exports of the module are statically known (It doesn't have dynamic exports). So it's known statically that the requested export doesn't exist.

Import trace:
  Server Component:
    ./app/hand-tracking/components/FileCodePanel.tsx
    ./app/hand-tracking/components/StepDetail.tsx
    ./app/hand-tracking/[stepId]/page.tsx @ http://localhost:3000/_next/static/chunks/node_modules_next_dist_1e8vcs8._.js:1052
[  558267ms] [ERROR] ./app/hand-tracking/components/FileCodePanel.tsx:5:1
Error: Export newLineGroups doesn't exist in target module
  3 | import { useState } from "react";
  4 | import type { FileSnapshot } from "../data/types";
> 5 | import { describeNewLines, newLineGroups } from "../lib/code";
    | ^^^^^^^^^^^^^^^^^^^^^^^^^^^^^^^^^^^^^^^^^^^^^^^^^^^^^^^^^^^^^^
  6 | import { NoCopyWrapper } from "./NoCopyWrapper";
  7 |
  8 | export function FileCodePanel({ file }: { file: FileSnapshot }) {

The export newLineGroups was not found in module [project]/app/hand-tracking/lib/code.ts [app-client] (ecmascript).
Did you mean to import newLineGroupsWithContext?
All exports of the module are statically known (It doesn't have dynamic exports). So it's known statically that the requested export doesn't exist.

Import trace:
  Server Component:
    ./app/hand-tracking/components/FileCodePanel.tsx
    ./app/hand-tracking/components/StepDetail.tsx
    ./app/hand-tracking/[stepId]/page.tsx @ http://localhost:3000/_next/static/chunks/node_modules_next_dist_1e8vcs8._.js:1052
[  558268ms] [ERROR] ./app/hand-tracking/components/FileCodePanel.tsx:5:1
Error: Export newLineGroups doesn't exist in target module
  3 | import { useState } from "react";
  4 | import type { FileSnapshot } from "../data/types";
> 5 | import { describeNewLines, newLineGroups } from "../lib/code";
    | ^^^^^^^^^^^^^^^^^^^^^^^^^^^^^^^^^^^^^^^^^^^^^^^^^^^^^^^^^^^^^^
  6 | import { NoCopyWrapper } from "./NoCopyWrapper";
  7 |
  8 | export function FileCodePanel({ file }: { file: FileSnapshot }) {

The export newLineGroups was not found in module [project]/app/hand-tracking/lib/code.ts [app-ssr] (ecmascript).
Did you mean to import newLineGroupsWithContext?
All exports of the module are statically known (It doesn't have dynamic exports). So it's known statically that the requested export doesn't exist.

Import trace:
  Server Component:
    ./app/hand-tracking/components/FileCodePanel.tsx
    ./app/hand-tracking/components/StepDetail.tsx
    ./app/hand-tracking/[stepId]/page.tsx @ http://localhost:3000/_next/static/chunks/node_modules_next_dist_1e8vcs8._.js:1052
[  558330ms] [ERROR] ./app/hand-tracking/components/FileCodePanel.tsx:5:1
Error: Export newLineGroups doesn't exist in target module
  3 | import { useState } from "react";
  4 | import type { FileSnapshot } from "../data/types";
> 5 | import { describeNewLines, newLineGroups } from "../lib/code";
    | ^^^^^^^^^^^^^^^^^^^^^^^^^^^^^^^^^^^^^^^^^^^^^^^^^^^^^^^^^^^^^^
  6 | import { NoCopyWrapper } from "./NoCopyWrapper";
  7 |
  8 | export function FileCodePanel({ file }: { file: FileSnapshot }) {

The export newLineGroups was not found in module [project]/app/hand-tracking/lib/code.ts [app-client] (ecmascript).
Did you mean to import newLineGroupsWithContext?
All exports of the module are statically known (It doesn't have dynamic exports). So it's known statically that the requested export doesn't exist.

Import trace:
  Server Component:
    ./app/hand-tracking/components/FileCodePanel.tsx
    ./app/hand-tracking/components/StepDetail.tsx
    ./app/hand-tracking/[stepId]/page.tsx @ http://localhost:3000/_next/static/chunks/node_modules_next_dist_1e8vcs8._.js:1052
[  558330ms] [ERROR] ./app/hand-tracking/components/FileCodePanel.tsx:5:1
Error: Export newLineGroups doesn't exist in target module
  3 | import { useState } from "react";
  4 | import type { FileSnapshot } from "../data/types";
> 5 | import { describeNewLines, newLineGroups } from "../lib/code";
    | ^^^^^^^^^^^^^^^^^^^^^^^^^^^^^^^^^^^^^^^^^^^^^^^^^^^^^^^^^^^^^^
  6 | import { NoCopyWrapper } from "./NoCopyWrapper";
  7 |
  8 | export function FileCodePanel({ file }: { file: FileSnapshot }) {

The export newLineGroups was not found in module [project]/app/hand-tracking/lib/code.ts [app-ssr] (ecmascript).
Did you mean to import newLineGroupsWithContext?
All exports of the module are statically known (It doesn't have dynamic exports). So it's known statically that the requested export doesn't exist.

Import trace:
  Server Component:
    ./app/hand-tracking/components/FileCodePanel.tsx
    ./app/hand-tracking/components/StepDetail.tsx
    ./app/hand-tracking/[stepId]/page.tsx @ http://localhost:3000/_next/static/chunks/node_modules_next_dist_1e8vcs8._.js:1052
[  558393ms] [ERROR] ./app/hand-tracking/components/FileCodePanel.tsx:5:1
Error: Export newLineGroups doesn't exist in target module
  3 | import { useState } from "react";
  4 | import type { FileSnapshot } from "../data/types";
> 5 | import { describeNewLines, newLineGroups } from "../lib/code";
    | ^^^^^^^^^^^^^^^^^^^^^^^^^^^^^^^^^^^^^^^^^^^^^^^^^^^^^^^^^^^^^^
  6 | import { NoCopyWrapper } from "./NoCopyWrapper";
  7 |
  8 | export function FileCodePanel({ file }: { file: FileSnapshot }) {

The export newLineGroups was not found in module [project]/app/hand-tracking/lib/code.ts [app-client] (ecmascript).
Did you mean to import newLineGroupsWithContext?
All exports of the module are statically known (It doesn't have dynamic exports). So it's known statically that the requested export doesn't exist.

Import trace:
  Server Component:
    ./app/hand-tracking/components/FileCodePanel.tsx
    ./app/hand-tracking/components/StepDetail.tsx
    ./app/hand-tracking/[stepId]/page.tsx @ http://localhost:3000/_next/static/chunks/node_modules_next_dist_1e8vcs8._.js:1052
[  558394ms] [ERROR] ./app/hand-tracking/components/FileCodePanel.tsx:5:1
Error: Export newLineGroups doesn't exist in target module
  3 | import { useState } from "react";
  4 | import type { FileSnapshot } from "../data/types";
> 5 | import { describeNewLines, newLineGroups } from "../lib/code";
    | ^^^^^^^^^^^^^^^^^^^^^^^^^^^^^^^^^^^^^^^^^^^^^^^^^^^^^^^^^^^^^^
  6 | import { NoCopyWrapper } from "./NoCopyWrapper";
  7 |
  8 | export function FileCodePanel({ file }: { file: FileSnapshot }) {

The export newLineGroups was not found in module [project]/app/hand-tracking/lib/code.ts [app-ssr] (ecmascript).
Did you mean to import newLineGroupsWithContext?
All exports of the module are statically known (It doesn't have dynamic exports). So it's known statically that the requested export doesn't exist.

Import trace:
  Server Component:
    ./app/hand-tracking/components/FileCodePanel.tsx
    ./app/hand-tracking/components/StepDetail.tsx
    ./app/hand-tracking/[stepId]/page.tsx @ http://localhost:3000/_next/static/chunks/node_modules_next_dist_1e8vcs8._.js:1052
[  558455ms] [ERROR] ./app/hand-tracking/components/FileCodePanel.tsx:5:1
Error: Export newLineGroups doesn't exist in target module
  3 | import { useState } from "react";
  4 | import type { FileSnapshot } from "../data/types";
> 5 | import { describeNewLines, newLineGroups } from "../lib/code";
    | ^^^^^^^^^^^^^^^^^^^^^^^^^^^^^^^^^^^^^^^^^^^^^^^^^^^^^^^^^^^^^^
  6 | import { NoCopyWrapper } from "./NoCopyWrapper";
  7 |
  8 | export function FileCodePanel({ file }: { file: FileSnapshot }) {

The export newLineGroups was not found in module [project]/app/hand-tracking/lib/code.ts [app-client] (ecmascript).
Did you mean to import newLineGroupsWithContext?
All exports of the module are statically known (It doesn't have dynamic exports). So it's known statically that the requested export doesn't exist.

Import trace:
  Server Component:
    ./app/hand-tracking/components/FileCodePanel.tsx
    ./app/hand-tracking/components/StepDetail.tsx
    ./app/hand-tracking/[stepId]/page.tsx @ http://localhost:3000/_next/static/chunks/node_modules_next_dist_1e8vcs8._.js:1052
[  558456ms] [ERROR] ./app/hand-tracking/components/FileCodePanel.tsx:5:1
Error: Export newLineGroups doesn't exist in target module
  3 | import { useState } from "react";
  4 | import type { FileSnapshot } from "../data/types";
> 5 | import { describeNewLines, newLineGroups } from "../lib/code";
    | ^^^^^^^^^^^^^^^^^^^^^^^^^^^^^^^^^^^^^^^^^^^^^^^^^^^^^^^^^^^^^^
  6 | import { NoCopyWrapper } from "./NoCopyWrapper";
  7 |
  8 | export function FileCodePanel({ file }: { file: FileSnapshot }) {

The export newLineGroups was not found in module [project]/app/hand-tracking/lib/code.ts [app-ssr] (ecmascript).
Did you mean to import newLineGroupsWithContext?
All exports of the module are statically known (It doesn't have dynamic exports). So it's known statically that the requested export doesn't exist.

Import trace:
  Server Component:
    ./app/hand-tracking/components/FileCodePanel.tsx
    ./app/hand-tracking/components/StepDetail.tsx
    ./app/hand-tracking/[stepId]/page.tsx @ http://localhost:3000/_next/static/chunks/node_modules_next_dist_1e8vcs8._.js:1052
[  558556ms] [ERROR] ./app/hand-tracking/components/FileCodePanel.tsx:5:1
Error: Export newLineGroups doesn't exist in target module
  3 | import { useState } from "react";
  4 | import type { FileSnapshot } from "../data/types";
> 5 | import { describeNewLines, newLineGroups } from "../lib/code";
    | ^^^^^^^^^^^^^^^^^^^^^^^^^^^^^^^^^^^^^^^^^^^^^^^^^^^^^^^^^^^^^^
  6 | import { NoCopyWrapper } from "./NoCopyWrapper";
  7 |
  8 | export function FileCodePanel({ file }: { file: FileSnapshot }) {

The export newLineGroups was not found in module [project]/app/hand-tracking/lib/code.ts [app-client] (ecmascript).
Did you mean to import newLineGroupsWithContext?
All exports of the module are statically known (It doesn't have dynamic exports). So it's known statically that the requested export doesn't exist.

Import trace:
  Server Component:
    ./app/hand-tracking/components/FileCodePanel.tsx
    ./app/hand-tracking/components/StepDetail.tsx
    ./app/hand-tracking/[stepId]/page.tsx @ http://localhost:3000/_next/static/chunks/node_modules_next_dist_1e8vcs8._.js:1052
[  558558ms] [ERROR] ./app/hand-tracking/components/FileCodePanel.tsx:5:1
Error: Export newLineGroups doesn't exist in target module
  3 | import { useState } from "react";
  4 | import type { FileSnapshot } from "../data/types";
> 5 | import { describeNewLines, newLineGroups } from "../lib/code";
    | ^^^^^^^^^^^^^^^^^^^^^^^^^^^^^^^^^^^^^^^^^^^^^^^^^^^^^^^^^^^^^^
  6 | import { NoCopyWrapper } from "./NoCopyWrapper";
  7 |
  8 | export function FileCodePanel({ file }: { file: FileSnapshot }) {

The export newLineGroups was not found in module [project]/app/hand-tracking/lib/code.ts [app-ssr] (ecmascript).
Did you mean to import newLineGroupsWithContext?
All exports of the module are statically known (It doesn't have dynamic exports). So it's known statically that the requested export doesn't exist.

Import trace:
  Server Component:
    ./app/hand-tracking/components/FileCodePanel.tsx
    ./app/hand-tracking/components/StepDetail.tsx
    ./app/hand-tracking/[stepId]/page.tsx @ http://localhost:3000/_next/static/chunks/node_modules_next_dist_1e8vcs8._.js:1052
[  558627ms] [ERROR] ./app/hand-tracking/components/FileCodePanel.tsx:5:1
Error: Export newLineGroups doesn't exist in target module
  3 | import { useState } from "react";
  4 | import type { FileSnapshot } from "../data/types";
> 5 | import { describeNewLines, newLineGroups } from "../lib/code";
    | ^^^^^^^^^^^^^^^^^^^^^^^^^^^^^^^^^^^^^^^^^^^^^^^^^^^^^^^^^^^^^^
  6 | import { NoCopyWrapper } from "./NoCopyWrapper";
  7 |
  8 | export function FileCodePanel({ file }: { file: FileSnapshot }) {

The export newLineGroups was not found in module [project]/app/hand-tracking/lib/code.ts [app-client] (ecmascript).
Did you mean to import newLineGroupsWithContext?
All exports of the module are statically known (It doesn't have dynamic exports). So it's known statically that the requested export doesn't exist.

Import trace:
  Server Component:
    ./app/hand-tracking/components/FileCodePanel.tsx
    ./app/hand-tracking/components/StepDetail.tsx
    ./app/hand-tracking/[stepId]/page.tsx @ http://localhost:3000/_next/static/chunks/node_modules_next_dist_1e8vcs8._.js:1052
[  558627ms] [ERROR] ./app/hand-tracking/components/FileCodePanel.tsx:5:1
Error: Export newLineGroups doesn't exist in target module
  3 | import { useState } from "react";
  4 | import type { FileSnapshot } from "../data/types";
> 5 | import { describeNewLines, newLineGroups } from "../lib/code";
    | ^^^^^^^^^^^^^^^^^^^^^^^^^^^^^^^^^^^^^^^^^^^^^^^^^^^^^^^^^^^^^^
  6 | import { NoCopyWrapper } from "./NoCopyWrapper";
  7 |
  8 | export function FileCodePanel({ file }: { file: FileSnapshot }) {

The export newLineGroups was not found in module [project]/app/hand-tracking/lib/code.ts [app-ssr] (ecmascript).
Did you mean to import newLineGroupsWithContext?
All exports of the module are statically known (It doesn't have dynamic exports). So it's known statically that the requested export doesn't exist.

Import trace:
  Server Component:
    ./app/hand-tracking/components/FileCodePanel.tsx
    ./app/hand-tracking/components/StepDetail.tsx
    ./app/hand-tracking/[stepId]/page.tsx @ http://localhost:3000/_next/static/chunks/node_modules_next_dist_1e8vcs8._.js:1052
[  558686ms] [ERROR] ./app/hand-tracking/components/FileCodePanel.tsx:5:1
Error: Export newLineGroups doesn't exist in target module
  3 | import { useState } from "react";
  4 | import type { FileSnapshot } from "../data/types";
> 5 | import { describeNewLines, newLineGroups } from "../lib/code";
    | ^^^^^^^^^^^^^^^^^^^^^^^^^^^^^^^^^^^^^^^^^^^^^^^^^^^^^^^^^^^^^^
  6 | import { NoCopyWrapper } from "./NoCopyWrapper";
  7 |
  8 | export function FileCodePanel({ file }: { file: FileSnapshot }) {

The export newLineGroups was not found in module [project]/app/hand-tracking/lib/code.ts [app-client] (ecmascript).
Did you mean to import newLineGroupsWithContext?
All exports of the module are statically known (It doesn't have dynamic exports). So it's known statically that the requested export doesn't exist.

Import trace:
  Server Component:
    ./app/hand-tracking/components/FileCodePanel.tsx
    ./app/hand-tracking/components/StepDetail.tsx
    ./app/hand-tracking/[stepId]/page.tsx @ http://localhost:3000/_next/static/chunks/node_modules_next_dist_1e8vcs8._.js:1052
[  558687ms] [ERROR] ./app/hand-tracking/components/FileCodePanel.tsx:5:1
Error: Export newLineGroups doesn't exist in target module
  3 | import { useState } from "react";
  4 | import type { FileSnapshot } from "../data/types";
> 5 | import { describeNewLines, newLineGroups } from "../lib/code";
    | ^^^^^^^^^^^^^^^^^^^^^^^^^^^^^^^^^^^^^^^^^^^^^^^^^^^^^^^^^^^^^^
  6 | import { NoCopyWrapper } from "./NoCopyWrapper";
  7 |
  8 | export function FileCodePanel({ file }: { file: FileSnapshot }) {

The export newLineGroups was not found in module [project]/app/hand-tracking/lib/code.ts [app-ssr] (ecmascript).
Did you mean to import newLineGroupsWithContext?
All exports of the module are statically known (It doesn't have dynamic exports). So it's known statically that the requested export doesn't exist.

Import trace:
  Server Component:
    ./app/hand-tracking/components/FileCodePanel.tsx
    ./app/hand-tracking/components/StepDetail.tsx
    ./app/hand-tracking/[stepId]/page.tsx @ http://localhost:3000/_next/static/chunks/node_modules_next_dist_1e8vcs8._.js:1052
[  558749ms] [ERROR] ./app/hand-tracking/components/FileCodePanel.tsx:5:1
Error: Export newLineGroups doesn't exist in target module
  3 | import { useState } from "react";
  4 | import type { FileSnapshot } from "../data/types";
> 5 | import { describeNewLines, newLineGroups } from "../lib/code";
    | ^^^^^^^^^^^^^^^^^^^^^^^^^^^^^^^^^^^^^^^^^^^^^^^^^^^^^^^^^^^^^^
  6 | import { NoCopyWrapper } from "./NoCopyWrapper";
  7 |
  8 | export function FileCodePanel({ file }: { file: FileSnapshot }) {

The export newLineGroups was not found in module [project]/app/hand-tracking/lib/code.ts [app-client] (ecmascript).
Did you mean to import newLineGroupsWithContext?
All exports of the module are statically known (It doesn't have dynamic exports). So it's known statically that the requested export doesn't exist.

Import trace:
  Server Component:
    ./app/hand-tracking/components/FileCodePanel.tsx
    ./app/hand-tracking/components/StepDetail.tsx
    ./app/hand-tracking/[stepId]/page.tsx @ http://localhost:3000/_next/static/chunks/node_modules_next_dist_1e8vcs8._.js:1052
[  558750ms] [ERROR] ./app/hand-tracking/components/FileCodePanel.tsx:5:1
Error: Export newLineGroups doesn't exist in target module
  3 | import { useState } from "react";
  4 | import type { FileSnapshot } from "../data/types";
> 5 | import { describeNewLines, newLineGroups } from "../lib/code";
    | ^^^^^^^^^^^^^^^^^^^^^^^^^^^^^^^^^^^^^^^^^^^^^^^^^^^^^^^^^^^^^^
  6 | import { NoCopyWrapper } from "./NoCopyWrapper";
  7 |
  8 | export function FileCodePanel({ file }: { file: FileSnapshot }) {

The export newLineGroups was not found in module [project]/app/hand-tracking/lib/code.ts [app-ssr] (ecmascript).
Did you mean to import newLineGroupsWithContext?
All exports of the module are statically known (It doesn't have dynamic exports). So it's known statically that the requested export doesn't exist.

Import trace:
  Server Component:
    ./app/hand-tracking/components/FileCodePanel.tsx
    ./app/hand-tracking/components/StepDetail.tsx
    ./app/hand-tracking/[stepId]/page.tsx @ http://localhost:3000/_next/static/chunks/node_modules_next_dist_1e8vcs8._.js:1052
[  558811ms] [ERROR] ./app/hand-tracking/components/FileCodePanel.tsx:5:1
Error: Export newLineGroups doesn't exist in target module
  3 | import { useState } from "react";
  4 | import type { FileSnapshot } from "../data/types";
> 5 | import { describeNewLines, newLineGroups } from "../lib/code";
    | ^^^^^^^^^^^^^^^^^^^^^^^^^^^^^^^^^^^^^^^^^^^^^^^^^^^^^^^^^^^^^^
  6 | import { NoCopyWrapper } from "./NoCopyWrapper";
  7 |
  8 | export function FileCodePanel({ file }: { file: FileSnapshot }) {

The export newLineGroups was not found in module [project]/app/hand-tracking/lib/code.ts [app-client] (ecmascript).
Did you mean to import newLineGroupsWithContext?
All exports of the module are statically known (It doesn't have dynamic exports). So it's known statically that the requested export doesn't exist.

Import trace:
  Server Component:
    ./app/hand-tracking/components/FileCodePanel.tsx
    ./app/hand-tracking/components/StepDetail.tsx
    ./app/hand-tracking/[stepId]/page.tsx @ http://localhost:3000/_next/static/chunks/node_modules_next_dist_1e8vcs8._.js:1052
[  558811ms] [ERROR] ./app/hand-tracking/components/FileCodePanel.tsx:5:1
Error: Export newLineGroups doesn't exist in target module
  3 | import { useState } from "react";
  4 | import type { FileSnapshot } from "../data/types";
> 5 | import { describeNewLines, newLineGroups } from "../lib/code";
    | ^^^^^^^^^^^^^^^^^^^^^^^^^^^^^^^^^^^^^^^^^^^^^^^^^^^^^^^^^^^^^^
  6 | import { NoCopyWrapper } from "./NoCopyWrapper";
  7 |
  8 | export function FileCodePanel({ file }: { file: FileSnapshot }) {

The export newLineGroups was not found in module [project]/app/hand-tracking/lib/code.ts [app-ssr] (ecmascript).
Did you mean to import newLineGroupsWithContext?
All exports of the module are statically known (It doesn't have dynamic exports). So it's known statically that the requested export doesn't exist.

Import trace:
  Server Component:
    ./app/hand-tracking/components/FileCodePanel.tsx
    ./app/hand-tracking/components/StepDetail.tsx
    ./app/hand-tracking/[stepId]/page.tsx @ http://localhost:3000/_next/static/chunks/node_modules_next_dist_1e8vcs8._.js:1052
[  558873ms] [ERROR] ./app/hand-tracking/components/FileCodePanel.tsx:5:1
Error: Export newLineGroups doesn't exist in target module
  3 | import { useState } from "react";
  4 | import type { FileSnapshot } from "../data/types";
> 5 | import { describeNewLines, newLineGroups } from "../lib/code";
    | ^^^^^^^^^^^^^^^^^^^^^^^^^^^^^^^^^^^^^^^^^^^^^^^^^^^^^^^^^^^^^^
  6 | import { NoCopyWrapper } from "./NoCopyWrapper";
  7 |
  8 | export function FileCodePanel({ file }: { file: FileSnapshot }) {

The export newLineGroups was not found in module [project]/app/hand-tracking/lib/code.ts [app-client] (ecmascript).
Did you mean to import newLineGroupsWithContext?
All exports of the module are statically known (It doesn't have dynamic exports). So it's known statically that the requested export doesn't exist.

Import trace:
  Server Component:
    ./app/hand-tracking/components/FileCodePanel.tsx
    ./app/hand-tracking/components/StepDetail.tsx
    ./app/hand-tracking/[stepId]/page.tsx @ http://localhost:3000/_next/static/chunks/node_modules_next_dist_1e8vcs8._.js:1052
[  558873ms] [ERROR] ./app/hand-tracking/components/FileCodePanel.tsx:5:1
Error: Export newLineGroups doesn't exist in target module
  3 | import { useState } from "react";
  4 | import type { FileSnapshot } from "../data/types";
> 5 | import { describeNewLines, newLineGroups } from "../lib/code";
    | ^^^^^^^^^^^^^^^^^^^^^^^^^^^^^^^^^^^^^^^^^^^^^^^^^^^^^^^^^^^^^^
  6 | import { NoCopyWrapper } from "./NoCopyWrapper";
  7 |
  8 | export function FileCodePanel({ file }: { file: FileSnapshot }) {

The export newLineGroups was not found in module [project]/app/hand-tracking/lib/code.ts [app-ssr] (ecmascript).
Did you mean to import newLineGroupsWithContext?
All exports of the module are statically known (It doesn't have dynamic exports). So it's known statically that the requested export doesn't exist.

Import trace:
  Server Component:
    ./app/hand-tracking/components/FileCodePanel.tsx
    ./app/hand-tracking/components/StepDetail.tsx
    ./app/hand-tracking/[stepId]/page.tsx @ http://localhost:3000/_next/static/chunks/node_modules_next_dist_1e8vcs8._.js:1052
[  558935ms] [ERROR] ./app/hand-tracking/components/FileCodePanel.tsx:5:1
Error: Export newLineGroups doesn't exist in target module
  3 | import { useState } from "react";
  4 | import type { FileSnapshot } from "../data/types";
> 5 | import { describeNewLines, newLineGroups } from "../lib/code";
    | ^^^^^^^^^^^^^^^^^^^^^^^^^^^^^^^^^^^^^^^^^^^^^^^^^^^^^^^^^^^^^^
  6 | import { NoCopyWrapper } from "./NoCopyWrapper";
  7 |
  8 | export function FileCodePanel({ file }: { file: FileSnapshot }) {

The export newLineGroups was not found in module [project]/app/hand-tracking/lib/code.ts [app-client] (ecmascript).
Did you mean to import newLineGroupsWithContext?
All exports of the module are statically known (It doesn't have dynamic exports). So it's known statically that the requested export doesn't exist.

Import trace:
  Server Component:
    ./app/hand-tracking/components/FileCodePanel.tsx
    ./app/hand-tracking/components/StepDetail.tsx
    ./app/hand-tracking/[stepId]/page.tsx @ http://localhost:3000/_next/static/chunks/node_modules_next_dist_1e8vcs8._.js:1052
[  558935ms] [ERROR] ./app/hand-tracking/components/FileCodePanel.tsx:5:1
Error: Export newLineGroups doesn't exist in target module
  3 | import { useState } from "react";
  4 | import type { FileSnapshot } from "../data/types";
> 5 | import { describeNewLines, newLineGroups } from "../lib/code";
    | ^^^^^^^^^^^^^^^^^^^^^^^^^^^^^^^^^^^^^^^^^^^^^^^^^^^^^^^^^^^^^^
  6 | import { NoCopyWrapper } from "./NoCopyWrapper";
  7 |
  8 | export function FileCodePanel({ file }: { file: FileSnapshot }) {

The export newLineGroups was not found in module [project]/app/hand-tracking/lib/code.ts [app-ssr] (ecmascript).
Did you mean to import newLineGroupsWithContext?
All exports of the module are statically known (It doesn't have dynamic exports). So it's known statically that the requested export doesn't exist.

Import trace:
  Server Component:
    ./app/hand-tracking/components/FileCodePanel.tsx
    ./app/hand-tracking/components/StepDetail.tsx
    ./app/hand-tracking/[stepId]/page.tsx @ http://localhost:3000/_next/static/chunks/node_modules_next_dist_1e8vcs8._.js:1052
[  559000ms] [ERROR] ./app/hand-tracking/components/FileCodePanel.tsx:5:1
Error: Export newLineGroups doesn't exist in target module
  3 | import { useState } from "react";
  4 | import type { FileSnapshot } from "../data/types";
> 5 | import { describeNewLines, newLineGroups } from "../lib/code";
    | ^^^^^^^^^^^^^^^^^^^^^^^^^^^^^^^^^^^^^^^^^^^^^^^^^^^^^^^^^^^^^^
  6 | import { NoCopyWrapper } from "./NoCopyWrapper";
  7 |
  8 | export function FileCodePanel({ file }: { file: FileSnapshot }) {

The export newLineGroups was not found in module [project]/app/hand-tracking/lib/code.ts [app-client] (ecmascript).
Did you mean to import newLineGroupsWithContext?
All exports of the module are statically known (It doesn't have dynamic exports). So it's known statically that the requested export doesn't exist.

Import trace:
  Server Component:
    ./app/hand-tracking/components/FileCodePanel.tsx
    ./app/hand-tracking/components/StepDetail.tsx
    ./app/hand-tracking/[stepId]/page.tsx @ http://localhost:3000/_next/static/chunks/node_modules_next_dist_1e8vcs8._.js:1052
[  559001ms] [ERROR] ./app/hand-tracking/components/FileCodePanel.tsx:5:1
Error: Export newLineGroups doesn't exist in target module
  3 | import { useState } from "react";
  4 | import type { FileSnapshot } from "../data/types";
> 5 | import { describeNewLines, newLineGroups } from "../lib/code";
    | ^^^^^^^^^^^^^^^^^^^^^^^^^^^^^^^^^^^^^^^^^^^^^^^^^^^^^^^^^^^^^^
  6 | import { NoCopyWrapper } from "./NoCopyWrapper";
  7 |
  8 | export function FileCodePanel({ file }: { file: FileSnapshot }) {

The export newLineGroups was not found in module [project]/app/hand-tracking/lib/code.ts [app-ssr] (ecmascript).
Did you mean to import newLineGroupsWithContext?
All exports of the module are statically known (It doesn't have dynamic exports). So it's known statically that the requested export doesn't exist.

Import trace:
  Server Component:
    ./app/hand-tracking/components/FileCodePanel.tsx
    ./app/hand-tracking/components/StepDetail.tsx
    ./app/hand-tracking/[stepId]/page.tsx @ http://localhost:3000/_next/static/chunks/node_modules_next_dist_1e8vcs8._.js:1052
[  559061ms] [ERROR] ./app/hand-tracking/components/FileCodePanel.tsx:5:1
Error: Export newLineGroups doesn't exist in target module
  3 | import { useState } from "react";
  4 | import type { FileSnapshot } from "../data/types";
> 5 | import { describeNewLines, newLineGroups } from "../lib/code";
    | ^^^^^^^^^^^^^^^^^^^^^^^^^^^^^^^^^^^^^^^^^^^^^^^^^^^^^^^^^^^^^^
  6 | import { NoCopyWrapper } from "./NoCopyWrapper";
  7 |
  8 | export function FileCodePanel({ file }: { file: FileSnapshot }) {

The export newLineGroups was not found in module [project]/app/hand-tracking/lib/code.ts [app-client] (ecmascript).
Did you mean to import newLineGroupsWithContext?
All exports of the module are statically known (It doesn't have dynamic exports). So it's known statically that the requested export doesn't exist.

Import trace:
  Server Component:
    ./app/hand-tracking/components/FileCodePanel.tsx
    ./app/hand-tracking/components/StepDetail.tsx
    ./app/hand-tracking/[stepId]/page.tsx @ http://localhost:3000/_next/static/chunks/node_modules_next_dist_1e8vcs8._.js:1052
[  559062ms] [ERROR] ./app/hand-tracking/components/FileCodePanel.tsx:5:1
Error: Export newLineGroups doesn't exist in target module
  3 | import { useState } from "react";
  4 | import type { FileSnapshot } from "../data/types";
> 5 | import { describeNewLines, newLineGroups } from "../lib/code";
    | ^^^^^^^^^^^^^^^^^^^^^^^^^^^^^^^^^^^^^^^^^^^^^^^^^^^^^^^^^^^^^^
  6 | import { NoCopyWrapper } from "./NoCopyWrapper";
  7 |
  8 | export function FileCodePanel({ file }: { file: FileSnapshot }) {

The export newLineGroups was not found in module [project]/app/hand-tracking/lib/code.ts [app-ssr] (ecmascript).
Did you mean to import newLineGroupsWithContext?
All exports of the module are statically known (It doesn't have dynamic exports). So it's known statically that the requested export doesn't exist.

Import trace:
  Server Component:
    ./app/hand-tracking/components/FileCodePanel.tsx
    ./app/hand-tracking/components/StepDetail.tsx
    ./app/hand-tracking/[stepId]/page.tsx @ http://localhost:3000/_next/static/chunks/node_modules_next_dist_1e8vcs8._.js:1052
[  559126ms] [ERROR] ./app/hand-tracking/components/FileCodePanel.tsx:5:1
Error: Export newLineGroups doesn't exist in target module
  3 | import { useState } from "react";
  4 | import type { FileSnapshot } from "../data/types";
> 5 | import { describeNewLines, newLineGroups } from "../lib/code";
    | ^^^^^^^^^^^^^^^^^^^^^^^^^^^^^^^^^^^^^^^^^^^^^^^^^^^^^^^^^^^^^^
  6 | import { NoCopyWrapper } from "./NoCopyWrapper";
  7 |
  8 | export function FileCodePanel({ file }: { file: FileSnapshot }) {

The export newLineGroups was not found in module [project]/app/hand-tracking/lib/code.ts [app-client] (ecmascript).
Did you mean to import newLineGroupsWithContext?
All exports of the module are statically known (It doesn't have dynamic exports). So it's known statically that the requested export doesn't exist.

Import trace:
  Server Component:
    ./app/hand-tracking/components/FileCodePanel.tsx
    ./app/hand-tracking/components/StepDetail.tsx
    ./app/hand-tracking/[stepId]/page.tsx @ http://localhost:3000/_next/static/chunks/node_modules_next_dist_1e8vcs8._.js:1052
[  559126ms] [ERROR] ./app/hand-tracking/components/FileCodePanel.tsx:5:1
Error: Export newLineGroups doesn't exist in target module
  3 | import { useState } from "react";
  4 | import type { FileSnapshot } from "../data/types";
> 5 | import { describeNewLines, newLineGroups } from "../lib/code";
    | ^^^^^^^^^^^^^^^^^^^^^^^^^^^^^^^^^^^^^^^^^^^^^^^^^^^^^^^^^^^^^^
  6 | import { NoCopyWrapper } from "./NoCopyWrapper";
  7 |
  8 | export function FileCodePanel({ file }: { file: FileSnapshot }) {

The export newLineGroups was not found in module [project]/app/hand-tracking/lib/code.ts [app-ssr] (ecmascript).
Did you mean to import newLineGroupsWithContext?
All exports of the module are statically known (It doesn't have dynamic exports). So it's known statically that the requested export doesn't exist.

Import trace:
  Server Component:
    ./app/hand-tracking/components/FileCodePanel.tsx
    ./app/hand-tracking/components/StepDetail.tsx
    ./app/hand-tracking/[stepId]/page.tsx @ http://localhost:3000/_next/static/chunks/node_modules_next_dist_1e8vcs8._.js:1052
[  559186ms] [ERROR] ./app/hand-tracking/components/FileCodePanel.tsx:5:1
Error: Export newLineGroups doesn't exist in target module
  3 | import { useState } from "react";
  4 | import type { FileSnapshot } from "../data/types";
> 5 | import { describeNewLines, newLineGroups } from "../lib/code";
    | ^^^^^^^^^^^^^^^^^^^^^^^^^^^^^^^^^^^^^^^^^^^^^^^^^^^^^^^^^^^^^^
  6 | import { NoCopyWrapper } from "./NoCopyWrapper";
  7 |
  8 | export function FileCodePanel({ file }: { file: FileSnapshot }) {

The export newLineGroups was not found in module [project]/app/hand-tracking/lib/code.ts [app-client] (ecmascript).
Did you mean to import newLineGroupsWithContext?
All exports of the module are statically known (It doesn't have dynamic exports). So it's known statically that the requested export doesn't exist.

Import trace:
  Server Component:
    ./app/hand-tracking/components/FileCodePanel.tsx
    ./app/hand-tracking/components/StepDetail.tsx
    ./app/hand-tracking/[stepId]/page.tsx @ http://localhost:3000/_next/static/chunks/node_modules_next_dist_1e8vcs8._.js:1052
[  559187ms] [ERROR] ./app/hand-tracking/components/FileCodePanel.tsx:5:1
Error: Export newLineGroups doesn't exist in target module
  3 | import { useState } from "react";
  4 | import type { FileSnapshot } from "../data/types";
> 5 | import { describeNewLines, newLineGroups } from "../lib/code";
    | ^^^^^^^^^^^^^^^^^^^^^^^^^^^^^^^^^^^^^^^^^^^^^^^^^^^^^^^^^^^^^^
  6 | import { NoCopyWrapper } from "./NoCopyWrapper";
  7 |
  8 | export function FileCodePanel({ file }: { file: FileSnapshot }) {

The export newLineGroups was not found in module [project]/app/hand-tracking/lib/code.ts [app-ssr] (ecmascript).
Did you mean to import newLineGroupsWithContext?
All exports of the module are statically known (It doesn't have dynamic exports). So it's known statically that the requested export doesn't exist.

Import trace:
  Server Component:
    ./app/hand-tracking/components/FileCodePanel.tsx
    ./app/hand-tracking/components/StepDetail.tsx
    ./app/hand-tracking/[stepId]/page.tsx @ http://localhost:3000/_next/static/chunks/node_modules_next_dist_1e8vcs8._.js:1052
[  559248ms] [ERROR] ./app/hand-tracking/components/FileCodePanel.tsx:5:1
Error: Export newLineGroups doesn't exist in target module
  3 | import { useState } from "react";
  4 | import type { FileSnapshot } from "../data/types";
> 5 | import { describeNewLines, newLineGroups } from "../lib/code";
    | ^^^^^^^^^^^^^^^^^^^^^^^^^^^^^^^^^^^^^^^^^^^^^^^^^^^^^^^^^^^^^^
  6 | import { NoCopyWrapper } from "./NoCopyWrapper";
  7 |
  8 | export function FileCodePanel({ file }: { file: FileSnapshot }) {

The export newLineGroups was not found in module [project]/app/hand-tracking/lib/code.ts [app-client] (ecmascript).
Did you mean to import newLineGroupsWithContext?
All exports of the module are statically known (It doesn't have dynamic exports). So it's known statically that the requested export doesn't exist.

Import trace:
  Server Component:
    ./app/hand-tracking/components/FileCodePanel.tsx
    ./app/hand-tracking/components/StepDetail.tsx
    ./app/hand-tracking/[stepId]/page.tsx @ http://localhost:3000/_next/static/chunks/node_modules_next_dist_1e8vcs8._.js:1052
[  559249ms] [ERROR] ./app/hand-tracking/components/FileCodePanel.tsx:5:1
Error: Export newLineGroups doesn't exist in target module
  3 | import { useState } from "react";
  4 | import type { FileSnapshot } from "../data/types";
> 5 | import { describeNewLines, newLineGroups } from "../lib/code";
    | ^^^^^^^^^^^^^^^^^^^^^^^^^^^^^^^^^^^^^^^^^^^^^^^^^^^^^^^^^^^^^^
  6 | import { NoCopyWrapper } from "./NoCopyWrapper";
  7 |
  8 | export function FileCodePanel({ file }: { file: FileSnapshot }) {

The export newLineGroups was not found in module [project]/app/hand-tracking/lib/code.ts [app-ssr] (ecmascript).
Did you mean to import newLineGroupsWithContext?
All exports of the module are statically known (It doesn't have dynamic exports). So it's known statically that the requested export doesn't exist.

Import trace:
  Server Component:
    ./app/hand-tracking/components/FileCodePanel.tsx
    ./app/hand-tracking/components/StepDetail.tsx
    ./app/hand-tracking/[stepId]/page.tsx @ http://localhost:3000/_next/static/chunks/node_modules_next_dist_1e8vcs8._.js:1052
[  559310ms] [ERROR] ./app/hand-tracking/components/FileCodePanel.tsx:5:1
Error: Export newLineGroups doesn't exist in target module
  3 | import { useState } from "react";
  4 | import type { FileSnapshot } from "../data/types";
> 5 | import { describeNewLines, newLineGroups } from "../lib/code";
    | ^^^^^^^^^^^^^^^^^^^^^^^^^^^^^^^^^^^^^^^^^^^^^^^^^^^^^^^^^^^^^^
  6 | import { NoCopyWrapper } from "./NoCopyWrapper";
  7 |
  8 | export function FileCodePanel({ file }: { file: FileSnapshot }) {

The export newLineGroups was not found in module [project]/app/hand-tracking/lib/code.ts [app-client] (ecmascript).
Did you mean to import newLineGroupsWithContext?
All exports of the module are statically known (It doesn't have dynamic exports). So it's known statically that the requested export doesn't exist.

Import trace:
  Server Component:
    ./app/hand-tracking/components/FileCodePanel.tsx
    ./app/hand-tracking/components/StepDetail.tsx
    ./app/hand-tracking/[stepId]/page.tsx @ http://localhost:3000/_next/static/chunks/node_modules_next_dist_1e8vcs8._.js:1052
[  559311ms] [ERROR] ./app/hand-tracking/components/FileCodePanel.tsx:5:1
Error: Export newLineGroups doesn't exist in target module
  3 | import { useState } from "react";
  4 | import type { FileSnapshot } from "../data/types";
> 5 | import { describeNewLines, newLineGroups } from "../lib/code";
    | ^^^^^^^^^^^^^^^^^^^^^^^^^^^^^^^^^^^^^^^^^^^^^^^^^^^^^^^^^^^^^^
  6 | import { NoCopyWrapper } from "./NoCopyWrapper";
  7 |
  8 | export function FileCodePanel({ file }: { file: FileSnapshot }) {

The export newLineGroups was not found in module [project]/app/hand-tracking/lib/code.ts [app-ssr] (ecmascript).
Did you mean to import newLineGroupsWithContext?
All exports of the module are statically known (It doesn't have dynamic exports). So it's known statically that the requested export doesn't exist.

Import trace:
  Server Component:
    ./app/hand-tracking/components/FileCodePanel.tsx
    ./app/hand-tracking/components/StepDetail.tsx
    ./app/hand-tracking/[stepId]/page.tsx @ http://localhost:3000/_next/static/chunks/node_modules_next_dist_1e8vcs8._.js:1052
[  559373ms] [ERROR] ./app/hand-tracking/components/FileCodePanel.tsx:5:1
Error: Export newLineGroups doesn't exist in target module
  3 | import { useState } from "react";
  4 | import type { FileSnapshot } from "../data/types";
> 5 | import { describeNewLines, newLineGroups } from "../lib/code";
    | ^^^^^^^^^^^^^^^^^^^^^^^^^^^^^^^^^^^^^^^^^^^^^^^^^^^^^^^^^^^^^^
  6 | import { NoCopyWrapper } from "./NoCopyWrapper";
  7 |
  8 | export function FileCodePanel({ file }: { file: FileSnapshot }) {

The export newLineGroups was not found in module [project]/app/hand-tracking/lib/code.ts [app-client] (ecmascript).
Did you mean to import newLineGroupsWithContext?
All exports of the module are statically known (It doesn't have dynamic exports). So it's known statically that the requested export doesn't exist.

Import trace:
  Server Component:
    ./app/hand-tracking/components/FileCodePanel.tsx
    ./app/hand-tracking/components/StepDetail.tsx
    ./app/hand-tracking/[stepId]/page.tsx @ http://localhost:3000/_next/static/chunks/node_modules_next_dist_1e8vcs8._.js:1052
[  559374ms] [ERROR] ./app/hand-tracking/components/FileCodePanel.tsx:5:1
Error: Export newLineGroups doesn't exist in target module
  3 | import { useState } from "react";
  4 | import type { FileSnapshot } from "../data/types";
> 5 | import { describeNewLines, newLineGroups } from "../lib/code";
    | ^^^^^^^^^^^^^^^^^^^^^^^^^^^^^^^^^^^^^^^^^^^^^^^^^^^^^^^^^^^^^^
  6 | import { NoCopyWrapper } from "./NoCopyWrapper";
  7 |
  8 | export function FileCodePanel({ file }: { file: FileSnapshot }) {

The export newLineGroups was not found in module [project]/app/hand-tracking/lib/code.ts [app-ssr] (ecmascript).
Did you mean to import newLineGroupsWithContext?
All exports of the module are statically known (It doesn't have dynamic exports). So it's known statically that the requested export doesn't exist.

Import trace:
  Server Component:
    ./app/hand-tracking/components/FileCodePanel.tsx
    ./app/hand-tracking/components/StepDetail.tsx
    ./app/hand-tracking/[stepId]/page.tsx @ http://localhost:3000/_next/static/chunks/node_modules_next_dist_1e8vcs8._.js:1052
[  559436ms] [ERROR] ./app/hand-tracking/components/FileCodePanel.tsx:5:1
Error: Export newLineGroups doesn't exist in target module
  3 | import { useState } from "react";
  4 | import type { FileSnapshot } from "../data/types";
> 5 | import { describeNewLines, newLineGroups } from "../lib/code";
    | ^^^^^^^^^^^^^^^^^^^^^^^^^^^^^^^^^^^^^^^^^^^^^^^^^^^^^^^^^^^^^^
  6 | import { NoCopyWrapper } from "./NoCopyWrapper";
  7 |
  8 | export function FileCodePanel({ file }: { file: FileSnapshot }) {

The export newLineGroups was not found in module [project]/app/hand-tracking/lib/code.ts [app-client] (ecmascript).
Did you mean to import newLineGroupsWithContext?
All exports of the module are statically known (It doesn't have dynamic exports). So it's known statically that the requested export doesn't exist.

Import trace:
  Server Component:
    ./app/hand-tracking/components/FileCodePanel.tsx
    ./app/hand-tracking/components/StepDetail.tsx
    ./app/hand-tracking/[stepId]/page.tsx @ http://localhost:3000/_next/static/chunks/node_modules_next_dist_1e8vcs8._.js:1052
[  559436ms] [ERROR] ./app/hand-tracking/components/FileCodePanel.tsx:5:1
Error: Export newLineGroups doesn't exist in target module
  3 | import { useState } from "react";
  4 | import type { FileSnapshot } from "../data/types";
> 5 | import { describeNewLines, newLineGroups } from "../lib/code";
    | ^^^^^^^^^^^^^^^^^^^^^^^^^^^^^^^^^^^^^^^^^^^^^^^^^^^^^^^^^^^^^^
  6 | import { NoCopyWrapper } from "./NoCopyWrapper";
  7 |
  8 | export function FileCodePanel({ file }: { file: FileSnapshot }) {

The export newLineGroups was not found in module [project]/app/hand-tracking/lib/code.ts [app-ssr] (ecmascript).
Did you mean to import newLineGroupsWithContext?
All exports of the module are statically known (It doesn't have dynamic exports). So it's known statically that the requested export doesn't exist.

Import trace:
  Server Component:
    ./app/hand-tracking/components/FileCodePanel.tsx
    ./app/hand-tracking/components/StepDetail.tsx
    ./app/hand-tracking/[stepId]/page.tsx @ http://localhost:3000/_next/static/chunks/node_modules_next_dist_1e8vcs8._.js:1052
[  559499ms] [ERROR] ./app/hand-tracking/components/FileCodePanel.tsx:5:1
Error: Export newLineGroups doesn't exist in target module
  3 | import { useState } from "react";
  4 | import type { FileSnapshot } from "../data/types";
> 5 | import { describeNewLines, newLineGroups } from "../lib/code";
    | ^^^^^^^^^^^^^^^^^^^^^^^^^^^^^^^^^^^^^^^^^^^^^^^^^^^^^^^^^^^^^^
  6 | import { NoCopyWrapper } from "./NoCopyWrapper";
  7 |
  8 | export function FileCodePanel({ file }: { file: FileSnapshot }) {

The export newLineGroups was not found in module [project]/app/hand-tracking/lib/code.ts [app-client] (ecmascript).
Did you mean to import newLineGroupsWithContext?
All exports of the module are statically known (It doesn't have dynamic exports). So it's known statically that the requested export doesn't exist.

Import trace:
  Server Component:
    ./app/hand-tracking/components/FileCodePanel.tsx
    ./app/hand-tracking/components/StepDetail.tsx
    ./app/hand-tracking/[stepId]/page.tsx @ http://localhost:3000/_next/static/chunks/node_modules_next_dist_1e8vcs8._.js:1052
[  559500ms] [ERROR] ./app/hand-tracking/components/FileCodePanel.tsx:5:1
Error: Export newLineGroups doesn't exist in target module
  3 | import { useState } from "react";
  4 | import type { FileSnapshot } from "../data/types";
> 5 | import { describeNewLines, newLineGroups } from "../lib/code";
    | ^^^^^^^^^^^^^^^^^^^^^^^^^^^^^^^^^^^^^^^^^^^^^^^^^^^^^^^^^^^^^^
  6 | import { NoCopyWrapper } from "./NoCopyWrapper";
  7 |
  8 | export function FileCodePanel({ file }: { file: FileSnapshot }) {

The export newLineGroups was not found in module [project]/app/hand-tracking/lib/code.ts [app-ssr] (ecmascript).
Did you mean to import newLineGroupsWithContext?
All exports of the module are statically known (It doesn't have dynamic exports). So it's known statically that the requested export doesn't exist.

Import trace:
  Server Component:
    ./app/hand-tracking/components/FileCodePanel.tsx
    ./app/hand-tracking/components/StepDetail.tsx
    ./app/hand-tracking/[stepId]/page.tsx @ http://localhost:3000/_next/static/chunks/node_modules_next_dist_1e8vcs8._.js:1052
[  559561ms] [ERROR] ./app/hand-tracking/components/FileCodePanel.tsx:5:1
Error: Export newLineGroups doesn't exist in target module
  3 | import { useState } from "react";
  4 | import type { FileSnapshot } from "../data/types";
> 5 | import { describeNewLines, newLineGroups } from "../lib/code";
    | ^^^^^^^^^^^^^^^^^^^^^^^^^^^^^^^^^^^^^^^^^^^^^^^^^^^^^^^^^^^^^^
  6 | import { NoCopyWrapper } from "./NoCopyWrapper";
  7 |
  8 | export function FileCodePanel({ file }: { file: FileSnapshot }) {

The export newLineGroups was not found in module [project]/app/hand-tracking/lib/code.ts [app-client] (ecmascript).
Did you mean to import newLineGroupsWithContext?
All exports of the module are statically known (It doesn't have dynamic exports). So it's known statically that the requested export doesn't exist.

Import trace:
  Server Component:
    ./app/hand-tracking/components/FileCodePanel.tsx
    ./app/hand-tracking/components/StepDetail.tsx
    ./app/hand-tracking/[stepId]/page.tsx @ http://localhost:3000/_next/static/chunks/node_modules_next_dist_1e8vcs8._.js:1052
[  559561ms] [ERROR] ./app/hand-tracking/components/FileCodePanel.tsx:5:1
Error: Export newLineGroups doesn't exist in target module
  3 | import { useState } from "react";
  4 | import type { FileSnapshot } from "../data/types";
> 5 | import { describeNewLines, newLineGroups } from "../lib/code";
    | ^^^^^^^^^^^^^^^^^^^^^^^^^^^^^^^^^^^^^^^^^^^^^^^^^^^^^^^^^^^^^^
  6 | import { NoCopyWrapper } from "./NoCopyWrapper";
  7 |
  8 | export function FileCodePanel({ file }: { file: FileSnapshot }) {

The export newLineGroups was not found in module [project]/app/hand-tracking/lib/code.ts [app-ssr] (ecmascript).
Did you mean to import newLineGroupsWithContext?
All exports of the module are statically known (It doesn't have dynamic exports). So it's known statically that the requested export doesn't exist.

Import trace:
  Server Component:
    ./app/hand-tracking/components/FileCodePanel.tsx
    ./app/hand-tracking/components/StepDetail.tsx
    ./app/hand-tracking/[stepId]/page.tsx @ http://localhost:3000/_next/static/chunks/node_modules_next_dist_1e8vcs8._.js:1052
[  559621ms] [ERROR] ./app/hand-tracking/components/FileCodePanel.tsx:5:1
Error: Export newLineGroups doesn't exist in target module
  3 | import { useState } from "react";
  4 | import type { FileSnapshot } from "../data/types";
> 5 | import { describeNewLines, newLineGroups } from "../lib/code";
    | ^^^^^^^^^^^^^^^^^^^^^^^^^^^^^^^^^^^^^^^^^^^^^^^^^^^^^^^^^^^^^^
  6 | import { NoCopyWrapper } from "./NoCopyWrapper";
  7 |
  8 | export function FileCodePanel({ file }: { file: FileSnapshot }) {

The export newLineGroups was not found in module [project]/app/hand-tracking/lib/code.ts [app-client] (ecmascript).
Did you mean to import newLineGroupsWithContext?
All exports of the module are statically known (It doesn't have dynamic exports). So it's known statically that the requested export doesn't exist.

Import trace:
  Server Component:
    ./app/hand-tracking/components/FileCodePanel.tsx
    ./app/hand-tracking/components/StepDetail.tsx
    ./app/hand-tracking/[stepId]/page.tsx @ http://localhost:3000/_next/static/chunks/node_modules_next_dist_1e8vcs8._.js:1052
[  559622ms] [ERROR] ./app/hand-tracking/components/FileCodePanel.tsx:5:1
Error: Export newLineGroups doesn't exist in target module
  3 | import { useState } from "react";
  4 | import type { FileSnapshot } from "../data/types";
> 5 | import { describeNewLines, newLineGroups } from "../lib/code";
    | ^^^^^^^^^^^^^^^^^^^^^^^^^^^^^^^^^^^^^^^^^^^^^^^^^^^^^^^^^^^^^^
  6 | import { NoCopyWrapper } from "./NoCopyWrapper";
  7 |
  8 | export function FileCodePanel({ file }: { file: FileSnapshot }) {

The export newLineGroups was not found in module [project]/app/hand-tracking/lib/code.ts [app-ssr] (ecmascript).
Did you mean to import newLineGroupsWithContext?
All exports of the module are statically known (It doesn't have dynamic exports). So it's known statically that the requested export doesn't exist.

Import trace:
  Server Component:
    ./app/hand-tracking/components/FileCodePanel.tsx
    ./app/hand-tracking/components/StepDetail.tsx
    ./app/hand-tracking/[stepId]/page.tsx @ http://localhost:3000/_next/static/chunks/node_modules_next_dist_1e8vcs8._.js:1052
[  559685ms] [ERROR] ./app/hand-tracking/components/FileCodePanel.tsx:5:1
Error: Export newLineGroups doesn't exist in target module
  3 | import { useState } from "react";
  4 | import type { FileSnapshot } from "../data/types";
> 5 | import { describeNewLines, newLineGroups } from "../lib/code";
    | ^^^^^^^^^^^^^^^^^^^^^^^^^^^^^^^^^^^^^^^^^^^^^^^^^^^^^^^^^^^^^^
  6 | import { NoCopyWrapper } from "./NoCopyWrapper";
  7 |
  8 | export function FileCodePanel({ file }: { file: FileSnapshot }) {

The export newLineGroups was not found in module [project]/app/hand-tracking/lib/code.ts [app-client] (ecmascript).
Did you mean to import newLineGroupsWithContext?
All exports of the module are statically known (It doesn't have dynamic exports). So it's known statically that the requested export doesn't exist.

Import trace:
  Server Component:
    ./app/hand-tracking/components/FileCodePanel.tsx
    ./app/hand-tracking/components/StepDetail.tsx
    ./app/hand-tracking/[stepId]/page.tsx @ http://localhost:3000/_next/static/chunks/node_modules_next_dist_1e8vcs8._.js:1052
[  559686ms] [ERROR] ./app/hand-tracking/components/FileCodePanel.tsx:5:1
Error: Export newLineGroups doesn't exist in target module
  3 | import { useState } from "react";
  4 | import type { FileSnapshot } from "../data/types";
> 5 | import { describeNewLines, newLineGroups } from "../lib/code";
    | ^^^^^^^^^^^^^^^^^^^^^^^^^^^^^^^^^^^^^^^^^^^^^^^^^^^^^^^^^^^^^^
  6 | import { NoCopyWrapper } from "./NoCopyWrapper";
  7 |
  8 | export function FileCodePanel({ file }: { file: FileSnapshot }) {

The export newLineGroups was not found in module [project]/app/hand-tracking/lib/code.ts [app-ssr] (ecmascript).
Did you mean to import newLineGroupsWithContext?
All exports of the module are statically known (It doesn't have dynamic exports). So it's known statically that the requested export doesn't exist.

Import trace:
  Server Component:
    ./app/hand-tracking/components/FileCodePanel.tsx
    ./app/hand-tracking/components/StepDetail.tsx
    ./app/hand-tracking/[stepId]/page.tsx @ http://localhost:3000/_next/static/chunks/node_modules_next_dist_1e8vcs8._.js:1052
[  559748ms] [ERROR] ./app/hand-tracking/components/FileCodePanel.tsx:5:1
Error: Export newLineGroups doesn't exist in target module
  3 | import { useState } from "react";
  4 | import type { FileSnapshot } from "../data/types";
> 5 | import { describeNewLines, newLineGroups } from "../lib/code";
    | ^^^^^^^^^^^^^^^^^^^^^^^^^^^^^^^^^^^^^^^^^^^^^^^^^^^^^^^^^^^^^^
  6 | import { NoCopyWrapper } from "./NoCopyWrapper";
  7 |
  8 | export function FileCodePanel({ file }: { file: FileSnapshot }) {

The export newLineGroups was not found in module [project]/app/hand-tracking/lib/code.ts [app-client] (ecmascript).
Did you mean to import newLineGroupsWithContext?
All exports of the module are statically known (It doesn't have dynamic exports). So it's known statically that the requested export doesn't exist.

Import trace:
  Server Component:
    ./app/hand-tracking/components/FileCodePanel.tsx
    ./app/hand-tracking/components/StepDetail.tsx
    ./app/hand-tracking/[stepId]/page.tsx @ http://localhost:3000/_next/static/chunks/node_modules_next_dist_1e8vcs8._.js:1052
[  559749ms] [ERROR] ./app/hand-tracking/components/FileCodePanel.tsx:5:1
Error: Export newLineGroups doesn't exist in target module
  3 | import { useState } from "react";
  4 | import type { FileSnapshot } from "../data/types";
> 5 | import { describeNewLines, newLineGroups } from "../lib/code";
    | ^^^^^^^^^^^^^^^^^^^^^^^^^^^^^^^^^^^^^^^^^^^^^^^^^^^^^^^^^^^^^^
  6 | import { NoCopyWrapper } from "./NoCopyWrapper";
  7 |
  8 | export function FileCodePanel({ file }: { file: FileSnapshot }) {

The export newLineGroups was not found in module [project]/app/hand-tracking/lib/code.ts [app-ssr] (ecmascript).
Did you mean to import newLineGroupsWithContext?
All exports of the module are statically known (It doesn't have dynamic exports). So it's known statically that the requested export doesn't exist.

Import trace:
  Server Component:
    ./app/hand-tracking/components/FileCodePanel.tsx
    ./app/hand-tracking/components/StepDetail.tsx
    ./app/hand-tracking/[stepId]/page.tsx @ http://localhost:3000/_next/static/chunks/node_modules_next_dist_1e8vcs8._.js:1052
[  559810ms] [ERROR] ./app/hand-tracking/components/FileCodePanel.tsx:5:1
Error: Export newLineGroups doesn't exist in target module
  3 | import { useState } from "react";
  4 | import type { FileSnapshot } from "../data/types";
> 5 | import { describeNewLines, newLineGroups } from "../lib/code";
    | ^^^^^^^^^^^^^^^^^^^^^^^^^^^^^^^^^^^^^^^^^^^^^^^^^^^^^^^^^^^^^^
  6 | import { NoCopyWrapper } from "./NoCopyWrapper";
  7 |
  8 | export function FileCodePanel({ file }: { file: FileSnapshot }) {

The export newLineGroups was not found in module [project]/app/hand-tracking/lib/code.ts [app-client] (ecmascript).
Did you mean to import newLineGroupsWithContext?
All exports of the module are statically known (It doesn't have dynamic exports). So it's known statically that the requested export doesn't exist.

Import trace:
  Server Component:
    ./app/hand-tracking/components/FileCodePanel.tsx
    ./app/hand-tracking/components/StepDetail.tsx
    ./app/hand-tracking/[stepId]/page.tsx @ http://localhost:3000/_next/static/chunks/node_modules_next_dist_1e8vcs8._.js:1052
[  559811ms] [ERROR] ./app/hand-tracking/components/FileCodePanel.tsx:5:1
Error: Export newLineGroups doesn't exist in target module
  3 | import { useState } from "react";
  4 | import type { FileSnapshot } from "../data/types";
> 5 | import { describeNewLines, newLineGroups } from "../lib/code";
    | ^^^^^^^^^^^^^^^^^^^^^^^^^^^^^^^^^^^^^^^^^^^^^^^^^^^^^^^^^^^^^^
  6 | import { NoCopyWrapper } from "./NoCopyWrapper";
  7 |
  8 | export function FileCodePanel({ file }: { file: FileSnapshot }) {

The export newLineGroups was not found in module [project]/app/hand-tracking/lib/code.ts [app-ssr] (ecmascript).
Did you mean to import newLineGroupsWithContext?
All exports of the module are statically known (It doesn't have dynamic exports). So it's known statically that the requested export doesn't exist.

Import trace:
  Server Component:
    ./app/hand-tracking/components/FileCodePanel.tsx
    ./app/hand-tracking/components/StepDetail.tsx
    ./app/hand-tracking/[stepId]/page.tsx @ http://localhost:3000/_next/static/chunks/node_modules_next_dist_1e8vcs8._.js:1052
[  559874ms] [ERROR] ./app/hand-tracking/components/FileCodePanel.tsx:5:1
Error: Export newLineGroups doesn't exist in target module
  3 | import { useState } from "react";
  4 | import type { FileSnapshot } from "../data/types";
> 5 | import { describeNewLines, newLineGroups } from "../lib/code";
    | ^^^^^^^^^^^^^^^^^^^^^^^^^^^^^^^^^^^^^^^^^^^^^^^^^^^^^^^^^^^^^^
  6 | import { NoCopyWrapper } from "./NoCopyWrapper";
  7 |
  8 | export function FileCodePanel({ file }: { file: FileSnapshot }) {

The export newLineGroups was not found in module [project]/app/hand-tracking/lib/code.ts [app-client] (ecmascript).
Did you mean to import newLineGroupsWithContext?
All exports of the module are statically known (It doesn't have dynamic exports). So it's known statically that the requested export doesn't exist.

Import trace:
  Server Component:
    ./app/hand-tracking/components/FileCodePanel.tsx
    ./app/hand-tracking/components/StepDetail.tsx
    ./app/hand-tracking/[stepId]/page.tsx @ http://localhost:3000/_next/static/chunks/node_modules_next_dist_1e8vcs8._.js:1052
[  559875ms] [ERROR] ./app/hand-tracking/components/FileCodePanel.tsx:5:1
Error: Export newLineGroups doesn't exist in target module
  3 | import { useState } from "react";
  4 | import type { FileSnapshot } from "../data/types";
> 5 | import { describeNewLines, newLineGroups } from "../lib/code";
    | ^^^^^^^^^^^^^^^^^^^^^^^^^^^^^^^^^^^^^^^^^^^^^^^^^^^^^^^^^^^^^^
  6 | import { NoCopyWrapper } from "./NoCopyWrapper";
  7 |
  8 | export function FileCodePanel({ file }: { file: FileSnapshot }) {

The export newLineGroups was not found in module [project]/app/hand-tracking/lib/code.ts [app-ssr] (ecmascript).
Did you mean to import newLineGroupsWithContext?
All exports of the module are statically known (It doesn't have dynamic exports). So it's known statically that the requested export doesn't exist.

Import trace:
  Server Component:
    ./app/hand-tracking/components/FileCodePanel.tsx
    ./app/hand-tracking/components/StepDetail.tsx
    ./app/hand-tracking/[stepId]/page.tsx @ http://localhost:3000/_next/static/chunks/node_modules_next_dist_1e8vcs8._.js:1052
[  559935ms] [ERROR] ./app/hand-tracking/components/FileCodePanel.tsx:5:1
Error: Export newLineGroups doesn't exist in target module
  3 | import { useState } from "react";
  4 | import type { FileSnapshot } from "../data/types";
> 5 | import { describeNewLines, newLineGroups } from "../lib/code";
    | ^^^^^^^^^^^^^^^^^^^^^^^^^^^^^^^^^^^^^^^^^^^^^^^^^^^^^^^^^^^^^^
  6 | import { NoCopyWrapper } from "./NoCopyWrapper";
  7 |
  8 | export function FileCodePanel({ file }: { file: FileSnapshot }) {

The export newLineGroups was not found in module [project]/app/hand-tracking/lib/code.ts [app-client] (ecmascript).
Did you mean to import newLineGroupsWithContext?
All exports of the module are statically known (It doesn't have dynamic exports). So it's known statically that the requested export doesn't exist.

Import trace:
  Server Component:
    ./app/hand-tracking/components/FileCodePanel.tsx
    ./app/hand-tracking/components/StepDetail.tsx
    ./app/hand-tracking/[stepId]/page.tsx @ http://localhost:3000/_next/static/chunks/node_modules_next_dist_1e8vcs8._.js:1052
[  559935ms] [ERROR] ./app/hand-tracking/components/FileCodePanel.tsx:5:1
Error: Export newLineGroups doesn't exist in target module
  3 | import { useState } from "react";
  4 | import type { FileSnapshot } from "../data/types";
> 5 | import { describeNewLines, newLineGroups } from "../lib/code";
    | ^^^^^^^^^^^^^^^^^^^^^^^^^^^^^^^^^^^^^^^^^^^^^^^^^^^^^^^^^^^^^^
  6 | import { NoCopyWrapper } from "./NoCopyWrapper";
  7 |
  8 | export function FileCodePanel({ file }: { file: FileSnapshot }) {

The export newLineGroups was not found in module [project]/app/hand-tracking/lib/code.ts [app-ssr] (ecmascript).
Did you mean to import newLineGroupsWithContext?
All exports of the module are statically known (It doesn't have dynamic exports). So it's known statically that the requested export doesn't exist.

Import trace:
  Server Component:
    ./app/hand-tracking/components/FileCodePanel.tsx
    ./app/hand-tracking/components/StepDetail.tsx
    ./app/hand-tracking/[stepId]/page.tsx @ http://localhost:3000/_next/static/chunks/node_modules_next_dist_1e8vcs8._.js:1052
[  560000ms] [ERROR] ./app/hand-tracking/components/FileCodePanel.tsx:5:1
Error: Export newLineGroups doesn't exist in target module
  3 | import { useState } from "react";
  4 | import type { FileSnapshot } from "../data/types";
> 5 | import { describeNewLines, newLineGroups } from "../lib/code";
    | ^^^^^^^^^^^^^^^^^^^^^^^^^^^^^^^^^^^^^^^^^^^^^^^^^^^^^^^^^^^^^^
  6 | import { NoCopyWrapper } from "./NoCopyWrapper";
  7 |
  8 | export function FileCodePanel({ file }: { file: FileSnapshot }) {

The export newLineGroups was not found in module [project]/app/hand-tracking/lib/code.ts [app-client] (ecmascript).
Did you mean to import newLineGroupsWithContext?
All exports of the module are statically known (It doesn't have dynamic exports). So it's known statically that the requested export doesn't exist.

Import trace:
  Server Component:
    ./app/hand-tracking/components/FileCodePanel.tsx
    ./app/hand-tracking/components/StepDetail.tsx
    ./app/hand-tracking/[stepId]/page.tsx @ http://localhost:3000/_next/static/chunks/node_modules_next_dist_1e8vcs8._.js:1052
[  560000ms] [ERROR] ./app/hand-tracking/components/FileCodePanel.tsx:5:1
Error: Export newLineGroups doesn't exist in target module
  3 | import { useState } from "react";
  4 | import type { FileSnapshot } from "../data/types";
> 5 | import { describeNewLines, newLineGroups } from "../lib/code";
    | ^^^^^^^^^^^^^^^^^^^^^^^^^^^^^^^^^^^^^^^^^^^^^^^^^^^^^^^^^^^^^^
  6 | import { NoCopyWrapper } from "./NoCopyWrapper";
  7 |
  8 | export function FileCodePanel({ file }: { file: FileSnapshot }) {

The export newLineGroups was not found in module [project]/app/hand-tracking/lib/code.ts [app-ssr] (ecmascript).
Did you mean to import newLineGroupsWithContext?
All exports of the module are statically known (It doesn't have dynamic exports). So it's known statically that the requested export doesn't exist.

Import trace:
  Server Component:
    ./app/hand-tracking/components/FileCodePanel.tsx
    ./app/hand-tracking/components/StepDetail.tsx
    ./app/hand-tracking/[stepId]/page.tsx @ http://localhost:3000/_next/static/chunks/node_modules_next_dist_1e8vcs8._.js:1052
[  560061ms] [ERROR] ./app/hand-tracking/components/FileCodePanel.tsx:5:1
Error: Export newLineGroups doesn't exist in target module
  3 | import { useState } from "react";
  4 | import type { FileSnapshot } from "../data/types";
> 5 | import { describeNewLines, newLineGroups } from "../lib/code";
    | ^^^^^^^^^^^^^^^^^^^^^^^^^^^^^^^^^^^^^^^^^^^^^^^^^^^^^^^^^^^^^^
  6 | import { NoCopyWrapper } from "./NoCopyWrapper";
  7 |
  8 | export function FileCodePanel({ file }: { file: FileSnapshot }) {

The export newLineGroups was not found in module [project]/app/hand-tracking/lib/code.ts [app-client] (ecmascript).
Did you mean to import newLineGroupsWithContext?
All exports of the module are statically known (It doesn't have dynamic exports). So it's known statically that the requested export doesn't exist.

Import trace:
  Server Component:
    ./app/hand-tracking/components/FileCodePanel.tsx
    ./app/hand-tracking/components/StepDetail.tsx
    ./app/hand-tracking/[stepId]/page.tsx @ http://localhost:3000/_next/static/chunks/node_modules_next_dist_1e8vcs8._.js:1052
[  560062ms] [ERROR] ./app/hand-tracking/components/FileCodePanel.tsx:5:1
Error: Export newLineGroups doesn't exist in target module
  3 | import { useState } from "react";
  4 | import type { FileSnapshot } from "../data/types";
> 5 | import { describeNewLines, newLineGroups } from "../lib/code";
    | ^^^^^^^^^^^^^^^^^^^^^^^^^^^^^^^^^^^^^^^^^^^^^^^^^^^^^^^^^^^^^^
  6 | import { NoCopyWrapper } from "./NoCopyWrapper";
  7 |
  8 | export function FileCodePanel({ file }: { file: FileSnapshot }) {

The export newLineGroups was not found in module [project]/app/hand-tracking/lib/code.ts [app-ssr] (ecmascript).
Did you mean to import newLineGroupsWithContext?
All exports of the module are statically known (It doesn't have dynamic exports). So it's known statically that the requested export doesn't exist.

Import trace:
  Server Component:
    ./app/hand-tracking/components/FileCodePanel.tsx
    ./app/hand-tracking/components/StepDetail.tsx
    ./app/hand-tracking/[stepId]/page.tsx @ http://localhost:3000/_next/static/chunks/node_modules_next_dist_1e8vcs8._.js:1052
[  560121ms] [ERROR] ./app/hand-tracking/components/FileCodePanel.tsx:5:1
Error: Export newLineGroups doesn't exist in target module
  3 | import { useState } from "react";
  4 | import type { FileSnapshot } from "../data/types";
> 5 | import { describeNewLines, newLineGroups } from "../lib/code";
    | ^^^^^^^^^^^^^^^^^^^^^^^^^^^^^^^^^^^^^^^^^^^^^^^^^^^^^^^^^^^^^^
  6 | import { NoCopyWrapper } from "./NoCopyWrapper";
  7 |
  8 | export function FileCodePanel({ file }: { file: FileSnapshot }) {

The export newLineGroups was not found in module [project]/app/hand-tracking/lib/code.ts [app-client] (ecmascript).
Did you mean to import newLineGroupsWithContext?
All exports of the module are statically known (It doesn't have dynamic exports). So it's known statically that the requested export doesn't exist.

Import trace:
  Server Component:
    ./app/hand-tracking/components/FileCodePanel.tsx
    ./app/hand-tracking/components/StepDetail.tsx
    ./app/hand-tracking/[stepId]/page.tsx @ http://localhost:3000/_next/static/chunks/node_modules_next_dist_1e8vcs8._.js:1052
[  560122ms] [ERROR] ./app/hand-tracking/components/FileCodePanel.tsx:5:1
Error: Export newLineGroups doesn't exist in target module
  3 | import { useState } from "react";
  4 | import type { FileSnapshot } from "../data/types";
> 5 | import { describeNewLines, newLineGroups } from "../lib/code";
    | ^^^^^^^^^^^^^^^^^^^^^^^^^^^^^^^^^^^^^^^^^^^^^^^^^^^^^^^^^^^^^^
  6 | import { NoCopyWrapper } from "./NoCopyWrapper";
  7 |
  8 | export function FileCodePanel({ file }: { file: FileSnapshot }) {

The export newLineGroups was not found in module [project]/app/hand-tracking/lib/code.ts [app-ssr] (ecmascript).
Did you mean to import newLineGroupsWithContext?
All exports of the module are statically known (It doesn't have dynamic exports). So it's known statically that the requested export doesn't exist.

Import trace:
  Server Component:
    ./app/hand-tracking/components/FileCodePanel.tsx
    ./app/hand-tracking/components/StepDetail.tsx
    ./app/hand-tracking/[stepId]/page.tsx @ http://localhost:3000/_next/static/chunks/node_modules_next_dist_1e8vcs8._.js:1052
[  560184ms] [ERROR] ./app/hand-tracking/components/FileCodePanel.tsx:5:1
Error: Export newLineGroups doesn't exist in target module
  3 | import { useState } from "react";
  4 | import type { FileSnapshot } from "../data/types";
> 5 | import { describeNewLines, newLineGroups } from "../lib/code";
    | ^^^^^^^^^^^^^^^^^^^^^^^^^^^^^^^^^^^^^^^^^^^^^^^^^^^^^^^^^^^^^^
  6 | import { NoCopyWrapper } from "./NoCopyWrapper";
  7 |
  8 | export function FileCodePanel({ file }: { file: FileSnapshot }) {

The export newLineGroups was not found in module [project]/app/hand-tracking/lib/code.ts [app-client] (ecmascript).
Did you mean to import newLineGroupsWithContext?
All exports of the module are statically known (It doesn't have dynamic exports). So it's known statically that the requested export doesn't exist.

Import trace:
  Server Component:
    ./app/hand-tracking/components/FileCodePanel.tsx
    ./app/hand-tracking/components/StepDetail.tsx
    ./app/hand-tracking/[stepId]/page.tsx @ http://localhost:3000/_next/static/chunks/node_modules_next_dist_1e8vcs8._.js:1052
[  560184ms] [ERROR] ./app/hand-tracking/components/FileCodePanel.tsx:5:1
Error: Export newLineGroups doesn't exist in target module
  3 | import { useState } from "react";
  4 | import type { FileSnapshot } from "../data/types";
> 5 | import { describeNewLines, newLineGroups } from "../lib/code";
    | ^^^^^^^^^^^^^^^^^^^^^^^^^^^^^^^^^^^^^^^^^^^^^^^^^^^^^^^^^^^^^^
  6 | import { NoCopyWrapper } from "./NoCopyWrapper";
  7 |
  8 | export function FileCodePanel({ file }: { file: FileSnapshot }) {

The export newLineGroups was not found in module [project]/app/hand-tracking/lib/code.ts [app-ssr] (ecmascript).
Did you mean to import newLineGroupsWithContext?
All exports of the module are statically known (It doesn't have dynamic exports). So it's known statically that the requested export doesn't exist.

Import trace:
  Server Component:
    ./app/hand-tracking/components/FileCodePanel.tsx
    ./app/hand-tracking/components/StepDetail.tsx
    ./app/hand-tracking/[stepId]/page.tsx @ http://localhost:3000/_next/static/chunks/node_modules_next_dist_1e8vcs8._.js:1052
[  560245ms] [ERROR] ./app/hand-tracking/components/FileCodePanel.tsx:5:1
Error: Export newLineGroups doesn't exist in target module
  3 | import { useState } from "react";
  4 | import type { FileSnapshot } from "../data/types";
> 5 | import { describeNewLines, newLineGroups } from "../lib/code";
    | ^^^^^^^^^^^^^^^^^^^^^^^^^^^^^^^^^^^^^^^^^^^^^^^^^^^^^^^^^^^^^^
  6 | import { NoCopyWrapper } from "./NoCopyWrapper";
  7 |
  8 | export function FileCodePanel({ file }: { file: FileSnapshot }) {

The export newLineGroups was not found in module [project]/app/hand-tracking/lib/code.ts [app-client] (ecmascript).
Did you mean to import newLineGroupsWithContext?
All exports of the module are statically known (It doesn't have dynamic exports). So it's known statically that the requested export doesn't exist.

Import trace:
  Server Component:
    ./app/hand-tracking/components/FileCodePanel.tsx
    ./app/hand-tracking/components/StepDetail.tsx
    ./app/hand-tracking/[stepId]/page.tsx @ http://localhost:3000/_next/static/chunks/node_modules_next_dist_1e8vcs8._.js:1052
[  560245ms] [ERROR] ./app/hand-tracking/components/FileCodePanel.tsx:5:1
Error: Export newLineGroups doesn't exist in target module
  3 | import { useState } from "react";
  4 | import type { FileSnapshot } from "../data/types";
> 5 | import { describeNewLines, newLineGroups } from "../lib/code";
    | ^^^^^^^^^^^^^^^^^^^^^^^^^^^^^^^^^^^^^^^^^^^^^^^^^^^^^^^^^^^^^^
  6 | import { NoCopyWrapper } from "./NoCopyWrapper";
  7 |
  8 | export function FileCodePanel({ file }: { file: FileSnapshot }) {

The export newLineGroups was not found in module [project]/app/hand-tracking/lib/code.ts [app-ssr] (ecmascript).
Did you mean to import newLineGroupsWithContext?
All exports of the module are statically known (It doesn't have dynamic exports). So it's known statically that the requested export doesn't exist.

Import trace:
  Server Component:
    ./app/hand-tracking/components/FileCodePanel.tsx
    ./app/hand-tracking/components/StepDetail.tsx
    ./app/hand-tracking/[stepId]/page.tsx @ http://localhost:3000/_next/static/chunks/node_modules_next_dist_1e8vcs8._.js:1052
[  560298ms] [ERROR] ./app/hand-tracking/components/FileCodePanel.tsx:5:1
Error: Export newLineGroups doesn't exist in target module
  3 | import { useState } from "react";
  4 | import type { FileSnapshot } from "../data/types";
> 5 | import { describeNewLines, newLineGroups } from "../lib/code";
    | ^^^^^^^^^^^^^^^^^^^^^^^^^^^^^^^^^^^^^^^^^^^^^^^^^^^^^^^^^^^^^^
  6 | import { NoCopyWrapper } from "./NoCopyWrapper";
  7 |
  8 | export function FileCodePanel({ file }: { file: FileSnapshot }) {

The export newLineGroups was not found in module [project]/app/hand-tracking/lib/code.ts [app-client] (ecmascript).
Did you mean to import newLineGroupsWithContext?
All exports of the module are statically known (It doesn't have dynamic exports). So it's known statically that the requested export doesn't exist.

Import trace:
  Server Component:
    ./app/hand-tracking/components/FileCodePanel.tsx
    ./app/hand-tracking/components/StepDetail.tsx
    ./app/hand-tracking/[stepId]/page.tsx @ http://localhost:3000/_next/static/chunks/node_modules_next_dist_1e8vcs8._.js:1052
[  560298ms] [ERROR] ./app/hand-tracking/components/FileCodePanel.tsx:5:1
Error: Export newLineGroups doesn't exist in target module
  3 | import { useState } from "react";
  4 | import type { FileSnapshot } from "../data/types";
> 5 | import { describeNewLines, newLineGroups } from "../lib/code";
    | ^^^^^^^^^^^^^^^^^^^^^^^^^^^^^^^^^^^^^^^^^^^^^^^^^^^^^^^^^^^^^^
  6 | import { NoCopyWrapper } from "./NoCopyWrapper";
  7 |
  8 | export function FileCodePanel({ file }: { file: FileSnapshot }) {

The export newLineGroups was not found in module [project]/app/hand-tracking/lib/code.ts [app-ssr] (ecmascript).
Did you mean to import newLineGroupsWithContext?
All exports of the module are statically known (It doesn't have dynamic exports). So it's known statically that the requested export doesn't exist.

Import trace:
  Server Component:
    ./app/hand-tracking/components/FileCodePanel.tsx
    ./app/hand-tracking/components/StepDetail.tsx
    ./app/hand-tracking/[stepId]/page.tsx @ http://localhost:3000/_next/static/chunks/node_modules_next_dist_1e8vcs8._.js:1052
[  560401ms] [ERROR] ./app/hand-tracking/components/FileCodePanel.tsx:5:1
Error: Export newLineGroups doesn't exist in target module
  3 | import { useState } from "react";
  4 | import type { FileSnapshot } from "../data/types";
> 5 | import { describeNewLines, newLineGroups } from "../lib/code";
    | ^^^^^^^^^^^^^^^^^^^^^^^^^^^^^^^^^^^^^^^^^^^^^^^^^^^^^^^^^^^^^^
  6 | import { NoCopyWrapper } from "./NoCopyWrapper";
  7 |
  8 | export function FileCodePanel({ file }: { file: FileSnapshot }) {

The export newLineGroups was not found in module [project]/app/hand-tracking/lib/code.ts [app-client] (ecmascript).
Did you mean to import newLineGroupsWithContext?
All exports of the module are statically known (It doesn't have dynamic exports). So it's known statically that the requested export doesn't exist.

Import trace:
  Server Component:
    ./app/hand-tracking/components/FileCodePanel.tsx
    ./app/hand-tracking/components/StepDetail.tsx
    ./app/hand-tracking/[stepId]/page.tsx @ http://localhost:3000/_next/static/chunks/node_modules_next_dist_1e8vcs8._.js:1052
[  560402ms] [ERROR] ./app/hand-tracking/components/FileCodePanel.tsx:5:1
Error: Export newLineGroups doesn't exist in target module
  3 | import { useState } from "react";
  4 | import type { FileSnapshot } from "../data/types";
> 5 | import { describeNewLines, newLineGroups } from "../lib/code";
    | ^^^^^^^^^^^^^^^^^^^^^^^^^^^^^^^^^^^^^^^^^^^^^^^^^^^^^^^^^^^^^^
  6 | import { NoCopyWrapper } from "./NoCopyWrapper";
  7 |
  8 | export function FileCodePanel({ file }: { file: FileSnapshot }) {

The export newLineGroups was not found in module [project]/app/hand-tracking/lib/code.ts [app-ssr] (ecmascript).
Did you mean to import newLineGroupsWithContext?
All exports of the module are statically known (It doesn't have dynamic exports). So it's known statically that the requested export doesn't exist.

Import trace:
  Server Component:
    ./app/hand-tracking/components/FileCodePanel.tsx
    ./app/hand-tracking/components/StepDetail.tsx
    ./app/hand-tracking/[stepId]/page.tsx @ http://localhost:3000/_next/static/chunks/node_modules_next_dist_1e8vcs8._.js:1052
[  560478ms] [ERROR] ./app/hand-tracking/components/FileCodePanel.tsx:5:1
Error: Export newLineGroups doesn't exist in target module
  3 | import { useState } from "react";
  4 | import type { FileSnapshot } from "../data/types";
> 5 | import { describeNewLines, newLineGroups } from "../lib/code";
    | ^^^^^^^^^^^^^^^^^^^^^^^^^^^^^^^^^^^^^^^^^^^^^^^^^^^^^^^^^^^^^^
  6 | import { NoCopyWrapper } from "./NoCopyWrapper";
  7 |
  8 | export function FileCodePanel({ file }: { file: FileSnapshot }) {

The export newLineGroups was not found in module [project]/app/hand-tracking/lib/code.ts [app-client] (ecmascript).
Did you mean to import newLineGroupsWithContext?
All exports of the module are statically known (It doesn't have dynamic exports). So it's known statically that the requested export doesn't exist.

Import trace:
  Server Component:
    ./app/hand-tracking/components/FileCodePanel.tsx
    ./app/hand-tracking/components/StepDetail.tsx
    ./app/hand-tracking/[stepId]/page.tsx @ http://localhost:3000/_next/static/chunks/node_modules_next_dist_1e8vcs8._.js:1052
[  560479ms] [ERROR] ./app/hand-tracking/components/FileCodePanel.tsx:5:1
Error: Export newLineGroups doesn't exist in target module
  3 | import { useState } from "react";
  4 | import type { FileSnapshot } from "../data/types";
> 5 | import { describeNewLines, newLineGroups } from "../lib/code";
    | ^^^^^^^^^^^^^^^^^^^^^^^^^^^^^^^^^^^^^^^^^^^^^^^^^^^^^^^^^^^^^^
  6 | import { NoCopyWrapper } from "./NoCopyWrapper";
  7 |
  8 | export function FileCodePanel({ file }: { file: FileSnapshot }) {

The export newLineGroups was not found in module [project]/app/hand-tracking/lib/code.ts [app-ssr] (ecmascript).
Did you mean to import newLineGroupsWithContext?
All exports of the module are statically known (It doesn't have dynamic exports). So it's known statically that the requested export doesn't exist.

Import trace:
  Server Component:
    ./app/hand-tracking/components/FileCodePanel.tsx
    ./app/hand-tracking/components/StepDetail.tsx
    ./app/hand-tracking/[stepId]/page.tsx @ http://localhost:3000/_next/static/chunks/node_modules_next_dist_1e8vcs8._.js:1052
[  560540ms] [ERROR] ./app/hand-tracking/components/FileCodePanel.tsx:5:1
Error: Export newLineGroups doesn't exist in target module
  3 | import { useState } from "react";
  4 | import type { FileSnapshot } from "../data/types";
> 5 | import { describeNewLines, newLineGroups } from "../lib/code";
    | ^^^^^^^^^^^^^^^^^^^^^^^^^^^^^^^^^^^^^^^^^^^^^^^^^^^^^^^^^^^^^^
  6 | import { NoCopyWrapper } from "./NoCopyWrapper";
  7 |
  8 | export function FileCodePanel({ file }: { file: FileSnapshot }) {

The export newLineGroups was not found in module [project]/app/hand-tracking/lib/code.ts [app-client] (ecmascript).
Did you mean to import newLineGroupsWithContext?
All exports of the module are statically known (It doesn't have dynamic exports). So it's known statically that the requested export doesn't exist.

Import trace:
  Server Component:
    ./app/hand-tracking/components/FileCodePanel.tsx
    ./app/hand-tracking/components/StepDetail.tsx
    ./app/hand-tracking/[stepId]/page.tsx @ http://localhost:3000/_next/static/chunks/node_modules_next_dist_1e8vcs8._.js:1052
[  560542ms] [ERROR] ./app/hand-tracking/components/FileCodePanel.tsx:5:1
Error: Export newLineGroups doesn't exist in target module
  3 | import { useState } from "react";
  4 | import type { FileSnapshot } from "../data/types";
> 5 | import { describeNewLines, newLineGroups } from "../lib/code";
    | ^^^^^^^^^^^^^^^^^^^^^^^^^^^^^^^^^^^^^^^^^^^^^^^^^^^^^^^^^^^^^^
  6 | import { NoCopyWrapper } from "./NoCopyWrapper";
  7 |
  8 | export function FileCodePanel({ file }: { file: FileSnapshot }) {

The export newLineGroups was not found in module [project]/app/hand-tracking/lib/code.ts [app-ssr] (ecmascript).
Did you mean to import newLineGroupsWithContext?
All exports of the module are statically known (It doesn't have dynamic exports). So it's known statically that the requested export doesn't exist.

Import trace:
  Server Component:
    ./app/hand-tracking/components/FileCodePanel.tsx
    ./app/hand-tracking/components/StepDetail.tsx
    ./app/hand-tracking/[stepId]/page.tsx @ http://localhost:3000/_next/static/chunks/node_modules_next_dist_1e8vcs8._.js:1052
[  560601ms] [ERROR] ./app/hand-tracking/components/FileCodePanel.tsx:5:1
Error: Export newLineGroups doesn't exist in target module
  3 | import { useState } from "react";
  4 | import type { FileSnapshot } from "../data/types";
> 5 | import { describeNewLines, newLineGroups } from "../lib/code";
    | ^^^^^^^^^^^^^^^^^^^^^^^^^^^^^^^^^^^^^^^^^^^^^^^^^^^^^^^^^^^^^^
  6 | import { NoCopyWrapper } from "./NoCopyWrapper";
  7 |
  8 | export function FileCodePanel({ file }: { file: FileSnapshot }) {

The export newLineGroups was not found in module [project]/app/hand-tracking/lib/code.ts [app-client] (ecmascript).
Did you mean to import newLineGroupsWithContext?
All exports of the module are statically known (It doesn't have dynamic exports). So it's known statically that the requested export doesn't exist.

Import trace:
  Server Component:
    ./app/hand-tracking/components/FileCodePanel.tsx
    ./app/hand-tracking/components/StepDetail.tsx
    ./app/hand-tracking/[stepId]/page.tsx @ http://localhost:3000/_next/static/chunks/node_modules_next_dist_1e8vcs8._.js:1052
[  560602ms] [ERROR] ./app/hand-tracking/components/FileCodePanel.tsx:5:1
Error: Export newLineGroups doesn't exist in target module
  3 | import { useState } from "react";
  4 | import type { FileSnapshot } from "../data/types";
> 5 | import { describeNewLines, newLineGroups } from "../lib/code";
    | ^^^^^^^^^^^^^^^^^^^^^^^^^^^^^^^^^^^^^^^^^^^^^^^^^^^^^^^^^^^^^^
  6 | import { NoCopyWrapper } from "./NoCopyWrapper";
  7 |
  8 | export function FileCodePanel({ file }: { file: FileSnapshot }) {

The export newLineGroups was not found in module [project]/app/hand-tracking/lib/code.ts [app-ssr] (ecmascript).
Did you mean to import newLineGroupsWithContext?
All exports of the module are statically known (It doesn't have dynamic exports). So it's known statically that the requested export doesn't exist.

Import trace:
  Server Component:
    ./app/hand-tracking/components/FileCodePanel.tsx
    ./app/hand-tracking/components/StepDetail.tsx
    ./app/hand-tracking/[stepId]/page.tsx @ http://localhost:3000/_next/static/chunks/node_modules_next_dist_1e8vcs8._.js:1052
[  560664ms] [ERROR] ./app/hand-tracking/components/FileCodePanel.tsx:5:1
Error: Export newLineGroups doesn't exist in target module
  3 | import { useState } from "react";
  4 | import type { FileSnapshot } from "../data/types";
> 5 | import { describeNewLines, newLineGroups } from "../lib/code";
    | ^^^^^^^^^^^^^^^^^^^^^^^^^^^^^^^^^^^^^^^^^^^^^^^^^^^^^^^^^^^^^^
  6 | import { NoCopyWrapper } from "./NoCopyWrapper";
  7 |
  8 | export function FileCodePanel({ file }: { file: FileSnapshot }) {

The export newLineGroups was not found in module [project]/app/hand-tracking/lib/code.ts [app-client] (ecmascript).
Did you mean to import newLineGroupsWithContext?
All exports of the module are statically known (It doesn't have dynamic exports). So it's known statically that the requested export doesn't exist.

Import trace:
  Server Component:
    ./app/hand-tracking/components/FileCodePanel.tsx
    ./app/hand-tracking/components/StepDetail.tsx
    ./app/hand-tracking/[stepId]/page.tsx @ http://localhost:3000/_next/static/chunks/node_modules_next_dist_1e8vcs8._.js:1052
[  560664ms] [ERROR] ./app/hand-tracking/components/FileCodePanel.tsx:5:1
Error: Export newLineGroups doesn't exist in target module
  3 | import { useState } from "react";
  4 | import type { FileSnapshot } from "../data/types";
> 5 | import { describeNewLines, newLineGroups } from "../lib/code";
    | ^^^^^^^^^^^^^^^^^^^^^^^^^^^^^^^^^^^^^^^^^^^^^^^^^^^^^^^^^^^^^^
  6 | import { NoCopyWrapper } from "./NoCopyWrapper";
  7 |
  8 | export function FileCodePanel({ file }: { file: FileSnapshot }) {

The export newLineGroups was not found in module [project]/app/hand-tracking/lib/code.ts [app-ssr] (ecmascript).
Did you mean to import newLineGroupsWithContext?
All exports of the module are statically known (It doesn't have dynamic exports). So it's known statically that the requested export doesn't exist.

Import trace:
  Server Component:
    ./app/hand-tracking/components/FileCodePanel.tsx
    ./app/hand-tracking/components/StepDetail.tsx
    ./app/hand-tracking/[stepId]/page.tsx @ http://localhost:3000/_next/static/chunks/node_modules_next_dist_1e8vcs8._.js:1052
[  560726ms] [ERROR] ./app/hand-tracking/components/FileCodePanel.tsx:5:1
Error: Export newLineGroups doesn't exist in target module
  3 | import { useState } from "react";
  4 | import type { FileSnapshot } from "../data/types";
> 5 | import { describeNewLines, newLineGroups } from "../lib/code";
    | ^^^^^^^^^^^^^^^^^^^^^^^^^^^^^^^^^^^^^^^^^^^^^^^^^^^^^^^^^^^^^^
  6 | import { NoCopyWrapper } from "./NoCopyWrapper";
  7 |
  8 | export function FileCodePanel({ file }: { file: FileSnapshot }) {

The export newLineGroups was not found in module [project]/app/hand-tracking/lib/code.ts [app-client] (ecmascript).
Did you mean to import newLineGroupsWithContext?
All exports of the module are statically known (It doesn't have dynamic exports). So it's known statically that the requested export doesn't exist.

Import trace:
  Server Component:
    ./app/hand-tracking/components/FileCodePanel.tsx
    ./app/hand-tracking/components/StepDetail.tsx
    ./app/hand-tracking/[stepId]/page.tsx @ http://localhost:3000/_next/static/chunks/node_modules_next_dist_1e8vcs8._.js:1052
[  560727ms] [ERROR] ./app/hand-tracking/components/FileCodePanel.tsx:5:1
Error: Export newLineGroups doesn't exist in target module
  3 | import { useState } from "react";
  4 | import type { FileSnapshot } from "../data/types";
> 5 | import { describeNewLines, newLineGroups } from "../lib/code";
    | ^^^^^^^^^^^^^^^^^^^^^^^^^^^^^^^^^^^^^^^^^^^^^^^^^^^^^^^^^^^^^^
  6 | import { NoCopyWrapper } from "./NoCopyWrapper";
  7 |
  8 | export function FileCodePanel({ file }: { file: FileSnapshot }) {

The export newLineGroups was not found in module [project]/app/hand-tracking/lib/code.ts [app-ssr] (ecmascript).
Did you mean to import newLineGroupsWithContext?
All exports of the module are statically known (It doesn't have dynamic exports). So it's known statically that the requested export doesn't exist.

Import trace:
  Server Component:
    ./app/hand-tracking/components/FileCodePanel.tsx
    ./app/hand-tracking/components/StepDetail.tsx
    ./app/hand-tracking/[stepId]/page.tsx @ http://localhost:3000/_next/static/chunks/node_modules_next_dist_1e8vcs8._.js:1052
[  560787ms] [ERROR] ./app/hand-tracking/components/FileCodePanel.tsx:5:1
Error: Export newLineGroups doesn't exist in target module
  3 | import { useState } from "react";
  4 | import type { FileSnapshot } from "../data/types";
> 5 | import { describeNewLines, newLineGroups } from "../lib/code";
    | ^^^^^^^^^^^^^^^^^^^^^^^^^^^^^^^^^^^^^^^^^^^^^^^^^^^^^^^^^^^^^^
  6 | import { NoCopyWrapper } from "./NoCopyWrapper";
  7 |
  8 | export function FileCodePanel({ file }: { file: FileSnapshot }) {

The export newLineGroups was not found in module [project]/app/hand-tracking/lib/code.ts [app-client] (ecmascript).
Did you mean to import newLineGroupsWithContext?
All exports of the module are statically known (It doesn't have dynamic exports). So it's known statically that the requested export doesn't exist.

Import trace:
  Server Component:
    ./app/hand-tracking/components/FileCodePanel.tsx
    ./app/hand-tracking/components/StepDetail.tsx
    ./app/hand-tracking/[stepId]/page.tsx @ http://localhost:3000/_next/static/chunks/node_modules_next_dist_1e8vcs8._.js:1052
[  560787ms] [ERROR] ./app/hand-tracking/components/FileCodePanel.tsx:5:1
Error: Export newLineGroups doesn't exist in target module
  3 | import { useState } from "react";
  4 | import type { FileSnapshot } from "../data/types";
> 5 | import { describeNewLines, newLineGroups } from "../lib/code";
    | ^^^^^^^^^^^^^^^^^^^^^^^^^^^^^^^^^^^^^^^^^^^^^^^^^^^^^^^^^^^^^^
  6 | import { NoCopyWrapper } from "./NoCopyWrapper";
  7 |
  8 | export function FileCodePanel({ file }: { file: FileSnapshot }) {

The export newLineGroups was not found in module [project]/app/hand-tracking/lib/code.ts [app-ssr] (ecmascript).
Did you mean to import newLineGroupsWithContext?
All exports of the module are statically known (It doesn't have dynamic exports). So it's known statically that the requested export doesn't exist.

Import trace:
  Server Component:
    ./app/hand-tracking/components/FileCodePanel.tsx
    ./app/hand-tracking/components/StepDetail.tsx
    ./app/hand-tracking/[stepId]/page.tsx @ http://localhost:3000/_next/static/chunks/node_modules_next_dist_1e8vcs8._.js:1052
[  560849ms] [ERROR] ./app/hand-tracking/components/FileCodePanel.tsx:5:1
Error: Export newLineGroups doesn't exist in target module
  3 | import { useState } from "react";
  4 | import type { FileSnapshot } from "../data/types";
> 5 | import { describeNewLines, newLineGroups } from "../lib/code";
    | ^^^^^^^^^^^^^^^^^^^^^^^^^^^^^^^^^^^^^^^^^^^^^^^^^^^^^^^^^^^^^^
  6 | import { NoCopyWrapper } from "./NoCopyWrapper";
  7 |
  8 | export function FileCodePanel({ file }: { file: FileSnapshot }) {

The export newLineGroups was not found in module [project]/app/hand-tracking/lib/code.ts [app-client] (ecmascript).
Did you mean to import newLineGroupsWithContext?
All exports of the module are statically known (It doesn't have dynamic exports). So it's known statically that the requested export doesn't exist.

Import trace:
  Server Component:
    ./app/hand-tracking/components/FileCodePanel.tsx
    ./app/hand-tracking/components/StepDetail.tsx
    ./app/hand-tracking/[stepId]/page.tsx @ http://localhost:3000/_next/static/chunks/node_modules_next_dist_1e8vcs8._.js:1052
[  560850ms] [ERROR] ./app/hand-tracking/components/FileCodePanel.tsx:5:1
Error: Export newLineGroups doesn't exist in target module
  3 | import { useState } from "react";
  4 | import type { FileSnapshot } from "../data/types";
> 5 | import { describeNewLines, newLineGroups } from "../lib/code";
    | ^^^^^^^^^^^^^^^^^^^^^^^^^^^^^^^^^^^^^^^^^^^^^^^^^^^^^^^^^^^^^^
  6 | import { NoCopyWrapper } from "./NoCopyWrapper";
  7 |
  8 | export function FileCodePanel({ file }: { file: FileSnapshot }) {

The export newLineGroups was not found in module [project]/app/hand-tracking/lib/code.ts [app-ssr] (ecmascript).
Did you mean to import newLineGroupsWithContext?
All exports of the module are statically known (It doesn't have dynamic exports). So it's known statically that the requested export doesn't exist.

Import trace:
  Server Component:
    ./app/hand-tracking/components/FileCodePanel.tsx
    ./app/hand-tracking/components/StepDetail.tsx
    ./app/hand-tracking/[stepId]/page.tsx @ http://localhost:3000/_next/static/chunks/node_modules_next_dist_1e8vcs8._.js:1052
[  560910ms] [ERROR] ./app/hand-tracking/components/FileCodePanel.tsx:5:1
Error: Export newLineGroups doesn't exist in target module
  3 | import { useState } from "react";
  4 | import type { FileSnapshot } from "../data/types";
> 5 | import { describeNewLines, newLineGroups } from "../lib/code";
    | ^^^^^^^^^^^^^^^^^^^^^^^^^^^^^^^^^^^^^^^^^^^^^^^^^^^^^^^^^^^^^^
  6 | import { NoCopyWrapper } from "./NoCopyWrapper";
  7 |
  8 | export function FileCodePanel({ file }: { file: FileSnapshot }) {

The export newLineGroups was not found in module [project]/app/hand-tracking/lib/code.ts [app-client] (ecmascript).
Did you mean to import newLineGroupsWithContext?
All exports of the module are statically known (It doesn't have dynamic exports). So it's known statically that the requested export doesn't exist.

Import trace:
  Server Component:
    ./app/hand-tracking/components/FileCodePanel.tsx
    ./app/hand-tracking/components/StepDetail.tsx
    ./app/hand-tracking/[stepId]/page.tsx @ http://localhost:3000/_next/static/chunks/node_modules_next_dist_1e8vcs8._.js:1052
[  560911ms] [ERROR] ./app/hand-tracking/components/FileCodePanel.tsx:5:1
Error: Export newLineGroups doesn't exist in target module
  3 | import { useState } from "react";
  4 | import type { FileSnapshot } from "../data/types";
> 5 | import { describeNewLines, newLineGroups } from "../lib/code";
    | ^^^^^^^^^^^^^^^^^^^^^^^^^^^^^^^^^^^^^^^^^^^^^^^^^^^^^^^^^^^^^^
  6 | import { NoCopyWrapper } from "./NoCopyWrapper";
  7 |
  8 | export function FileCodePanel({ file }: { file: FileSnapshot }) {

The export newLineGroups was not found in module [project]/app/hand-tracking/lib/code.ts [app-ssr] (ecmascript).
Did you mean to import newLineGroupsWithContext?
All exports of the module are statically known (It doesn't have dynamic exports). So it's known statically that the requested export doesn't exist.

Import trace:
  Server Component:
    ./app/hand-tracking/components/FileCodePanel.tsx
    ./app/hand-tracking/components/StepDetail.tsx
    ./app/hand-tracking/[stepId]/page.tsx @ http://localhost:3000/_next/static/chunks/node_modules_next_dist_1e8vcs8._.js:1052
[  560972ms] [ERROR] ./app/hand-tracking/components/FileCodePanel.tsx:5:1
Error: Export newLineGroups doesn't exist in target module
  3 | import { useState } from "react";
  4 | import type { FileSnapshot } from "../data/types";
> 5 | import { describeNewLines, newLineGroups } from "../lib/code";
    | ^^^^^^^^^^^^^^^^^^^^^^^^^^^^^^^^^^^^^^^^^^^^^^^^^^^^^^^^^^^^^^
  6 | import { NoCopyWrapper } from "./NoCopyWrapper";
  7 |
  8 | export function FileCodePanel({ file }: { file: FileSnapshot }) {

The export newLineGroups was not found in module [project]/app/hand-tracking/lib/code.ts [app-client] (ecmascript).
Did you mean to import newLineGroupsWithContext?
All exports of the module are statically known (It doesn't have dynamic exports). So it's known statically that the requested export doesn't exist.

Import trace:
  Server Component:
    ./app/hand-tracking/components/FileCodePanel.tsx
    ./app/hand-tracking/components/StepDetail.tsx
    ./app/hand-tracking/[stepId]/page.tsx @ http://localhost:3000/_next/static/chunks/node_modules_next_dist_1e8vcs8._.js:1052
[  560972ms] [ERROR] ./app/hand-tracking/components/FileCodePanel.tsx:5:1
Error: Export newLineGroups doesn't exist in target module
  3 | import { useState } from "react";
  4 | import type { FileSnapshot } from "../data/types";
> 5 | import { describeNewLines, newLineGroups } from "../lib/code";
    | ^^^^^^^^^^^^^^^^^^^^^^^^^^^^^^^^^^^^^^^^^^^^^^^^^^^^^^^^^^^^^^
  6 | import { NoCopyWrapper } from "./NoCopyWrapper";
  7 |
  8 | export function FileCodePanel({ file }: { file: FileSnapshot }) {

The export newLineGroups was not found in module [project]/app/hand-tracking/lib/code.ts [app-ssr] (ecmascript).
Did you mean to import newLineGroupsWithContext?
All exports of the module are statically known (It doesn't have dynamic exports). So it's known statically that the requested export doesn't exist.

Import trace:
  Server Component:
    ./app/hand-tracking/components/FileCodePanel.tsx
    ./app/hand-tracking/components/StepDetail.tsx
    ./app/hand-tracking/[stepId]/page.tsx @ http://localhost:3000/_next/static/chunks/node_modules_next_dist_1e8vcs8._.js:1052
[  561035ms] [ERROR] ./app/hand-tracking/components/FileCodePanel.tsx:5:1
Error: Export newLineGroups doesn't exist in target module
  3 | import { useState } from "react";
  4 | import type { FileSnapshot } from "../data/types";
> 5 | import { describeNewLines, newLineGroups } from "../lib/code";
    | ^^^^^^^^^^^^^^^^^^^^^^^^^^^^^^^^^^^^^^^^^^^^^^^^^^^^^^^^^^^^^^
  6 | import { NoCopyWrapper } from "./NoCopyWrapper";
  7 |
  8 | export function FileCodePanel({ file }: { file: FileSnapshot }) {

The export newLineGroups was not found in module [project]/app/hand-tracking/lib/code.ts [app-client] (ecmascript).
Did you mean to import newLineGroupsWithContext?
All exports of the module are statically known (It doesn't have dynamic exports). So it's known statically that the requested export doesn't exist.

Import trace:
  Server Component:
    ./app/hand-tracking/components/FileCodePanel.tsx
    ./app/hand-tracking/components/StepDetail.tsx
    ./app/hand-tracking/[stepId]/page.tsx @ http://localhost:3000/_next/static/chunks/node_modules_next_dist_1e8vcs8._.js:1052
[  561035ms] [ERROR] ./app/hand-tracking/components/FileCodePanel.tsx:5:1
Error: Export newLineGroups doesn't exist in target module
  3 | import { useState } from "react";
  4 | import type { FileSnapshot } from "../data/types";
> 5 | import { describeNewLines, newLineGroups } from "../lib/code";
    | ^^^^^^^^^^^^^^^^^^^^^^^^^^^^^^^^^^^^^^^^^^^^^^^^^^^^^^^^^^^^^^
  6 | import { NoCopyWrapper } from "./NoCopyWrapper";
  7 |
  8 | export function FileCodePanel({ file }: { file: FileSnapshot }) {

The export newLineGroups was not found in module [project]/app/hand-tracking/lib/code.ts [app-ssr] (ecmascript).
Did you mean to import newLineGroupsWithContext?
All exports of the module are statically known (It doesn't have dynamic exports). So it's known statically that the requested export doesn't exist.

Import trace:
  Server Component:
    ./app/hand-tracking/components/FileCodePanel.tsx
    ./app/hand-tracking/components/StepDetail.tsx
    ./app/hand-tracking/[stepId]/page.tsx @ http://localhost:3000/_next/static/chunks/node_modules_next_dist_1e8vcs8._.js:1052
[  561097ms] [ERROR] ./app/hand-tracking/components/FileCodePanel.tsx:5:1
Error: Export newLineGroups doesn't exist in target module
  3 | import { useState } from "react";
  4 | import type { FileSnapshot } from "../data/types";
> 5 | import { describeNewLines, newLineGroups } from "../lib/code";
    | ^^^^^^^^^^^^^^^^^^^^^^^^^^^^^^^^^^^^^^^^^^^^^^^^^^^^^^^^^^^^^^
  6 | import { NoCopyWrapper } from "./NoCopyWrapper";
  7 |
  8 | export function FileCodePanel({ file }: { file: FileSnapshot }) {

The export newLineGroups was not found in module [project]/app/hand-tracking/lib/code.ts [app-client] (ecmascript).
Did you mean to import newLineGroupsWithContext?
All exports of the module are statically known (It doesn't have dynamic exports). So it's known statically that the requested export doesn't exist.

Import trace:
  Server Component:
    ./app/hand-tracking/components/FileCodePanel.tsx
    ./app/hand-tracking/components/StepDetail.tsx
    ./app/hand-tracking/[stepId]/page.tsx @ http://localhost:3000/_next/static/chunks/node_modules_next_dist_1e8vcs8._.js:1052
[  561098ms] [ERROR] ./app/hand-tracking/components/FileCodePanel.tsx:5:1
Error: Export newLineGroups doesn't exist in target module
  3 | import { useState } from "react";
  4 | import type { FileSnapshot } from "../data/types";
> 5 | import { describeNewLines, newLineGroups } from "../lib/code";
    | ^^^^^^^^^^^^^^^^^^^^^^^^^^^^^^^^^^^^^^^^^^^^^^^^^^^^^^^^^^^^^^
  6 | import { NoCopyWrapper } from "./NoCopyWrapper";
  7 |
  8 | export function FileCodePanel({ file }: { file: FileSnapshot }) {

The export newLineGroups was not found in module [project]/app/hand-tracking/lib/code.ts [app-ssr] (ecmascript).
Did you mean to import newLineGroupsWithContext?
All exports of the module are statically known (It doesn't have dynamic exports). So it's known statically that the requested export doesn't exist.

Import trace:
  Server Component:
    ./app/hand-tracking/components/FileCodePanel.tsx
    ./app/hand-tracking/components/StepDetail.tsx
    ./app/hand-tracking/[stepId]/page.tsx @ http://localhost:3000/_next/static/chunks/node_modules_next_dist_1e8vcs8._.js:1052
[  561161ms] [ERROR] ./app/hand-tracking/components/FileCodePanel.tsx:5:1
Error: Export newLineGroups doesn't exist in target module
  3 | import { useState } from "react";
  4 | import type { FileSnapshot } from "../data/types";
> 5 | import { describeNewLines, newLineGroups } from "../lib/code";
    | ^^^^^^^^^^^^^^^^^^^^^^^^^^^^^^^^^^^^^^^^^^^^^^^^^^^^^^^^^^^^^^
  6 | import { NoCopyWrapper } from "./NoCopyWrapper";
  7 |
  8 | export function FileCodePanel({ file }: { file: FileSnapshot }) {

The export newLineGroups was not found in module [project]/app/hand-tracking/lib/code.ts [app-client] (ecmascript).
Did you mean to import newLineGroupsWithContext?
All exports of the module are statically known (It doesn't have dynamic exports). So it's known statically that the requested export doesn't exist.

Import trace:
  Server Component:
    ./app/hand-tracking/components/FileCodePanel.tsx
    ./app/hand-tracking/components/StepDetail.tsx
    ./app/hand-tracking/[stepId]/page.tsx @ http://localhost:3000/_next/static/chunks/node_modules_next_dist_1e8vcs8._.js:1052
[  561161ms] [ERROR] ./app/hand-tracking/components/FileCodePanel.tsx:5:1
Error: Export newLineGroups doesn't exist in target module
  3 | import { useState } from "react";
  4 | import type { FileSnapshot } from "../data/types";
> 5 | import { describeNewLines, newLineGroups } from "../lib/code";
    | ^^^^^^^^^^^^^^^^^^^^^^^^^^^^^^^^^^^^^^^^^^^^^^^^^^^^^^^^^^^^^^
  6 | import { NoCopyWrapper } from "./NoCopyWrapper";
  7 |
  8 | export function FileCodePanel({ file }: { file: FileSnapshot }) {

The export newLineGroups was not found in module [project]/app/hand-tracking/lib/code.ts [app-ssr] (ecmascript).
Did you mean to import newLineGroupsWithContext?
All exports of the module are statically known (It doesn't have dynamic exports). So it's known statically that the requested export doesn't exist.

Import trace:
  Server Component:
    ./app/hand-tracking/components/FileCodePanel.tsx
    ./app/hand-tracking/components/StepDetail.tsx
    ./app/hand-tracking/[stepId]/page.tsx @ http://localhost:3000/_next/static/chunks/node_modules_next_dist_1e8vcs8._.js:1052
[  561221ms] [ERROR] ./app/hand-tracking/components/FileCodePanel.tsx:5:1
Error: Export newLineGroups doesn't exist in target module
  3 | import { useState } from "react";
  4 | import type { FileSnapshot } from "../data/types";
> 5 | import { describeNewLines, newLineGroups } from "../lib/code";
    | ^^^^^^^^^^^^^^^^^^^^^^^^^^^^^^^^^^^^^^^^^^^^^^^^^^^^^^^^^^^^^^
  6 | import { NoCopyWrapper } from "./NoCopyWrapper";
  7 |
  8 | export function FileCodePanel({ file }: { file: FileSnapshot }) {

The export newLineGroups was not found in module [project]/app/hand-tracking/lib/code.ts [app-client] (ecmascript).
Did you mean to import newLineGroupsWithContext?
All exports of the module are statically known (It doesn't have dynamic exports). So it's known statically that the requested export doesn't exist.

Import trace:
  Server Component:
    ./app/hand-tracking/components/FileCodePanel.tsx
    ./app/hand-tracking/components/StepDetail.tsx
    ./app/hand-tracking/[stepId]/page.tsx @ http://localhost:3000/_next/static/chunks/node_modules_next_dist_1e8vcs8._.js:1052
[  561221ms] [ERROR] ./app/hand-tracking/components/FileCodePanel.tsx:5:1
Error: Export newLineGroups doesn't exist in target module
  3 | import { useState } from "react";
  4 | import type { FileSnapshot } from "../data/types";
> 5 | import { describeNewLines, newLineGroups } from "../lib/code";
    | ^^^^^^^^^^^^^^^^^^^^^^^^^^^^^^^^^^^^^^^^^^^^^^^^^^^^^^^^^^^^^^
  6 | import { NoCopyWrapper } from "./NoCopyWrapper";
  7 |
  8 | export function FileCodePanel({ file }: { file: FileSnapshot }) {

The export newLineGroups was not found in module [project]/app/hand-tracking/lib/code.ts [app-ssr] (ecmascript).
Did you mean to import newLineGroupsWithContext?
All exports of the module are statically known (It doesn't have dynamic exports). So it's known statically that the requested export doesn't exist.

Import trace:
  Server Component:
    ./app/hand-tracking/components/FileCodePanel.tsx
    ./app/hand-tracking/components/StepDetail.tsx
    ./app/hand-tracking/[stepId]/page.tsx @ http://localhost:3000/_next/static/chunks/node_modules_next_dist_1e8vcs8._.js:1052
[  561282ms] [ERROR] ./app/hand-tracking/components/FileCodePanel.tsx:5:1
Error: Export newLineGroups doesn't exist in target module
  3 | import { useState } from "react";
  4 | import type { FileSnapshot } from "../data/types";
> 5 | import { describeNewLines, newLineGroups } from "../lib/code";
    | ^^^^^^^^^^^^^^^^^^^^^^^^^^^^^^^^^^^^^^^^^^^^^^^^^^^^^^^^^^^^^^
  6 | import { NoCopyWrapper } from "./NoCopyWrapper";
  7 |
  8 | export function FileCodePanel({ file }: { file: FileSnapshot }) {

The export newLineGroups was not found in module [project]/app/hand-tracking/lib/code.ts [app-client] (ecmascript).
Did you mean to import newLineGroupsWithContext?
All exports of the module are statically known (It doesn't have dynamic exports). So it's known statically that the requested export doesn't exist.

Import trace:
  Server Component:
    ./app/hand-tracking/components/FileCodePanel.tsx
    ./app/hand-tracking/components/StepDetail.tsx
    ./app/hand-tracking/[stepId]/page.tsx @ http://localhost:3000/_next/static/chunks/node_modules_next_dist_1e8vcs8._.js:1052
[  561283ms] [ERROR] ./app/hand-tracking/components/FileCodePanel.tsx:5:1
Error: Export newLineGroups doesn't exist in target module
  3 | import { useState } from "react";
  4 | import type { FileSnapshot } from "../data/types";
> 5 | import { describeNewLines, newLineGroups } from "../lib/code";
    | ^^^^^^^^^^^^^^^^^^^^^^^^^^^^^^^^^^^^^^^^^^^^^^^^^^^^^^^^^^^^^^
  6 | import { NoCopyWrapper } from "./NoCopyWrapper";
  7 |
  8 | export function FileCodePanel({ file }: { file: FileSnapshot }) {

The export newLineGroups was not found in module [project]/app/hand-tracking/lib/code.ts [app-ssr] (ecmascript).
Did you mean to import newLineGroupsWithContext?
All exports of the module are statically known (It doesn't have dynamic exports). So it's known statically that the requested export doesn't exist.

Import trace:
  Server Component:
    ./app/hand-tracking/components/FileCodePanel.tsx
    ./app/hand-tracking/components/StepDetail.tsx
    ./app/hand-tracking/[stepId]/page.tsx @ http://localhost:3000/_next/static/chunks/node_modules_next_dist_1e8vcs8._.js:1052
[  561344ms] [ERROR] ./app/hand-tracking/components/FileCodePanel.tsx:5:1
Error: Export newLineGroups doesn't exist in target module
  3 | import { useState } from "react";
  4 | import type { FileSnapshot } from "../data/types";
> 5 | import { describeNewLines, newLineGroups } from "../lib/code";
    | ^^^^^^^^^^^^^^^^^^^^^^^^^^^^^^^^^^^^^^^^^^^^^^^^^^^^^^^^^^^^^^
  6 | import { NoCopyWrapper } from "./NoCopyWrapper";
  7 |
  8 | export function FileCodePanel({ file }: { file: FileSnapshot }) {

The export newLineGroups was not found in module [project]/app/hand-tracking/lib/code.ts [app-client] (ecmascript).
Did you mean to import newLineGroupsWithContext?
All exports of the module are statically known (It doesn't have dynamic exports). So it's known statically that the requested export doesn't exist.

Import trace:
  Server Component:
    ./app/hand-tracking/components/FileCodePanel.tsx
    ./app/hand-tracking/components/StepDetail.tsx
    ./app/hand-tracking/[stepId]/page.tsx @ http://localhost:3000/_next/static/chunks/node_modules_next_dist_1e8vcs8._.js:1052
[  561345ms] [ERROR] ./app/hand-tracking/components/FileCodePanel.tsx:5:1
Error: Export newLineGroups doesn't exist in target module
  3 | import { useState } from "react";
  4 | import type { FileSnapshot } from "../data/types";
> 5 | import { describeNewLines, newLineGroups } from "../lib/code";
    | ^^^^^^^^^^^^^^^^^^^^^^^^^^^^^^^^^^^^^^^^^^^^^^^^^^^^^^^^^^^^^^
  6 | import { NoCopyWrapper } from "./NoCopyWrapper";
  7 |
  8 | export function FileCodePanel({ file }: { file: FileSnapshot }) {

The export newLineGroups was not found in module [project]/app/hand-tracking/lib/code.ts [app-ssr] (ecmascript).
Did you mean to import newLineGroupsWithContext?
All exports of the module are statically known (It doesn't have dynamic exports). So it's known statically that the requested export doesn't exist.

Import trace:
  Server Component:
    ./app/hand-tracking/components/FileCodePanel.tsx
    ./app/hand-tracking/components/StepDetail.tsx
    ./app/hand-tracking/[stepId]/page.tsx @ http://localhost:3000/_next/static/chunks/node_modules_next_dist_1e8vcs8._.js:1052
[  561404ms] [ERROR] ./app/hand-tracking/components/FileCodePanel.tsx:5:1
Error: Export newLineGroups doesn't exist in target module
  3 | import { useState } from "react";
  4 | import type { FileSnapshot } from "../data/types";
> 5 | import { describeNewLines, newLineGroups } from "../lib/code";
    | ^^^^^^^^^^^^^^^^^^^^^^^^^^^^^^^^^^^^^^^^^^^^^^^^^^^^^^^^^^^^^^
  6 | import { NoCopyWrapper } from "./NoCopyWrapper";
  7 |
  8 | export function FileCodePanel({ file }: { file: FileSnapshot }) {

The export newLineGroups was not found in module [project]/app/hand-tracking/lib/code.ts [app-client] (ecmascript).
Did you mean to import newLineGroupsWithContext?
All exports of the module are statically known (It doesn't have dynamic exports). So it's known statically that the requested export doesn't exist.

Import trace:
  Server Component:
    ./app/hand-tracking/components/FileCodePanel.tsx
    ./app/hand-tracking/components/StepDetail.tsx
    ./app/hand-tracking/[stepId]/page.tsx @ http://localhost:3000/_next/static/chunks/node_modules_next_dist_1e8vcs8._.js:1052
[  561404ms] [ERROR] ./app/hand-tracking/components/FileCodePanel.tsx:5:1
Error: Export newLineGroups doesn't exist in target module
  3 | import { useState } from "react";
  4 | import type { FileSnapshot } from "../data/types";
> 5 | import { describeNewLines, newLineGroups } from "../lib/code";
    | ^^^^^^^^^^^^^^^^^^^^^^^^^^^^^^^^^^^^^^^^^^^^^^^^^^^^^^^^^^^^^^
  6 | import { NoCopyWrapper } from "./NoCopyWrapper";
  7 |
  8 | export function FileCodePanel({ file }: { file: FileSnapshot }) {

The export newLineGroups was not found in module [project]/app/hand-tracking/lib/code.ts [app-ssr] (ecmascript).
Did you mean to import newLineGroupsWithContext?
All exports of the module are statically known (It doesn't have dynamic exports). So it's known statically that the requested export doesn't exist.

Import trace:
  Server Component:
    ./app/hand-tracking/components/FileCodePanel.tsx
    ./app/hand-tracking/components/StepDetail.tsx
    ./app/hand-tracking/[stepId]/page.tsx @ http://localhost:3000/_next/static/chunks/node_modules_next_dist_1e8vcs8._.js:1052
[  561466ms] [ERROR] ./app/hand-tracking/components/FileCodePanel.tsx:5:1
Error: Export newLineGroups doesn't exist in target module
  3 | import { useState } from "react";
  4 | import type { FileSnapshot } from "../data/types";
> 5 | import { describeNewLines, newLineGroups } from "../lib/code";
    | ^^^^^^^^^^^^^^^^^^^^^^^^^^^^^^^^^^^^^^^^^^^^^^^^^^^^^^^^^^^^^^
  6 | import { NoCopyWrapper } from "./NoCopyWrapper";
  7 |
  8 | export function FileCodePanel({ file }: { file: FileSnapshot }) {

The export newLineGroups was not found in module [project]/app/hand-tracking/lib/code.ts [app-client] (ecmascript).
Did you mean to import newLineGroupsWithContext?
All exports of the module are statically known (It doesn't have dynamic exports). So it's known statically that the requested export doesn't exist.

Import trace:
  Server Component:
    ./app/hand-tracking/components/FileCodePanel.tsx
    ./app/hand-tracking/components/StepDetail.tsx
    ./app/hand-tracking/[stepId]/page.tsx @ http://localhost:3000/_next/static/chunks/node_modules_next_dist_1e8vcs8._.js:1052
[  561466ms] [ERROR] ./app/hand-tracking/components/FileCodePanel.tsx:5:1
Error: Export newLineGroups doesn't exist in target module
  3 | import { useState } from "react";
  4 | import type { FileSnapshot } from "../data/types";
> 5 | import { describeNewLines, newLineGroups } from "../lib/code";
    | ^^^^^^^^^^^^^^^^^^^^^^^^^^^^^^^^^^^^^^^^^^^^^^^^^^^^^^^^^^^^^^
  6 | import { NoCopyWrapper } from "./NoCopyWrapper";
  7 |
  8 | export function FileCodePanel({ file }: { file: FileSnapshot }) {

The export newLineGroups was not found in module [project]/app/hand-tracking/lib/code.ts [app-ssr] (ecmascript).
Did you mean to import newLineGroupsWithContext?
All exports of the module are statically known (It doesn't have dynamic exports). So it's known statically that the requested export doesn't exist.

Import trace:
  Server Component:
    ./app/hand-tracking/components/FileCodePanel.tsx
    ./app/hand-tracking/components/StepDetail.tsx
    ./app/hand-tracking/[stepId]/page.tsx @ http://localhost:3000/_next/static/chunks/node_modules_next_dist_1e8vcs8._.js:1052
[  561529ms] [ERROR] ./app/hand-tracking/components/FileCodePanel.tsx:5:1
Error: Export newLineGroups doesn't exist in target module
  3 | import { useState } from "react";
  4 | import type { FileSnapshot } from "../data/types";
> 5 | import { describeNewLines, newLineGroups } from "../lib/code";
    | ^^^^^^^^^^^^^^^^^^^^^^^^^^^^^^^^^^^^^^^^^^^^^^^^^^^^^^^^^^^^^^
  6 | import { NoCopyWrapper } from "./NoCopyWrapper";
  7 |
  8 | export function FileCodePanel({ file }: { file: FileSnapshot }) {

The export newLineGroups was not found in module [project]/app/hand-tracking/lib/code.ts [app-client] (ecmascript).
Did you mean to import newLineGroupsWithContext?
All exports of the module are statically known (It doesn't have dynamic exports). So it's known statically that the requested export doesn't exist.

Import trace:
  Server Component:
    ./app/hand-tracking/components/FileCodePanel.tsx
    ./app/hand-tracking/components/StepDetail.tsx
    ./app/hand-tracking/[stepId]/page.tsx @ http://localhost:3000/_next/static/chunks/node_modules_next_dist_1e8vcs8._.js:1052
[  561530ms] [ERROR] ./app/hand-tracking/components/FileCodePanel.tsx:5:1
Error: Export newLineGroups doesn't exist in target module
  3 | import { useState } from "react";
  4 | import type { FileSnapshot } from "../data/types";
> 5 | import { describeNewLines, newLineGroups } from "../lib/code";
    | ^^^^^^^^^^^^^^^^^^^^^^^^^^^^^^^^^^^^^^^^^^^^^^^^^^^^^^^^^^^^^^
  6 | import { NoCopyWrapper } from "./NoCopyWrapper";
  7 |
  8 | export function FileCodePanel({ file }: { file: FileSnapshot }) {

The export newLineGroups was not found in module [project]/app/hand-tracking/lib/code.ts [app-ssr] (ecmascript).
Did you mean to import newLineGroupsWithContext?
All exports of the module are statically known (It doesn't have dynamic exports). So it's known statically that the requested export doesn't exist.

Import trace:
  Server Component:
    ./app/hand-tracking/components/FileCodePanel.tsx
    ./app/hand-tracking/components/StepDetail.tsx
    ./app/hand-tracking/[stepId]/page.tsx @ http://localhost:3000/_next/static/chunks/node_modules_next_dist_1e8vcs8._.js:1052
[  561593ms] [ERROR] ./app/hand-tracking/components/FileCodePanel.tsx:5:1
Error: Export newLineGroups doesn't exist in target module
  3 | import { useState } from "react";
  4 | import type { FileSnapshot } from "../data/types";
> 5 | import { describeNewLines, newLineGroups } from "../lib/code";
    | ^^^^^^^^^^^^^^^^^^^^^^^^^^^^^^^^^^^^^^^^^^^^^^^^^^^^^^^^^^^^^^
  6 | import { NoCopyWrapper } from "./NoCopyWrapper";
  7 |
  8 | export function FileCodePanel({ file }: { file: FileSnapshot }) {

The export newLineGroups was not found in module [project]/app/hand-tracking/lib/code.ts [app-client] (ecmascript).
Did you mean to import newLineGroupsWithContext?
All exports of the module are statically known (It doesn't have dynamic exports). So it's known statically that the requested export doesn't exist.

Import trace:
  Server Component:
    ./app/hand-tracking/components/FileCodePanel.tsx
    ./app/hand-tracking/components/StepDetail.tsx
    ./app/hand-tracking/[stepId]/page.tsx @ http://localhost:3000/_next/static/chunks/node_modules_next_dist_1e8vcs8._.js:1052
[  561593ms] [ERROR] ./app/hand-tracking/components/FileCodePanel.tsx:5:1
Error: Export newLineGroups doesn't exist in target module
  3 | import { useState } from "react";
  4 | import type { FileSnapshot } from "../data/types";
> 5 | import { describeNewLines, newLineGroups } from "../lib/code";
    | ^^^^^^^^^^^^^^^^^^^^^^^^^^^^^^^^^^^^^^^^^^^^^^^^^^^^^^^^^^^^^^
  6 | import { NoCopyWrapper } from "./NoCopyWrapper";
  7 |
  8 | export function FileCodePanel({ file }: { file: FileSnapshot }) {

The export newLineGroups was not found in module [project]/app/hand-tracking/lib/code.ts [app-ssr] (ecmascript).
Did you mean to import newLineGroupsWithContext?
All exports of the module are statically known (It doesn't have dynamic exports). So it's known statically that the requested export doesn't exist.

Import trace:
  Server Component:
    ./app/hand-tracking/components/FileCodePanel.tsx
    ./app/hand-tracking/components/StepDetail.tsx
    ./app/hand-tracking/[stepId]/page.tsx @ http://localhost:3000/_next/static/chunks/node_modules_next_dist_1e8vcs8._.js:1052
[  561654ms] [ERROR] ./app/hand-tracking/components/FileCodePanel.tsx:5:1
Error: Export newLineGroups doesn't exist in target module
  3 | import { useState } from "react";
  4 | import type { FileSnapshot } from "../data/types";
> 5 | import { describeNewLines, newLineGroups } from "../lib/code";
    | ^^^^^^^^^^^^^^^^^^^^^^^^^^^^^^^^^^^^^^^^^^^^^^^^^^^^^^^^^^^^^^
  6 | import { NoCopyWrapper } from "./NoCopyWrapper";
  7 |
  8 | export function FileCodePanel({ file }: { file: FileSnapshot }) {

The export newLineGroups was not found in module [project]/app/hand-tracking/lib/code.ts [app-client] (ecmascript).
Did you mean to import newLineGroupsWithContext?
All exports of the module are statically known (It doesn't have dynamic exports). So it's known statically that the requested export doesn't exist.

Import trace:
  Server Component:
    ./app/hand-tracking/components/FileCodePanel.tsx
    ./app/hand-tracking/components/StepDetail.tsx
    ./app/hand-tracking/[stepId]/page.tsx @ http://localhost:3000/_next/static/chunks/node_modules_next_dist_1e8vcs8._.js:1052
[  561655ms] [ERROR] ./app/hand-tracking/components/FileCodePanel.tsx:5:1
Error: Export newLineGroups doesn't exist in target module
  3 | import { useState } from "react";
  4 | import type { FileSnapshot } from "../data/types";
> 5 | import { describeNewLines, newLineGroups } from "../lib/code";
    | ^^^^^^^^^^^^^^^^^^^^^^^^^^^^^^^^^^^^^^^^^^^^^^^^^^^^^^^^^^^^^^
  6 | import { NoCopyWrapper } from "./NoCopyWrapper";
  7 |
  8 | export function FileCodePanel({ file }: { file: FileSnapshot }) {

The export newLineGroups was not found in module [project]/app/hand-tracking/lib/code.ts [app-ssr] (ecmascript).
Did you mean to import newLineGroupsWithContext?
All exports of the module are statically known (It doesn't have dynamic exports). So it's known statically that the requested export doesn't exist.

Import trace:
  Server Component:
    ./app/hand-tracking/components/FileCodePanel.tsx
    ./app/hand-tracking/components/StepDetail.tsx
    ./app/hand-tracking/[stepId]/page.tsx @ http://localhost:3000/_next/static/chunks/node_modules_next_dist_1e8vcs8._.js:1052
[  561715ms] [ERROR] ./app/hand-tracking/components/FileCodePanel.tsx:5:1
Error: Export newLineGroups doesn't exist in target module
  3 | import { useState } from "react";
  4 | import type { FileSnapshot } from "../data/types";
> 5 | import { describeNewLines, newLineGroups } from "../lib/code";
    | ^^^^^^^^^^^^^^^^^^^^^^^^^^^^^^^^^^^^^^^^^^^^^^^^^^^^^^^^^^^^^^
  6 | import { NoCopyWrapper } from "./NoCopyWrapper";
  7 |
  8 | export function FileCodePanel({ file }: { file: FileSnapshot }) {

The export newLineGroups was not found in module [project]/app/hand-tracking/lib/code.ts [app-client] (ecmascript).
Did you mean to import newLineGroupsWithContext?
All exports of the module are statically known (It doesn't have dynamic exports). So it's known statically that the requested export doesn't exist.

Import trace:
  Server Component:
    ./app/hand-tracking/components/FileCodePanel.tsx
    ./app/hand-tracking/components/StepDetail.tsx
    ./app/hand-tracking/[stepId]/page.tsx @ http://localhost:3000/_next/static/chunks/node_modules_next_dist_1e8vcs8._.js:1052
[  561715ms] [ERROR] ./app/hand-tracking/components/FileCodePanel.tsx:5:1
Error: Export newLineGroups doesn't exist in target module
  3 | import { useState } from "react";
  4 | import type { FileSnapshot } from "../data/types";
> 5 | import { describeNewLines, newLineGroups } from "../lib/code";
    | ^^^^^^^^^^^^^^^^^^^^^^^^^^^^^^^^^^^^^^^^^^^^^^^^^^^^^^^^^^^^^^
  6 | import { NoCopyWrapper } from "./NoCopyWrapper";
  7 |
  8 | export function FileCodePanel({ file }: { file: FileSnapshot }) {

The export newLineGroups was not found in module [project]/app/hand-tracking/lib/code.ts [app-ssr] (ecmascript).
Did you mean to import newLineGroupsWithContext?
All exports of the module are statically known (It doesn't have dynamic exports). So it's known statically that the requested export doesn't exist.

Import trace:
  Server Component:
    ./app/hand-tracking/components/FileCodePanel.tsx
    ./app/hand-tracking/components/StepDetail.tsx
    ./app/hand-tracking/[stepId]/page.tsx @ http://localhost:3000/_next/static/chunks/node_modules_next_dist_1e8vcs8._.js:1052
[  561778ms] [ERROR] ./app/hand-tracking/components/FileCodePanel.tsx:5:1
Error: Export newLineGroups doesn't exist in target module
  3 | import { useState } from "react";
  4 | import type { FileSnapshot } from "../data/types";
> 5 | import { describeNewLines, newLineGroups } from "../lib/code";
    | ^^^^^^^^^^^^^^^^^^^^^^^^^^^^^^^^^^^^^^^^^^^^^^^^^^^^^^^^^^^^^^
  6 | import { NoCopyWrapper } from "./NoCopyWrapper";
  7 |
  8 | export function FileCodePanel({ file }: { file: FileSnapshot }) {

The export newLineGroups was not found in module [project]/app/hand-tracking/lib/code.ts [app-client] (ecmascript).
Did you mean to import newLineGroupsWithContext?
All exports of the module are statically known (It doesn't have dynamic exports). So it's known statically that the requested export doesn't exist.

Import trace:
  Server Component:
    ./app/hand-tracking/components/FileCodePanel.tsx
    ./app/hand-tracking/components/StepDetail.tsx
    ./app/hand-tracking/[stepId]/page.tsx @ http://localhost:3000/_next/static/chunks/node_modules_next_dist_1e8vcs8._.js:1052
[  561778ms] [ERROR] ./app/hand-tracking/components/FileCodePanel.tsx:5:1
Error: Export newLineGroups doesn't exist in target module
  3 | import { useState } from "react";
  4 | import type { FileSnapshot } from "../data/types";
> 5 | import { describeNewLines, newLineGroups } from "../lib/code";
    | ^^^^^^^^^^^^^^^^^^^^^^^^^^^^^^^^^^^^^^^^^^^^^^^^^^^^^^^^^^^^^^
  6 | import { NoCopyWrapper } from "./NoCopyWrapper";
  7 |
  8 | export function FileCodePanel({ file }: { file: FileSnapshot }) {

The export newLineGroups was not found in module [project]/app/hand-tracking/lib/code.ts [app-ssr] (ecmascript).
Did you mean to import newLineGroupsWithContext?
All exports of the module are statically known (It doesn't have dynamic exports). So it's known statically that the requested export doesn't exist.

Import trace:
  Server Component:
    ./app/hand-tracking/components/FileCodePanel.tsx
    ./app/hand-tracking/components/StepDetail.tsx
    ./app/hand-tracking/[stepId]/page.tsx @ http://localhost:3000/_next/static/chunks/node_modules_next_dist_1e8vcs8._.js:1052
[  561841ms] [ERROR] ./app/hand-tracking/components/FileCodePanel.tsx:5:1
Error: Export newLineGroups doesn't exist in target module
  3 | import { useState } from "react";
  4 | import type { FileSnapshot } from "../data/types";
> 5 | import { describeNewLines, newLineGroups } from "../lib/code";
    | ^^^^^^^^^^^^^^^^^^^^^^^^^^^^^^^^^^^^^^^^^^^^^^^^^^^^^^^^^^^^^^
  6 | import { NoCopyWrapper } from "./NoCopyWrapper";
  7 |
  8 | export function FileCodePanel({ file }: { file: FileSnapshot }) {

The export newLineGroups was not found in module [project]/app/hand-tracking/lib/code.ts [app-client] (ecmascript).
Did you mean to import newLineGroupsWithContext?
All exports of the module are statically known (It doesn't have dynamic exports). So it's known statically that the requested export doesn't exist.

Import trace:
  Server Component:
    ./app/hand-tracking/components/FileCodePanel.tsx
    ./app/hand-tracking/components/StepDetail.tsx
    ./app/hand-tracking/[stepId]/page.tsx @ http://localhost:3000/_next/static/chunks/node_modules_next_dist_1e8vcs8._.js:1052
[  561842ms] [ERROR] ./app/hand-tracking/components/FileCodePanel.tsx:5:1
Error: Export newLineGroups doesn't exist in target module
  3 | import { useState } from "react";
  4 | import type { FileSnapshot } from "../data/types";
> 5 | import { describeNewLines, newLineGroups } from "../lib/code";
    | ^^^^^^^^^^^^^^^^^^^^^^^^^^^^^^^^^^^^^^^^^^^^^^^^^^^^^^^^^^^^^^
  6 | import { NoCopyWrapper } from "./NoCopyWrapper";
  7 |
  8 | export function FileCodePanel({ file }: { file: FileSnapshot }) {

The export newLineGroups was not found in module [project]/app/hand-tracking/lib/code.ts [app-ssr] (ecmascript).
Did you mean to import newLineGroupsWithContext?
All exports of the module are statically known (It doesn't have dynamic exports). So it's known statically that the requested export doesn't exist.

Import trace:
  Server Component:
    ./app/hand-tracking/components/FileCodePanel.tsx
    ./app/hand-tracking/components/StepDetail.tsx
    ./app/hand-tracking/[stepId]/page.tsx @ http://localhost:3000/_next/static/chunks/node_modules_next_dist_1e8vcs8._.js:1052
[  561903ms] [ERROR] ./app/hand-tracking/components/FileCodePanel.tsx:5:1
Error: Export newLineGroups doesn't exist in target module
  3 | import { useState } from "react";
  4 | import type { FileSnapshot } from "../data/types";
> 5 | import { describeNewLines, newLineGroups } from "../lib/code";
    | ^^^^^^^^^^^^^^^^^^^^^^^^^^^^^^^^^^^^^^^^^^^^^^^^^^^^^^^^^^^^^^
  6 | import { NoCopyWrapper } from "./NoCopyWrapper";
  7 |
  8 | export function FileCodePanel({ file }: { file: FileSnapshot }) {

The export newLineGroups was not found in module [project]/app/hand-tracking/lib/code.ts [app-client] (ecmascript).
Did you mean to import newLineGroupsWithContext?
All exports of the module are statically known (It doesn't have dynamic exports). So it's known statically that the requested export doesn't exist.

Import trace:
  Server Component:
    ./app/hand-tracking/components/FileCodePanel.tsx
    ./app/hand-tracking/components/StepDetail.tsx
    ./app/hand-tracking/[stepId]/page.tsx @ http://localhost:3000/_next/static/chunks/node_modules_next_dist_1e8vcs8._.js:1052
[  561903ms] [ERROR] ./app/hand-tracking/components/FileCodePanel.tsx:5:1
Error: Export newLineGroups doesn't exist in target module
  3 | import { useState } from "react";
  4 | import type { FileSnapshot } from "../data/types";
> 5 | import { describeNewLines, newLineGroups } from "../lib/code";
    | ^^^^^^^^^^^^^^^^^^^^^^^^^^^^^^^^^^^^^^^^^^^^^^^^^^^^^^^^^^^^^^
  6 | import { NoCopyWrapper } from "./NoCopyWrapper";
  7 |
  8 | export function FileCodePanel({ file }: { file: FileSnapshot }) {

The export newLineGroups was not found in module [project]/app/hand-tracking/lib/code.ts [app-ssr] (ecmascript).
Did you mean to import newLineGroupsWithContext?
All exports of the module are statically known (It doesn't have dynamic exports). So it's known statically that the requested export doesn't exist.

Import trace:
  Server Component:
    ./app/hand-tracking/components/FileCodePanel.tsx
    ./app/hand-tracking/components/StepDetail.tsx
    ./app/hand-tracking/[stepId]/page.tsx @ http://localhost:3000/_next/static/chunks/node_modules_next_dist_1e8vcs8._.js:1052
[  561965ms] [ERROR] ./app/hand-tracking/components/FileCodePanel.tsx:5:1
Error: Export newLineGroups doesn't exist in target module
  3 | import { useState } from "react";
  4 | import type { FileSnapshot } from "../data/types";
> 5 | import { describeNewLines, newLineGroups } from "../lib/code";
    | ^^^^^^^^^^^^^^^^^^^^^^^^^^^^^^^^^^^^^^^^^^^^^^^^^^^^^^^^^^^^^^
  6 | import { NoCopyWrapper } from "./NoCopyWrapper";
  7 |
  8 | export function FileCodePanel({ file }: { file: FileSnapshot }) {

The export newLineGroups was not found in module [project]/app/hand-tracking/lib/code.ts [app-client] (ecmascript).
Did you mean to import newLineGroupsWithContext?
All exports of the module are statically known (It doesn't have dynamic exports). So it's known statically that the requested export doesn't exist.

Import trace:
  Server Component:
    ./app/hand-tracking/components/FileCodePanel.tsx
    ./app/hand-tracking/components/StepDetail.tsx
    ./app/hand-tracking/[stepId]/page.tsx @ http://localhost:3000/_next/static/chunks/node_modules_next_dist_1e8vcs8._.js:1052
[  561965ms] [ERROR] ./app/hand-tracking/components/FileCodePanel.tsx:5:1
Error: Export newLineGroups doesn't exist in target module
  3 | import { useState } from "react";
  4 | import type { FileSnapshot } from "../data/types";
> 5 | import { describeNewLines, newLineGroups } from "../lib/code";
    | ^^^^^^^^^^^^^^^^^^^^^^^^^^^^^^^^^^^^^^^^^^^^^^^^^^^^^^^^^^^^^^
  6 | import { NoCopyWrapper } from "./NoCopyWrapper";
  7 |
  8 | export function FileCodePanel({ file }: { file: FileSnapshot }) {

The export newLineGroups was not found in module [project]/app/hand-tracking/lib/code.ts [app-ssr] (ecmascript).
Did you mean to import newLineGroupsWithContext?
All exports of the module are statically known (It doesn't have dynamic exports). So it's known statically that the requested export doesn't exist.

Import trace:
  Server Component:
    ./app/hand-tracking/components/FileCodePanel.tsx
    ./app/hand-tracking/components/StepDetail.tsx
    ./app/hand-tracking/[stepId]/page.tsx @ http://localhost:3000/_next/static/chunks/node_modules_next_dist_1e8vcs8._.js:1052
[  562027ms] [ERROR] ./app/hand-tracking/components/FileCodePanel.tsx:5:1
Error: Export newLineGroups doesn't exist in target module
  3 | import { useState } from "react";
  4 | import type { FileSnapshot } from "../data/types";
> 5 | import { describeNewLines, newLineGroups } from "../lib/code";
    | ^^^^^^^^^^^^^^^^^^^^^^^^^^^^^^^^^^^^^^^^^^^^^^^^^^^^^^^^^^^^^^
  6 | import { NoCopyWrapper } from "./NoCopyWrapper";
  7 |
  8 | export function FileCodePanel({ file }: { file: FileSnapshot }) {

The export newLineGroups was not found in module [project]/app/hand-tracking/lib/code.ts [app-client] (ecmascript).
Did you mean to import newLineGroupsWithContext?
All exports of the module are statically known (It doesn't have dynamic exports). So it's known statically that the requested export doesn't exist.

Import trace:
  Server Component:
    ./app/hand-tracking/components/FileCodePanel.tsx
    ./app/hand-tracking/components/StepDetail.tsx
    ./app/hand-tracking/[stepId]/page.tsx @ http://localhost:3000/_next/static/chunks/node_modules_next_dist_1e8vcs8._.js:1052
[  562027ms] [ERROR] ./app/hand-tracking/components/FileCodePanel.tsx:5:1
Error: Export newLineGroups doesn't exist in target module
  3 | import { useState } from "react";
  4 | import type { FileSnapshot } from "../data/types";
> 5 | import { describeNewLines, newLineGroups } from "../lib/code";
    | ^^^^^^^^^^^^^^^^^^^^^^^^^^^^^^^^^^^^^^^^^^^^^^^^^^^^^^^^^^^^^^
  6 | import { NoCopyWrapper } from "./NoCopyWrapper";
  7 |
  8 | export function FileCodePanel({ file }: { file: FileSnapshot }) {

The export newLineGroups was not found in module [project]/app/hand-tracking/lib/code.ts [app-ssr] (ecmascript).
Did you mean to import newLineGroupsWithContext?
All exports of the module are statically known (It doesn't have dynamic exports). So it's known statically that the requested export doesn't exist.

Import trace:
  Server Component:
    ./app/hand-tracking/components/FileCodePanel.tsx
    ./app/hand-tracking/components/StepDetail.tsx
    ./app/hand-tracking/[stepId]/page.tsx @ http://localhost:3000/_next/static/chunks/node_modules_next_dist_1e8vcs8._.js:1052
[  562089ms] [ERROR] ./app/hand-tracking/components/FileCodePanel.tsx:5:1
Error: Export newLineGroups doesn't exist in target module
  3 | import { useState } from "react";
  4 | import type { FileSnapshot } from "../data/types";
> 5 | import { describeNewLines, newLineGroups } from "../lib/code";
    | ^^^^^^^^^^^^^^^^^^^^^^^^^^^^^^^^^^^^^^^^^^^^^^^^^^^^^^^^^^^^^^
  6 | import { NoCopyWrapper } from "./NoCopyWrapper";
  7 |
  8 | export function FileCodePanel({ file }: { file: FileSnapshot }) {

The export newLineGroups was not found in module [project]/app/hand-tracking/lib/code.ts [app-client] (ecmascript).
Did you mean to import newLineGroupsWithContext?
All exports of the module are statically known (It doesn't have dynamic exports). So it's known statically that the requested export doesn't exist.

Import trace:
  Server Component:
    ./app/hand-tracking/components/FileCodePanel.tsx
    ./app/hand-tracking/components/StepDetail.tsx
    ./app/hand-tracking/[stepId]/page.tsx @ http://localhost:3000/_next/static/chunks/node_modules_next_dist_1e8vcs8._.js:1052
[  562090ms] [ERROR] ./app/hand-tracking/components/FileCodePanel.tsx:5:1
Error: Export newLineGroups doesn't exist in target module
  3 | import { useState } from "react";
  4 | import type { FileSnapshot } from "../data/types";
> 5 | import { describeNewLines, newLineGroups } from "../lib/code";
    | ^^^^^^^^^^^^^^^^^^^^^^^^^^^^^^^^^^^^^^^^^^^^^^^^^^^^^^^^^^^^^^
  6 | import { NoCopyWrapper } from "./NoCopyWrapper";
  7 |
  8 | export function FileCodePanel({ file }: { file: FileSnapshot }) {

The export newLineGroups was not found in module [project]/app/hand-tracking/lib/code.ts [app-ssr] (ecmascript).
Did you mean to import newLineGroupsWithContext?
All exports of the module are statically known (It doesn't have dynamic exports). So it's known statically that the requested export doesn't exist.

Import trace:
  Server Component:
    ./app/hand-tracking/components/FileCodePanel.tsx
    ./app/hand-tracking/components/StepDetail.tsx
    ./app/hand-tracking/[stepId]/page.tsx @ http://localhost:3000/_next/static/chunks/node_modules_next_dist_1e8vcs8._.js:1052
[  562152ms] [ERROR] ./app/hand-tracking/components/FileCodePanel.tsx:5:1
Error: Export newLineGroups doesn't exist in target module
  3 | import { useState } from "react";
  4 | import type { FileSnapshot } from "../data/types";
> 5 | import { describeNewLines, newLineGroups } from "../lib/code";
    | ^^^^^^^^^^^^^^^^^^^^^^^^^^^^^^^^^^^^^^^^^^^^^^^^^^^^^^^^^^^^^^
  6 | import { NoCopyWrapper } from "./NoCopyWrapper";
  7 |
  8 | export function FileCodePanel({ file }: { file: FileSnapshot }) {

The export newLineGroups was not found in module [project]/app/hand-tracking/lib/code.ts [app-client] (ecmascript).
Did you mean to import newLineGroupsWithContext?
All exports of the module are statically known (It doesn't have dynamic exports). So it's known statically that the requested export doesn't exist.

Import trace:
  Server Component:
    ./app/hand-tracking/components/FileCodePanel.tsx
    ./app/hand-tracking/components/StepDetail.tsx
    ./app/hand-tracking/[stepId]/page.tsx @ http://localhost:3000/_next/static/chunks/node_modules_next_dist_1e8vcs8._.js:1052
[  562153ms] [ERROR] ./app/hand-tracking/components/FileCodePanel.tsx:5:1
Error: Export newLineGroups doesn't exist in target module
  3 | import { useState } from "react";
  4 | import type { FileSnapshot } from "../data/types";
> 5 | import { describeNewLines, newLineGroups } from "../lib/code";
    | ^^^^^^^^^^^^^^^^^^^^^^^^^^^^^^^^^^^^^^^^^^^^^^^^^^^^^^^^^^^^^^
  6 | import { NoCopyWrapper } from "./NoCopyWrapper";
  7 |
  8 | export function FileCodePanel({ file }: { file: FileSnapshot }) {

The export newLineGroups was not found in module [project]/app/hand-tracking/lib/code.ts [app-ssr] (ecmascript).
Did you mean to import newLineGroupsWithContext?
All exports of the module are statically known (It doesn't have dynamic exports). So it's known statically that the requested export doesn't exist.

Import trace:
  Server Component:
    ./app/hand-tracking/components/FileCodePanel.tsx
    ./app/hand-tracking/components/StepDetail.tsx
    ./app/hand-tracking/[stepId]/page.tsx @ http://localhost:3000/_next/static/chunks/node_modules_next_dist_1e8vcs8._.js:1052
[  562214ms] [ERROR] ./app/hand-tracking/components/FileCodePanel.tsx:5:1
Error: Export newLineGroups doesn't exist in target module
  3 | import { useState } from "react";
  4 | import type { FileSnapshot } from "../data/types";
> 5 | import { describeNewLines, newLineGroups } from "../lib/code";
    | ^^^^^^^^^^^^^^^^^^^^^^^^^^^^^^^^^^^^^^^^^^^^^^^^^^^^^^^^^^^^^^
  6 | import { NoCopyWrapper } from "./NoCopyWrapper";
  7 |
  8 | export function FileCodePanel({ file }: { file: FileSnapshot }) {

The export newLineGroups was not found in module [project]/app/hand-tracking/lib/code.ts [app-client] (ecmascript).
Did you mean to import newLineGroupsWithContext?
All exports of the module are statically known (It doesn't have dynamic exports). So it's known statically that the requested export doesn't exist.

Import trace:
  Server Component:
    ./app/hand-tracking/components/FileCodePanel.tsx
    ./app/hand-tracking/components/StepDetail.tsx
    ./app/hand-tracking/[stepId]/page.tsx @ http://localhost:3000/_next/static/chunks/node_modules_next_dist_1e8vcs8._.js:1052
[  562214ms] [ERROR] ./app/hand-tracking/components/FileCodePanel.tsx:5:1
Error: Export newLineGroups doesn't exist in target module
  3 | import { useState } from "react";
  4 | import type { FileSnapshot } from "../data/types";
> 5 | import { describeNewLines, newLineGroups } from "../lib/code";
    | ^^^^^^^^^^^^^^^^^^^^^^^^^^^^^^^^^^^^^^^^^^^^^^^^^^^^^^^^^^^^^^
  6 | import { NoCopyWrapper } from "./NoCopyWrapper";
  7 |
  8 | export function FileCodePanel({ file }: { file: FileSnapshot }) {

The export newLineGroups was not found in module [project]/app/hand-tracking/lib/code.ts [app-ssr] (ecmascript).
Did you mean to import newLineGroupsWithContext?
All exports of the module are statically known (It doesn't have dynamic exports). So it's known statically that the requested export doesn't exist.

Import trace:
  Server Component:
    ./app/hand-tracking/components/FileCodePanel.tsx
    ./app/hand-tracking/components/StepDetail.tsx
    ./app/hand-tracking/[stepId]/page.tsx @ http://localhost:3000/_next/static/chunks/node_modules_next_dist_1e8vcs8._.js:1052
[  562276ms] [ERROR] ./app/hand-tracking/components/FileCodePanel.tsx:5:1
Error: Export newLineGroups doesn't exist in target module
  3 | import { useState } from "react";
  4 | import type { FileSnapshot } from "../data/types";
> 5 | import { describeNewLines, newLineGroups } from "../lib/code";
    | ^^^^^^^^^^^^^^^^^^^^^^^^^^^^^^^^^^^^^^^^^^^^^^^^^^^^^^^^^^^^^^
  6 | import { NoCopyWrapper } from "./NoCopyWrapper";
  7 |
  8 | export function FileCodePanel({ file }: { file: FileSnapshot }) {

The export newLineGroups was not found in module [project]/app/hand-tracking/lib/code.ts [app-client] (ecmascript).
Did you mean to import newLineGroupsWithContext?
All exports of the module are statically known (It doesn't have dynamic exports). So it's known statically that the requested export doesn't exist.

Import trace:
  Server Component:
    ./app/hand-tracking/components/FileCodePanel.tsx
    ./app/hand-tracking/components/StepDetail.tsx
    ./app/hand-tracking/[stepId]/page.tsx @ http://localhost:3000/_next/static/chunks/node_modules_next_dist_1e8vcs8._.js:1052
[  562277ms] [ERROR] ./app/hand-tracking/components/FileCodePanel.tsx:5:1
Error: Export newLineGroups doesn't exist in target module
  3 | import { useState } from "react";
  4 | import type { FileSnapshot } from "../data/types";
> 5 | import { describeNewLines, newLineGroups } from "../lib/code";
    | ^^^^^^^^^^^^^^^^^^^^^^^^^^^^^^^^^^^^^^^^^^^^^^^^^^^^^^^^^^^^^^
  6 | import { NoCopyWrapper } from "./NoCopyWrapper";
  7 |
  8 | export function FileCodePanel({ file }: { file: FileSnapshot }) {

The export newLineGroups was not found in module [project]/app/hand-tracking/lib/code.ts [app-ssr] (ecmascript).
Did you mean to import newLineGroupsWithContext?
All exports of the module are statically known (It doesn't have dynamic exports). So it's known statically that the requested export doesn't exist.

Import trace:
  Server Component:
    ./app/hand-tracking/components/FileCodePanel.tsx
    ./app/hand-tracking/components/StepDetail.tsx
    ./app/hand-tracking/[stepId]/page.tsx @ http://localhost:3000/_next/static/chunks/node_modules_next_dist_1e8vcs8._.js:1052
[  562336ms] [ERROR] ./app/hand-tracking/components/FileCodePanel.tsx:5:1
Error: Export newLineGroups doesn't exist in target module
  3 | import { useState } from "react";
  4 | import type { FileSnapshot } from "../data/types";
> 5 | import { describeNewLines, newLineGroups } from "../lib/code";
    | ^^^^^^^^^^^^^^^^^^^^^^^^^^^^^^^^^^^^^^^^^^^^^^^^^^^^^^^^^^^^^^
  6 | import { NoCopyWrapper } from "./NoCopyWrapper";
  7 |
  8 | export function FileCodePanel({ file }: { file: FileSnapshot }) {

The export newLineGroups was not found in module [project]/app/hand-tracking/lib/code.ts [app-client] (ecmascript).
Did you mean to import newLineGroupsWithContext?
All exports of the module are statically known (It doesn't have dynamic exports). So it's known statically that the requested export doesn't exist.

Import trace:
  Server Component:
    ./app/hand-tracking/components/FileCodePanel.tsx
    ./app/hand-tracking/components/StepDetail.tsx
    ./app/hand-tracking/[stepId]/page.tsx @ http://localhost:3000/_next/static/chunks/node_modules_next_dist_1e8vcs8._.js:1052
[  562337ms] [ERROR] ./app/hand-tracking/components/FileCodePanel.tsx:5:1
Error: Export newLineGroups doesn't exist in target module
  3 | import { useState } from "react";
  4 | import type { FileSnapshot } from "../data/types";
> 5 | import { describeNewLines, newLineGroups } from "../lib/code";
    | ^^^^^^^^^^^^^^^^^^^^^^^^^^^^^^^^^^^^^^^^^^^^^^^^^^^^^^^^^^^^^^
  6 | import { NoCopyWrapper } from "./NoCopyWrapper";
  7 |
  8 | export function FileCodePanel({ file }: { file: FileSnapshot }) {

The export newLineGroups was not found in module [project]/app/hand-tracking/lib/code.ts [app-ssr] (ecmascript).
Did you mean to import newLineGroupsWithContext?
All exports of the module are statically known (It doesn't have dynamic exports). So it's known statically that the requested export doesn't exist.

Import trace:
  Server Component:
    ./app/hand-tracking/components/FileCodePanel.tsx
    ./app/hand-tracking/components/StepDetail.tsx
    ./app/hand-tracking/[stepId]/page.tsx @ http://localhost:3000/_next/static/chunks/node_modules_next_dist_1e8vcs8._.js:1052
[  562402ms] [ERROR] ./app/hand-tracking/components/FileCodePanel.tsx:5:1
Error: Export newLineGroups doesn't exist in target module
  3 | import { useState } from "react";
  4 | import type { FileSnapshot } from "../data/types";
> 5 | import { describeNewLines, newLineGroups } from "../lib/code";
    | ^^^^^^^^^^^^^^^^^^^^^^^^^^^^^^^^^^^^^^^^^^^^^^^^^^^^^^^^^^^^^^
  6 | import { NoCopyWrapper } from "./NoCopyWrapper";
  7 |
  8 | export function FileCodePanel({ file }: { file: FileSnapshot }) {

The export newLineGroups was not found in module [project]/app/hand-tracking/lib/code.ts [app-client] (ecmascript).
Did you mean to import newLineGroupsWithContext?
All exports of the module are statically known (It doesn't have dynamic exports). So it's known statically that the requested export doesn't exist.

Import trace:
  Server Component:
    ./app/hand-tracking/components/FileCodePanel.tsx
    ./app/hand-tracking/components/StepDetail.tsx
    ./app/hand-tracking/[stepId]/page.tsx @ http://localhost:3000/_next/static/chunks/node_modules_next_dist_1e8vcs8._.js:1052
[  562403ms] [ERROR] ./app/hand-tracking/components/FileCodePanel.tsx:5:1
Error: Export newLineGroups doesn't exist in target module
  3 | import { useState } from "react";
  4 | import type { FileSnapshot } from "../data/types";
> 5 | import { describeNewLines, newLineGroups } from "../lib/code";
    | ^^^^^^^^^^^^^^^^^^^^^^^^^^^^^^^^^^^^^^^^^^^^^^^^^^^^^^^^^^^^^^
  6 | import { NoCopyWrapper } from "./NoCopyWrapper";
  7 |
  8 | export function FileCodePanel({ file }: { file: FileSnapshot }) {

The export newLineGroups was not found in module [project]/app/hand-tracking/lib/code.ts [app-ssr] (ecmascript).
Did you mean to import newLineGroupsWithContext?
All exports of the module are statically known (It doesn't have dynamic exports). So it's known statically that the requested export doesn't exist.

Import trace:
  Server Component:
    ./app/hand-tracking/components/FileCodePanel.tsx
    ./app/hand-tracking/components/StepDetail.tsx
    ./app/hand-tracking/[stepId]/page.tsx @ http://localhost:3000/_next/static/chunks/node_modules_next_dist_1e8vcs8._.js:1052
[  562501ms] [ERROR] ./app/hand-tracking/components/FileCodePanel.tsx:5:1
Error: Export newLineGroups doesn't exist in target module
  3 | import { useState } from "react";
  4 | import type { FileSnapshot } from "../data/types";
> 5 | import { describeNewLines, newLineGroups } from "../lib/code";
    | ^^^^^^^^^^^^^^^^^^^^^^^^^^^^^^^^^^^^^^^^^^^^^^^^^^^^^^^^^^^^^^
  6 | import { NoCopyWrapper } from "./NoCopyWrapper";
  7 |
  8 | export function FileCodePanel({ file }: { file: FileSnapshot }) {

The export newLineGroups was not found in module [project]/app/hand-tracking/lib/code.ts [app-client] (ecmascript).
Did you mean to import newLineGroupsWithContext?
All exports of the module are statically known (It doesn't have dynamic exports). So it's known statically that the requested export doesn't exist.

Import trace:
  Server Component:
    ./app/hand-tracking/components/FileCodePanel.tsx
    ./app/hand-tracking/components/StepDetail.tsx
    ./app/hand-tracking/[stepId]/page.tsx @ http://localhost:3000/_next/static/chunks/node_modules_next_dist_1e8vcs8._.js:1052
[  562502ms] [ERROR] ./app/hand-tracking/components/FileCodePanel.tsx:5:1
Error: Export newLineGroups doesn't exist in target module
  3 | import { useState } from "react";
  4 | import type { FileSnapshot } from "../data/types";
> 5 | import { describeNewLines, newLineGroups } from "../lib/code";
    | ^^^^^^^^^^^^^^^^^^^^^^^^^^^^^^^^^^^^^^^^^^^^^^^^^^^^^^^^^^^^^^
  6 | import { NoCopyWrapper } from "./NoCopyWrapper";
  7 |
  8 | export function FileCodePanel({ file }: { file: FileSnapshot }) {

The export newLineGroups was not found in module [project]/app/hand-tracking/lib/code.ts [app-ssr] (ecmascript).
Did you mean to import newLineGroupsWithContext?
All exports of the module are statically known (It doesn't have dynamic exports). So it's known statically that the requested export doesn't exist.

Import trace:
  Server Component:
    ./app/hand-tracking/components/FileCodePanel.tsx
    ./app/hand-tracking/components/StepDetail.tsx
    ./app/hand-tracking/[stepId]/page.tsx @ http://localhost:3000/_next/static/chunks/node_modules_next_dist_1e8vcs8._.js:1052
[  562570ms] [ERROR] ./app/hand-tracking/components/FileCodePanel.tsx:5:1
Error: Export newLineGroups doesn't exist in target module
  3 | import { useState } from "react";
  4 | import type { FileSnapshot } from "../data/types";
> 5 | import { describeNewLines, newLineGroups } from "../lib/code";
    | ^^^^^^^^^^^^^^^^^^^^^^^^^^^^^^^^^^^^^^^^^^^^^^^^^^^^^^^^^^^^^^
  6 | import { NoCopyWrapper } from "./NoCopyWrapper";
  7 |
  8 | export function FileCodePanel({ file }: { file: FileSnapshot }) {

The export newLineGroups was not found in module [project]/app/hand-tracking/lib/code.ts [app-client] (ecmascript).
Did you mean to import newLineGroupsWithContext?
All exports of the module are statically known (It doesn't have dynamic exports). So it's known statically that the requested export doesn't exist.

Import trace:
  Server Component:
    ./app/hand-tracking/components/FileCodePanel.tsx
    ./app/hand-tracking/components/StepDetail.tsx
    ./app/hand-tracking/[stepId]/page.tsx @ http://localhost:3000/_next/static/chunks/node_modules_next_dist_1e8vcs8._.js:1052
[  562570ms] [ERROR] ./app/hand-tracking/components/FileCodePanel.tsx:5:1
Error: Export newLineGroups doesn't exist in target module
  3 | import { useState } from "react";
  4 | import type { FileSnapshot } from "../data/types";
> 5 | import { describeNewLines, newLineGroups } from "../lib/code";
    | ^^^^^^^^^^^^^^^^^^^^^^^^^^^^^^^^^^^^^^^^^^^^^^^^^^^^^^^^^^^^^^
  6 | import { NoCopyWrapper } from "./NoCopyWrapper";
  7 |
  8 | export function FileCodePanel({ file }: { file: FileSnapshot }) {

The export newLineGroups was not found in module [project]/app/hand-tracking/lib/code.ts [app-ssr] (ecmascript).
Did you mean to import newLineGroupsWithContext?
All exports of the module are statically known (It doesn't have dynamic exports). So it's known statically that the requested export doesn't exist.

Import trace:
  Server Component:
    ./app/hand-tracking/components/FileCodePanel.tsx
    ./app/hand-tracking/components/StepDetail.tsx
    ./app/hand-tracking/[stepId]/page.tsx @ http://localhost:3000/_next/static/chunks/node_modules_next_dist_1e8vcs8._.js:1052
[  562631ms] [ERROR] ./app/hand-tracking/components/FileCodePanel.tsx:5:1
Error: Export newLineGroups doesn't exist in target module
  3 | import { useState } from "react";
  4 | import type { FileSnapshot } from "../data/types";
> 5 | import { describeNewLines, newLineGroups } from "../lib/code";
    | ^^^^^^^^^^^^^^^^^^^^^^^^^^^^^^^^^^^^^^^^^^^^^^^^^^^^^^^^^^^^^^
  6 | import { NoCopyWrapper } from "./NoCopyWrapper";
  7 |
  8 | export function FileCodePanel({ file }: { file: FileSnapshot }) {

The export newLineGroups was not found in module [project]/app/hand-tracking/lib/code.ts [app-client] (ecmascript).
Did you mean to import newLineGroupsWithContext?
All exports of the module are statically known (It doesn't have dynamic exports). So it's known statically that the requested export doesn't exist.

Import trace:
  Server Component:
    ./app/hand-tracking/components/FileCodePanel.tsx
    ./app/hand-tracking/components/StepDetail.tsx
    ./app/hand-tracking/[stepId]/page.tsx @ http://localhost:3000/_next/static/chunks/node_modules_next_dist_1e8vcs8._.js:1052
[  562631ms] [ERROR] ./app/hand-tracking/components/FileCodePanel.tsx:5:1
Error: Export newLineGroups doesn't exist in target module
  3 | import { useState } from "react";
  4 | import type { FileSnapshot } from "../data/types";
> 5 | import { describeNewLines, newLineGroups } from "../lib/code";
    | ^^^^^^^^^^^^^^^^^^^^^^^^^^^^^^^^^^^^^^^^^^^^^^^^^^^^^^^^^^^^^^
  6 | import { NoCopyWrapper } from "./NoCopyWrapper";
  7 |
  8 | export function FileCodePanel({ file }: { file: FileSnapshot }) {

The export newLineGroups was not found in module [project]/app/hand-tracking/lib/code.ts [app-ssr] (ecmascript).
Did you mean to import newLineGroupsWithContext?
All exports of the module are statically known (It doesn't have dynamic exports). So it's known statically that the requested export doesn't exist.

Import trace:
  Server Component:
    ./app/hand-tracking/components/FileCodePanel.tsx
    ./app/hand-tracking/components/StepDetail.tsx
    ./app/hand-tracking/[stepId]/page.tsx @ http://localhost:3000/_next/static/chunks/node_modules_next_dist_1e8vcs8._.js:1052
[  562713ms] [ERROR] ./app/hand-tracking/components/FileCodePanel.tsx:5:1
Error: Export newLineGroups doesn't exist in target module
  3 | import { useState } from "react";
  4 | import type { FileSnapshot } from "../data/types";
> 5 | import { describeNewLines, newLineGroups } from "../lib/code";
    | ^^^^^^^^^^^^^^^^^^^^^^^^^^^^^^^^^^^^^^^^^^^^^^^^^^^^^^^^^^^^^^
  6 | import { NoCopyWrapper } from "./NoCopyWrapper";
  7 |
  8 | export function FileCodePanel({ file }: { file: FileSnapshot }) {

The export newLineGroups was not found in module [project]/app/hand-tracking/lib/code.ts [app-client] (ecmascript).
Did you mean to import newLineGroupsWithContext?
All exports of the module are statically known (It doesn't have dynamic exports). So it's known statically that the requested export doesn't exist.

Import trace:
  Server Component:
    ./app/hand-tracking/components/FileCodePanel.tsx
    ./app/hand-tracking/components/StepDetail.tsx
    ./app/hand-tracking/[stepId]/page.tsx @ http://localhost:3000/_next/static/chunks/node_modules_next_dist_1e8vcs8._.js:1052
[  562713ms] [ERROR] ./app/hand-tracking/components/FileCodePanel.tsx:5:1
Error: Export newLineGroups doesn't exist in target module
  3 | import { useState } from "react";
  4 | import type { FileSnapshot } from "../data/types";
> 5 | import { describeNewLines, newLineGroups } from "../lib/code";
    | ^^^^^^^^^^^^^^^^^^^^^^^^^^^^^^^^^^^^^^^^^^^^^^^^^^^^^^^^^^^^^^
  6 | import { NoCopyWrapper } from "./NoCopyWrapper";
  7 |
  8 | export function FileCodePanel({ file }: { file: FileSnapshot }) {

The export newLineGroups was not found in module [project]/app/hand-tracking/lib/code.ts [app-ssr] (ecmascript).
Did you mean to import newLineGroupsWithContext?
All exports of the module are statically known (It doesn't have dynamic exports). So it's known statically that the requested export doesn't exist.

Import trace:
  Server Component:
    ./app/hand-tracking/components/FileCodePanel.tsx
    ./app/hand-tracking/components/StepDetail.tsx
    ./app/hand-tracking/[stepId]/page.tsx @ http://localhost:3000/_next/static/chunks/node_modules_next_dist_1e8vcs8._.js:1052
[  562789ms] [ERROR] ./app/hand-tracking/components/FileCodePanel.tsx:5:1
Error: Export newLineGroups doesn't exist in target module
  3 | import { useState } from "react";
  4 | import type { FileSnapshot } from "../data/types";
> 5 | import { describeNewLines, newLineGroups } from "../lib/code";
    | ^^^^^^^^^^^^^^^^^^^^^^^^^^^^^^^^^^^^^^^^^^^^^^^^^^^^^^^^^^^^^^
  6 | import { NoCopyWrapper } from "./NoCopyWrapper";
  7 |
  8 | export function FileCodePanel({ file }: { file: FileSnapshot }) {

The export newLineGroups was not found in module [project]/app/hand-tracking/lib/code.ts [app-client] (ecmascript).
Did you mean to import newLineGroupsWithContext?
All exports of the module are statically known (It doesn't have dynamic exports). So it's known statically that the requested export doesn't exist.

Import trace:
  Server Component:
    ./app/hand-tracking/components/FileCodePanel.tsx
    ./app/hand-tracking/components/StepDetail.tsx
    ./app/hand-tracking/[stepId]/page.tsx @ http://localhost:3000/_next/static/chunks/node_modules_next_dist_1e8vcs8._.js:1052
[  562790ms] [ERROR] ./app/hand-tracking/components/FileCodePanel.tsx:5:1
Error: Export newLineGroups doesn't exist in target module
  3 | import { useState } from "react";
  4 | import type { FileSnapshot } from "../data/types";
> 5 | import { describeNewLines, newLineGroups } from "../lib/code";
    | ^^^^^^^^^^^^^^^^^^^^^^^^^^^^^^^^^^^^^^^^^^^^^^^^^^^^^^^^^^^^^^
  6 | import { NoCopyWrapper } from "./NoCopyWrapper";
  7 |
  8 | export function FileCodePanel({ file }: { file: FileSnapshot }) {

The export newLineGroups was not found in module [project]/app/hand-tracking/lib/code.ts [app-ssr] (ecmascript).
Did you mean to import newLineGroupsWithContext?
All exports of the module are statically known (It doesn't have dynamic exports). So it's known statically that the requested export doesn't exist.

Import trace:
  Server Component:
    ./app/hand-tracking/components/FileCodePanel.tsx
    ./app/hand-tracking/components/StepDetail.tsx
    ./app/hand-tracking/[stepId]/page.tsx @ http://localhost:3000/_next/static/chunks/node_modules_next_dist_1e8vcs8._.js:1052
[  562851ms] [ERROR] ./app/hand-tracking/components/FileCodePanel.tsx:5:1
Error: Export newLineGroups doesn't exist in target module
  3 | import { useState } from "react";
  4 | import type { FileSnapshot } from "../data/types";
> 5 | import { describeNewLines, newLineGroups } from "../lib/code";
    | ^^^^^^^^^^^^^^^^^^^^^^^^^^^^^^^^^^^^^^^^^^^^^^^^^^^^^^^^^^^^^^
  6 | import { NoCopyWrapper } from "./NoCopyWrapper";
  7 |
  8 | export function FileCodePanel({ file }: { file: FileSnapshot }) {

The export newLineGroups was not found in module [project]/app/hand-tracking/lib/code.ts [app-client] (ecmascript).
Did you mean to import newLineGroupsWithContext?
All exports of the module are statically known (It doesn't have dynamic exports). So it's known statically that the requested export doesn't exist.

Import trace:
  Server Component:
    ./app/hand-tracking/components/FileCodePanel.tsx
    ./app/hand-tracking/components/StepDetail.tsx
    ./app/hand-tracking/[stepId]/page.tsx @ http://localhost:3000/_next/static/chunks/node_modules_next_dist_1e8vcs8._.js:1052
[  562851ms] [ERROR] ./app/hand-tracking/components/FileCodePanel.tsx:5:1
Error: Export newLineGroups doesn't exist in target module
  3 | import { useState } from "react";
  4 | import type { FileSnapshot } from "../data/types";
> 5 | import { describeNewLines, newLineGroups } from "../lib/code";
    | ^^^^^^^^^^^^^^^^^^^^^^^^^^^^^^^^^^^^^^^^^^^^^^^^^^^^^^^^^^^^^^
  6 | import { NoCopyWrapper } from "./NoCopyWrapper";
  7 |
  8 | export function FileCodePanel({ file }: { file: FileSnapshot }) {

The export newLineGroups was not found in module [project]/app/hand-tracking/lib/code.ts [app-ssr] (ecmascript).
Did you mean to import newLineGroupsWithContext?
All exports of the module are statically known (It doesn't have dynamic exports). So it's known statically that the requested export doesn't exist.

Import trace:
  Server Component:
    ./app/hand-tracking/components/FileCodePanel.tsx
    ./app/hand-tracking/components/StepDetail.tsx
    ./app/hand-tracking/[stepId]/page.tsx @ http://localhost:3000/_next/static/chunks/node_modules_next_dist_1e8vcs8._.js:1052
[  562914ms] [ERROR] ./app/hand-tracking/components/FileCodePanel.tsx:5:1
Error: Export newLineGroups doesn't exist in target module
  3 | import { useState } from "react";
  4 | import type { FileSnapshot } from "../data/types";
> 5 | import { describeNewLines, newLineGroups } from "../lib/code";
    | ^^^^^^^^^^^^^^^^^^^^^^^^^^^^^^^^^^^^^^^^^^^^^^^^^^^^^^^^^^^^^^
  6 | import { NoCopyWrapper } from "./NoCopyWrapper";
  7 |
  8 | export function FileCodePanel({ file }: { file: FileSnapshot }) {

The export newLineGroups was not found in module [project]/app/hand-tracking/lib/code.ts [app-client] (ecmascript).
Did you mean to import newLineGroupsWithContext?
All exports of the module are statically known (It doesn't have dynamic exports). So it's known statically that the requested export doesn't exist.

Import trace:
  Server Component:
    ./app/hand-tracking/components/FileCodePanel.tsx
    ./app/hand-tracking/components/StepDetail.tsx
    ./app/hand-tracking/[stepId]/page.tsx @ http://localhost:3000/_next/static/chunks/node_modules_next_dist_1e8vcs8._.js:1052
[  562915ms] [ERROR] ./app/hand-tracking/components/FileCodePanel.tsx:5:1
Error: Export newLineGroups doesn't exist in target module
  3 | import { useState } from "react";
  4 | import type { FileSnapshot } from "../data/types";
> 5 | import { describeNewLines, newLineGroups } from "../lib/code";
    | ^^^^^^^^^^^^^^^^^^^^^^^^^^^^^^^^^^^^^^^^^^^^^^^^^^^^^^^^^^^^^^
  6 | import { NoCopyWrapper } from "./NoCopyWrapper";
  7 |
  8 | export function FileCodePanel({ file }: { file: FileSnapshot }) {

The export newLineGroups was not found in module [project]/app/hand-tracking/lib/code.ts [app-ssr] (ecmascript).
Did you mean to import newLineGroupsWithContext?
All exports of the module are statically known (It doesn't have dynamic exports). So it's known statically that the requested export doesn't exist.

Import trace:
  Server Component:
    ./app/hand-tracking/components/FileCodePanel.tsx
    ./app/hand-tracking/components/StepDetail.tsx
    ./app/hand-tracking/[stepId]/page.tsx @ http://localhost:3000/_next/static/chunks/node_modules_next_dist_1e8vcs8._.js:1052
[  562977ms] [ERROR] ./app/hand-tracking/components/FileCodePanel.tsx:5:1
Error: Export newLineGroups doesn't exist in target module
  3 | import { useState } from "react";
  4 | import type { FileSnapshot } from "../data/types";
> 5 | import { describeNewLines, newLineGroups } from "../lib/code";
    | ^^^^^^^^^^^^^^^^^^^^^^^^^^^^^^^^^^^^^^^^^^^^^^^^^^^^^^^^^^^^^^
  6 | import { NoCopyWrapper } from "./NoCopyWrapper";
  7 |
  8 | export function FileCodePanel({ file }: { file: FileSnapshot }) {

The export newLineGroups was not found in module [project]/app/hand-tracking/lib/code.ts [app-client] (ecmascript).
Did you mean to import newLineGroupsWithContext?
All exports of the module are statically known (It doesn't have dynamic exports). So it's known statically that the requested export doesn't exist.

Import trace:
  Server Component:
    ./app/hand-tracking/components/FileCodePanel.tsx
    ./app/hand-tracking/components/StepDetail.tsx
    ./app/hand-tracking/[stepId]/page.tsx @ http://localhost:3000/_next/static/chunks/node_modules_next_dist_1e8vcs8._.js:1052
[  562977ms] [ERROR] ./app/hand-tracking/components/FileCodePanel.tsx:5:1
Error: Export newLineGroups doesn't exist in target module
  3 | import { useState } from "react";
  4 | import type { FileSnapshot } from "../data/types";
> 5 | import { describeNewLines, newLineGroups } from "../lib/code";
    | ^^^^^^^^^^^^^^^^^^^^^^^^^^^^^^^^^^^^^^^^^^^^^^^^^^^^^^^^^^^^^^
  6 | import { NoCopyWrapper } from "./NoCopyWrapper";
  7 |
  8 | export function FileCodePanel({ file }: { file: FileSnapshot }) {

The export newLineGroups was not found in module [project]/app/hand-tracking/lib/code.ts [app-ssr] (ecmascript).
Did you mean to import newLineGroupsWithContext?
All exports of the module are statically known (It doesn't have dynamic exports). So it's known statically that the requested export doesn't exist.

Import trace:
  Server Component:
    ./app/hand-tracking/components/FileCodePanel.tsx
    ./app/hand-tracking/components/StepDetail.tsx
    ./app/hand-tracking/[stepId]/page.tsx @ http://localhost:3000/_next/static/chunks/node_modules_next_dist_1e8vcs8._.js:1052
[  563038ms] [ERROR] ./app/hand-tracking/components/FileCodePanel.tsx:5:1
Error: Export newLineGroups doesn't exist in target module
  3 | import { useState } from "react";
  4 | import type { FileSnapshot } from "../data/types";
> 5 | import { describeNewLines, newLineGroups } from "../lib/code";
    | ^^^^^^^^^^^^^^^^^^^^^^^^^^^^^^^^^^^^^^^^^^^^^^^^^^^^^^^^^^^^^^
  6 | import { NoCopyWrapper } from "./NoCopyWrapper";
  7 |
  8 | export function FileCodePanel({ file }: { file: FileSnapshot }) {

The export newLineGroups was not found in module [project]/app/hand-tracking/lib/code.ts [app-client] (ecmascript).
Did you mean to import newLineGroupsWithContext?
All exports of the module are statically known (It doesn't have dynamic exports). So it's known statically that the requested export doesn't exist.

Import trace:
  Server Component:
    ./app/hand-tracking/components/FileCodePanel.tsx
    ./app/hand-tracking/components/StepDetail.tsx
    ./app/hand-tracking/[stepId]/page.tsx @ http://localhost:3000/_next/static/chunks/node_modules_next_dist_1e8vcs8._.js:1052
[  563039ms] [ERROR] ./app/hand-tracking/components/FileCodePanel.tsx:5:1
Error: Export newLineGroups doesn't exist in target module
  3 | import { useState } from "react";
  4 | import type { FileSnapshot } from "../data/types";
> 5 | import { describeNewLines, newLineGroups } from "../lib/code";
    | ^^^^^^^^^^^^^^^^^^^^^^^^^^^^^^^^^^^^^^^^^^^^^^^^^^^^^^^^^^^^^^
  6 | import { NoCopyWrapper } from "./NoCopyWrapper";
  7 |
  8 | export function FileCodePanel({ file }: { file: FileSnapshot }) {

The export newLineGroups was not found in module [project]/app/hand-tracking/lib/code.ts [app-ssr] (ecmascript).
Did you mean to import newLineGroupsWithContext?
All exports of the module are statically known (It doesn't have dynamic exports). So it's known statically that the requested export doesn't exist.

Import trace:
  Server Component:
    ./app/hand-tracking/components/FileCodePanel.tsx
    ./app/hand-tracking/components/StepDetail.tsx
    ./app/hand-tracking/[stepId]/page.tsx @ http://localhost:3000/_next/static/chunks/node_modules_next_dist_1e8vcs8._.js:1052
[  563101ms] [ERROR] ./app/hand-tracking/components/FileCodePanel.tsx:5:1
Error: Export newLineGroups doesn't exist in target module
  3 | import { useState } from "react";
  4 | import type { FileSnapshot } from "../data/types";
> 5 | import { describeNewLines, newLineGroups } from "../lib/code";
    | ^^^^^^^^^^^^^^^^^^^^^^^^^^^^^^^^^^^^^^^^^^^^^^^^^^^^^^^^^^^^^^
  6 | import { NoCopyWrapper } from "./NoCopyWrapper";
  7 |
  8 | export function FileCodePanel({ file }: { file: FileSnapshot }) {

The export newLineGroups was not found in module [project]/app/hand-tracking/lib/code.ts [app-client] (ecmascript).
Did you mean to import newLineGroupsWithContext?
All exports of the module are statically known (It doesn't have dynamic exports). So it's known statically that the requested export doesn't exist.

Import trace:
  Server Component:
    ./app/hand-tracking/components/FileCodePanel.tsx
    ./app/hand-tracking/components/StepDetail.tsx
    ./app/hand-tracking/[stepId]/page.tsx @ http://localhost:3000/_next/static/chunks/node_modules_next_dist_1e8vcs8._.js:1052
[  563101ms] [ERROR] ./app/hand-tracking/components/FileCodePanel.tsx:5:1
Error: Export newLineGroups doesn't exist in target module
  3 | import { useState } from "react";
  4 | import type { FileSnapshot } from "../data/types";
> 5 | import { describeNewLines, newLineGroups } from "../lib/code";
    | ^^^^^^^^^^^^^^^^^^^^^^^^^^^^^^^^^^^^^^^^^^^^^^^^^^^^^^^^^^^^^^
  6 | import { NoCopyWrapper } from "./NoCopyWrapper";
  7 |
  8 | export function FileCodePanel({ file }: { file: FileSnapshot }) {

The export newLineGroups was not found in module [project]/app/hand-tracking/lib/code.ts [app-ssr] (ecmascript).
Did you mean to import newLineGroupsWithContext?
All exports of the module are statically known (It doesn't have dynamic exports). So it's known statically that the requested export doesn't exist.

Import trace:
  Server Component:
    ./app/hand-tracking/components/FileCodePanel.tsx
    ./app/hand-tracking/components/StepDetail.tsx
    ./app/hand-tracking/[stepId]/page.tsx @ http://localhost:3000/_next/static/chunks/node_modules_next_dist_1e8vcs8._.js:1052
[  563163ms] [ERROR] ./app/hand-tracking/components/FileCodePanel.tsx:5:1
Error: Export newLineGroups doesn't exist in target module
  3 | import { useState } from "react";
  4 | import type { FileSnapshot } from "../data/types";
> 5 | import { describeNewLines, newLineGroups } from "../lib/code";
    | ^^^^^^^^^^^^^^^^^^^^^^^^^^^^^^^^^^^^^^^^^^^^^^^^^^^^^^^^^^^^^^
  6 | import { NoCopyWrapper } from "./NoCopyWrapper";
  7 |
  8 | export function FileCodePanel({ file }: { file: FileSnapshot }) {

The export newLineGroups was not found in module [project]/app/hand-tracking/lib/code.ts [app-client] (ecmascript).
Did you mean to import newLineGroupsWithContext?
All exports of the module are statically known (It doesn't have dynamic exports). So it's known statically that the requested export doesn't exist.

Import trace:
  Server Component:
    ./app/hand-tracking/components/FileCodePanel.tsx
    ./app/hand-tracking/components/StepDetail.tsx
    ./app/hand-tracking/[stepId]/page.tsx @ http://localhost:3000/_next/static/chunks/node_modules_next_dist_1e8vcs8._.js:1052
[  563164ms] [ERROR] ./app/hand-tracking/components/FileCodePanel.tsx:5:1
Error: Export newLineGroups doesn't exist in target module
  3 | import { useState } from "react";
  4 | import type { FileSnapshot } from "../data/types";
> 5 | import { describeNewLines, newLineGroups } from "../lib/code";
    | ^^^^^^^^^^^^^^^^^^^^^^^^^^^^^^^^^^^^^^^^^^^^^^^^^^^^^^^^^^^^^^
  6 | import { NoCopyWrapper } from "./NoCopyWrapper";
  7 |
  8 | export function FileCodePanel({ file }: { file: FileSnapshot }) {

The export newLineGroups was not found in module [project]/app/hand-tracking/lib/code.ts [app-ssr] (ecmascript).
Did you mean to import newLineGroupsWithContext?
All exports of the module are statically known (It doesn't have dynamic exports). So it's known statically that the requested export doesn't exist.

Import trace:
  Server Component:
    ./app/hand-tracking/components/FileCodePanel.tsx
    ./app/hand-tracking/components/StepDetail.tsx
    ./app/hand-tracking/[stepId]/page.tsx @ http://localhost:3000/_next/static/chunks/node_modules_next_dist_1e8vcs8._.js:1052
[  563227ms] [ERROR] ./app/hand-tracking/components/FileCodePanel.tsx:5:1
Error: Export newLineGroups doesn't exist in target module
  3 | import { useState } from "react";
  4 | import type { FileSnapshot } from "../data/types";
> 5 | import { describeNewLines, newLineGroups } from "../lib/code";
    | ^^^^^^^^^^^^^^^^^^^^^^^^^^^^^^^^^^^^^^^^^^^^^^^^^^^^^^^^^^^^^^
  6 | import { NoCopyWrapper } from "./NoCopyWrapper";
  7 |
  8 | export function FileCodePanel({ file }: { file: FileSnapshot }) {

The export newLineGroups was not found in module [project]/app/hand-tracking/lib/code.ts [app-client] (ecmascript).
Did you mean to import newLineGroupsWithContext?
All exports of the module are statically known (It doesn't have dynamic exports). So it's known statically that the requested export doesn't exist.

Import trace:
  Server Component:
    ./app/hand-tracking/components/FileCodePanel.tsx
    ./app/hand-tracking/components/StepDetail.tsx
    ./app/hand-tracking/[stepId]/page.tsx @ http://localhost:3000/_next/static/chunks/node_modules_next_dist_1e8vcs8._.js:1052
[  563227ms] [ERROR] ./app/hand-tracking/components/FileCodePanel.tsx:5:1
Error: Export newLineGroups doesn't exist in target module
  3 | import { useState } from "react";
  4 | import type { FileSnapshot } from "../data/types";
> 5 | import { describeNewLines, newLineGroups } from "../lib/code";
    | ^^^^^^^^^^^^^^^^^^^^^^^^^^^^^^^^^^^^^^^^^^^^^^^^^^^^^^^^^^^^^^
  6 | import { NoCopyWrapper } from "./NoCopyWrapper";
  7 |
  8 | export function FileCodePanel({ file }: { file: FileSnapshot }) {

The export newLineGroups was not found in module [project]/app/hand-tracking/lib/code.ts [app-ssr] (ecmascript).
Did you mean to import newLineGroupsWithContext?
All exports of the module are statically known (It doesn't have dynamic exports). So it's known statically that the requested export doesn't exist.

Import trace:
  Server Component:
    ./app/hand-tracking/components/FileCodePanel.tsx
    ./app/hand-tracking/components/StepDetail.tsx
    ./app/hand-tracking/[stepId]/page.tsx @ http://localhost:3000/_next/static/chunks/node_modules_next_dist_1e8vcs8._.js:1052
[  563287ms] [ERROR] ./app/hand-tracking/components/FileCodePanel.tsx:5:1
Error: Export newLineGroups doesn't exist in target module
  3 | import { useState } from "react";
  4 | import type { FileSnapshot } from "../data/types";
> 5 | import { describeNewLines, newLineGroups } from "../lib/code";
    | ^^^^^^^^^^^^^^^^^^^^^^^^^^^^^^^^^^^^^^^^^^^^^^^^^^^^^^^^^^^^^^
  6 | import { NoCopyWrapper } from "./NoCopyWrapper";
  7 |
  8 | export function FileCodePanel({ file }: { file: FileSnapshot }) {

The export newLineGroups was not found in module [project]/app/hand-tracking/lib/code.ts [app-client] (ecmascript).
Did you mean to import newLineGroupsWithContext?
All exports of the module are statically known (It doesn't have dynamic exports). So it's known statically that the requested export doesn't exist.

Import trace:
  Server Component:
    ./app/hand-tracking/components/FileCodePanel.tsx
    ./app/hand-tracking/components/StepDetail.tsx
    ./app/hand-tracking/[stepId]/page.tsx @ http://localhost:3000/_next/static/chunks/node_modules_next_dist_1e8vcs8._.js:1052
[  563287ms] [ERROR] ./app/hand-tracking/components/FileCodePanel.tsx:5:1
Error: Export newLineGroups doesn't exist in target module
  3 | import { useState } from "react";
  4 | import type { FileSnapshot } from "../data/types";
> 5 | import { describeNewLines, newLineGroups } from "../lib/code";
    | ^^^^^^^^^^^^^^^^^^^^^^^^^^^^^^^^^^^^^^^^^^^^^^^^^^^^^^^^^^^^^^
  6 | import { NoCopyWrapper } from "./NoCopyWrapper";
  7 |
  8 | export function FileCodePanel({ file }: { file: FileSnapshot }) {

The export newLineGroups was not found in module [project]/app/hand-tracking/lib/code.ts [app-ssr] (ecmascript).
Did you mean to import newLineGroupsWithContext?
All exports of the module are statically known (It doesn't have dynamic exports). So it's known statically that the requested export doesn't exist.

Import trace:
  Server Component:
    ./app/hand-tracking/components/FileCodePanel.tsx
    ./app/hand-tracking/components/StepDetail.tsx
    ./app/hand-tracking/[stepId]/page.tsx @ http://localhost:3000/_next/static/chunks/node_modules_next_dist_1e8vcs8._.js:1052
[  563351ms] [ERROR] ./app/hand-tracking/components/FileCodePanel.tsx:5:1
Error: Export newLineGroups doesn't exist in target module
  3 | import { useState } from "react";
  4 | import type { FileSnapshot } from "../data/types";
> 5 | import { describeNewLines, newLineGroups } from "../lib/code";
    | ^^^^^^^^^^^^^^^^^^^^^^^^^^^^^^^^^^^^^^^^^^^^^^^^^^^^^^^^^^^^^^
  6 | import { NoCopyWrapper } from "./NoCopyWrapper";
  7 |
  8 | export function FileCodePanel({ file }: { file: FileSnapshot }) {

The export newLineGroups was not found in module [project]/app/hand-tracking/lib/code.ts [app-client] (ecmascript).
Did you mean to import newLineGroupsWithContext?
All exports of the module are statically known (It doesn't have dynamic exports). So it's known statically that the requested export doesn't exist.

Import trace:
  Server Component:
    ./app/hand-tracking/components/FileCodePanel.tsx
    ./app/hand-tracking/components/StepDetail.tsx
    ./app/hand-tracking/[stepId]/page.tsx @ http://localhost:3000/_next/static/chunks/node_modules_next_dist_1e8vcs8._.js:1052
[  563352ms] [ERROR] ./app/hand-tracking/components/FileCodePanel.tsx:5:1
Error: Export newLineGroups doesn't exist in target module
  3 | import { useState } from "react";
  4 | import type { FileSnapshot } from "../data/types";
> 5 | import { describeNewLines, newLineGroups } from "../lib/code";
    | ^^^^^^^^^^^^^^^^^^^^^^^^^^^^^^^^^^^^^^^^^^^^^^^^^^^^^^^^^^^^^^
  6 | import { NoCopyWrapper } from "./NoCopyWrapper";
  7 |
  8 | export function FileCodePanel({ file }: { file: FileSnapshot }) {

The export newLineGroups was not found in module [project]/app/hand-tracking/lib/code.ts [app-ssr] (ecmascript).
Did you mean to import newLineGroupsWithContext?
All exports of the module are statically known (It doesn't have dynamic exports). So it's known statically that the requested export doesn't exist.

Import trace:
  Server Component:
    ./app/hand-tracking/components/FileCodePanel.tsx
    ./app/hand-tracking/components/StepDetail.tsx
    ./app/hand-tracking/[stepId]/page.tsx @ http://localhost:3000/_next/static/chunks/node_modules_next_dist_1e8vcs8._.js:1052
[  563413ms] [ERROR] ./app/hand-tracking/components/FileCodePanel.tsx:5:1
Error: Export newLineGroups doesn't exist in target module
  3 | import { useState } from "react";
  4 | import type { FileSnapshot } from "../data/types";
> 5 | import { describeNewLines, newLineGroups } from "../lib/code";
    | ^^^^^^^^^^^^^^^^^^^^^^^^^^^^^^^^^^^^^^^^^^^^^^^^^^^^^^^^^^^^^^
  6 | import { NoCopyWrapper } from "./NoCopyWrapper";
  7 |
  8 | export function FileCodePanel({ file }: { file: FileSnapshot }) {

The export newLineGroups was not found in module [project]/app/hand-tracking/lib/code.ts [app-client] (ecmascript).
Did you mean to import newLineGroupsWithContext?
All exports of the module are statically known (It doesn't have dynamic exports). So it's known statically that the requested export doesn't exist.

Import trace:
  Server Component:
    ./app/hand-tracking/components/FileCodePanel.tsx
    ./app/hand-tracking/components/StepDetail.tsx
    ./app/hand-tracking/[stepId]/page.tsx @ http://localhost:3000/_next/static/chunks/node_modules_next_dist_1e8vcs8._.js:1052
[  563414ms] [ERROR] ./app/hand-tracking/components/FileCodePanel.tsx:5:1
Error: Export newLineGroups doesn't exist in target module
  3 | import { useState } from "react";
  4 | import type { FileSnapshot } from "../data/types";
> 5 | import { describeNewLines, newLineGroups } from "../lib/code";
    | ^^^^^^^^^^^^^^^^^^^^^^^^^^^^^^^^^^^^^^^^^^^^^^^^^^^^^^^^^^^^^^
  6 | import { NoCopyWrapper } from "./NoCopyWrapper";
  7 |
  8 | export function FileCodePanel({ file }: { file: FileSnapshot }) {

The export newLineGroups was not found in module [project]/app/hand-tracking/lib/code.ts [app-ssr] (ecmascript).
Did you mean to import newLineGroupsWithContext?
All exports of the module are statically known (It doesn't have dynamic exports). So it's known statically that the requested export doesn't exist.

Import trace:
  Server Component:
    ./app/hand-tracking/components/FileCodePanel.tsx
    ./app/hand-tracking/components/StepDetail.tsx
    ./app/hand-tracking/[stepId]/page.tsx @ http://localhost:3000/_next/static/chunks/node_modules_next_dist_1e8vcs8._.js:1052
[  563477ms] [ERROR] ./app/hand-tracking/components/FileCodePanel.tsx:5:1
Error: Export newLineGroups doesn't exist in target module
  3 | import { useState } from "react";
  4 | import type { FileSnapshot } from "../data/types";
> 5 | import { describeNewLines, newLineGroups } from "../lib/code";
    | ^^^^^^^^^^^^^^^^^^^^^^^^^^^^^^^^^^^^^^^^^^^^^^^^^^^^^^^^^^^^^^
  6 | import { NoCopyWrapper } from "./NoCopyWrapper";
  7 |
  8 | export function FileCodePanel({ file }: { file: FileSnapshot }) {

The export newLineGroups was not found in module [project]/app/hand-tracking/lib/code.ts [app-client] (ecmascript).
Did you mean to import newLineGroupsWithContext?
All exports of the module are statically known (It doesn't have dynamic exports). So it's known statically that the requested export doesn't exist.

Import trace:
  Server Component:
    ./app/hand-tracking/components/FileCodePanel.tsx
    ./app/hand-tracking/components/StepDetail.tsx
    ./app/hand-tracking/[stepId]/page.tsx @ http://localhost:3000/_next/static/chunks/node_modules_next_dist_1e8vcs8._.js:1052
[  563477ms] [ERROR] ./app/hand-tracking/components/FileCodePanel.tsx:5:1
Error: Export newLineGroups doesn't exist in target module
  3 | import { useState } from "react";
  4 | import type { FileSnapshot } from "../data/types";
> 5 | import { describeNewLines, newLineGroups } from "../lib/code";
    | ^^^^^^^^^^^^^^^^^^^^^^^^^^^^^^^^^^^^^^^^^^^^^^^^^^^^^^^^^^^^^^
  6 | import { NoCopyWrapper } from "./NoCopyWrapper";
  7 |
  8 | export function FileCodePanel({ file }: { file: FileSnapshot }) {

The export newLineGroups was not found in module [project]/app/hand-tracking/lib/code.ts [app-ssr] (ecmascript).
Did you mean to import newLineGroupsWithContext?
All exports of the module are statically known (It doesn't have dynamic exports). So it's known statically that the requested export doesn't exist.

Import trace:
  Server Component:
    ./app/hand-tracking/components/FileCodePanel.tsx
    ./app/hand-tracking/components/StepDetail.tsx
    ./app/hand-tracking/[stepId]/page.tsx @ http://localhost:3000/_next/static/chunks/node_modules_next_dist_1e8vcs8._.js:1052
[  563538ms] [ERROR] ./app/hand-tracking/components/FileCodePanel.tsx:5:1
Error: Export newLineGroups doesn't exist in target module
  3 | import { useState } from "react";
  4 | import type { FileSnapshot } from "../data/types";
> 5 | import { describeNewLines, newLineGroups } from "../lib/code";
    | ^^^^^^^^^^^^^^^^^^^^^^^^^^^^^^^^^^^^^^^^^^^^^^^^^^^^^^^^^^^^^^
  6 | import { NoCopyWrapper } from "./NoCopyWrapper";
  7 |
  8 | export function FileCodePanel({ file }: { file: FileSnapshot }) {

The export newLineGroups was not found in module [project]/app/hand-tracking/lib/code.ts [app-client] (ecmascript).
Did you mean to import newLineGroupsWithContext?
All exports of the module are statically known (It doesn't have dynamic exports). So it's known statically that the requested export doesn't exist.

Import trace:
  Server Component:
    ./app/hand-tracking/components/FileCodePanel.tsx
    ./app/hand-tracking/components/StepDetail.tsx
    ./app/hand-tracking/[stepId]/page.tsx @ http://localhost:3000/_next/static/chunks/node_modules_next_dist_1e8vcs8._.js:1052
[  563538ms] [ERROR] ./app/hand-tracking/components/FileCodePanel.tsx:5:1
Error: Export newLineGroups doesn't exist in target module
  3 | import { useState } from "react";
  4 | import type { FileSnapshot } from "../data/types";
> 5 | import { describeNewLines, newLineGroups } from "../lib/code";
    | ^^^^^^^^^^^^^^^^^^^^^^^^^^^^^^^^^^^^^^^^^^^^^^^^^^^^^^^^^^^^^^
  6 | import { NoCopyWrapper } from "./NoCopyWrapper";
  7 |
  8 | export function FileCodePanel({ file }: { file: FileSnapshot }) {

The export newLineGroups was not found in module [project]/app/hand-tracking/lib/code.ts [app-ssr] (ecmascript).
Did you mean to import newLineGroupsWithContext?
All exports of the module are statically known (It doesn't have dynamic exports). So it's known statically that the requested export doesn't exist.

Import trace:
  Server Component:
    ./app/hand-tracking/components/FileCodePanel.tsx
    ./app/hand-tracking/components/StepDetail.tsx
    ./app/hand-tracking/[stepId]/page.tsx @ http://localhost:3000/_next/static/chunks/node_modules_next_dist_1e8vcs8._.js:1052
[  563601ms] [ERROR] ./app/hand-tracking/components/FileCodePanel.tsx:5:1
Error: Export newLineGroups doesn't exist in target module
  3 | import { useState } from "react";
  4 | import type { FileSnapshot } from "../data/types";
> 5 | import { describeNewLines, newLineGroups } from "../lib/code";
    | ^^^^^^^^^^^^^^^^^^^^^^^^^^^^^^^^^^^^^^^^^^^^^^^^^^^^^^^^^^^^^^
  6 | import { NoCopyWrapper } from "./NoCopyWrapper";
  7 |
  8 | export function FileCodePanel({ file }: { file: FileSnapshot }) {

The export newLineGroups was not found in module [project]/app/hand-tracking/lib/code.ts [app-client] (ecmascript).
Did you mean to import newLineGroupsWithContext?
All exports of the module are statically known (It doesn't have dynamic exports). So it's known statically that the requested export doesn't exist.

Import trace:
  Server Component:
    ./app/hand-tracking/components/FileCodePanel.tsx
    ./app/hand-tracking/components/StepDetail.tsx
    ./app/hand-tracking/[stepId]/page.tsx @ http://localhost:3000/_next/static/chunks/node_modules_next_dist_1e8vcs8._.js:1052
[  563602ms] [ERROR] ./app/hand-tracking/components/FileCodePanel.tsx:5:1
Error: Export newLineGroups doesn't exist in target module
  3 | import { useState } from "react";
  4 | import type { FileSnapshot } from "../data/types";
> 5 | import { describeNewLines, newLineGroups } from "../lib/code";
    | ^^^^^^^^^^^^^^^^^^^^^^^^^^^^^^^^^^^^^^^^^^^^^^^^^^^^^^^^^^^^^^
  6 | import { NoCopyWrapper } from "./NoCopyWrapper";
  7 |
  8 | export function FileCodePanel({ file }: { file: FileSnapshot }) {

The export newLineGroups was not found in module [project]/app/hand-tracking/lib/code.ts [app-ssr] (ecmascript).
Did you mean to import newLineGroupsWithContext?
All exports of the module are statically known (It doesn't have dynamic exports). So it's known statically that the requested export doesn't exist.

Import trace:
  Server Component:
    ./app/hand-tracking/components/FileCodePanel.tsx
    ./app/hand-tracking/components/StepDetail.tsx
    ./app/hand-tracking/[stepId]/page.tsx @ http://localhost:3000/_next/static/chunks/node_modules_next_dist_1e8vcs8._.js:1052
[  563662ms] [ERROR] ./app/hand-tracking/components/FileCodePanel.tsx:5:1
Error: Export newLineGroups doesn't exist in target module
  3 | import { useState } from "react";
  4 | import type { FileSnapshot } from "../data/types";
> 5 | import { describeNewLines, newLineGroups } from "../lib/code";
    | ^^^^^^^^^^^^^^^^^^^^^^^^^^^^^^^^^^^^^^^^^^^^^^^^^^^^^^^^^^^^^^
  6 | import { NoCopyWrapper } from "./NoCopyWrapper";
  7 |
  8 | export function FileCodePanel({ file }: { file: FileSnapshot }) {

The export newLineGroups was not found in module [project]/app/hand-tracking/lib/code.ts [app-client] (ecmascript).
Did you mean to import newLineGroupsWithContext?
All exports of the module are statically known (It doesn't have dynamic exports). So it's known statically that the requested export doesn't exist.

Import trace:
  Server Component:
    ./app/hand-tracking/components/FileCodePanel.tsx
    ./app/hand-tracking/components/StepDetail.tsx
    ./app/hand-tracking/[stepId]/page.tsx @ http://localhost:3000/_next/static/chunks/node_modules_next_dist_1e8vcs8._.js:1052
[  563663ms] [ERROR] ./app/hand-tracking/components/FileCodePanel.tsx:5:1
Error: Export newLineGroups doesn't exist in target module
  3 | import { useState } from "react";
  4 | import type { FileSnapshot } from "../data/types";
> 5 | import { describeNewLines, newLineGroups } from "../lib/code";
    | ^^^^^^^^^^^^^^^^^^^^^^^^^^^^^^^^^^^^^^^^^^^^^^^^^^^^^^^^^^^^^^
  6 | import { NoCopyWrapper } from "./NoCopyWrapper";
  7 |
  8 | export function FileCodePanel({ file }: { file: FileSnapshot }) {

The export newLineGroups was not found in module [project]/app/hand-tracking/lib/code.ts [app-ssr] (ecmascript).
Did you mean to import newLineGroupsWithContext?
All exports of the module are statically known (It doesn't have dynamic exports). So it's known statically that the requested export doesn't exist.

Import trace:
  Server Component:
    ./app/hand-tracking/components/FileCodePanel.tsx
    ./app/hand-tracking/components/StepDetail.tsx
    ./app/hand-tracking/[stepId]/page.tsx @ http://localhost:3000/_next/static/chunks/node_modules_next_dist_1e8vcs8._.js:1052
[  563724ms] [ERROR] ./app/hand-tracking/components/FileCodePanel.tsx:5:1
Error: Export newLineGroups doesn't exist in target module
  3 | import { useState } from "react";
  4 | import type { FileSnapshot } from "../data/types";
> 5 | import { describeNewLines, newLineGroups } from "../lib/code";
    | ^^^^^^^^^^^^^^^^^^^^^^^^^^^^^^^^^^^^^^^^^^^^^^^^^^^^^^^^^^^^^^
  6 | import { NoCopyWrapper } from "./NoCopyWrapper";
  7 |
  8 | export function FileCodePanel({ file }: { file: FileSnapshot }) {

The export newLineGroups was not found in module [project]/app/hand-tracking/lib/code.ts [app-client] (ecmascript).
Did you mean to import newLineGroupsWithContext?
All exports of the module are statically known (It doesn't have dynamic exports). So it's known statically that the requested export doesn't exist.

Import trace:
  Server Component:
    ./app/hand-tracking/components/FileCodePanel.tsx
    ./app/hand-tracking/components/StepDetail.tsx
    ./app/hand-tracking/[stepId]/page.tsx @ http://localhost:3000/_next/static/chunks/node_modules_next_dist_1e8vcs8._.js:1052
[  563725ms] [ERROR] ./app/hand-tracking/components/FileCodePanel.tsx:5:1
Error: Export newLineGroups doesn't exist in target module
  3 | import { useState } from "react";
  4 | import type { FileSnapshot } from "../data/types";
> 5 | import { describeNewLines, newLineGroups } from "../lib/code";
    | ^^^^^^^^^^^^^^^^^^^^^^^^^^^^^^^^^^^^^^^^^^^^^^^^^^^^^^^^^^^^^^
  6 | import { NoCopyWrapper } from "./NoCopyWrapper";
  7 |
  8 | export function FileCodePanel({ file }: { file: FileSnapshot }) {

The export newLineGroups was not found in module [project]/app/hand-tracking/lib/code.ts [app-ssr] (ecmascript).
Did you mean to import newLineGroupsWithContext?
All exports of the module are statically known (It doesn't have dynamic exports). So it's known statically that the requested export doesn't exist.

Import trace:
  Server Component:
    ./app/hand-tracking/components/FileCodePanel.tsx
    ./app/hand-tracking/components/StepDetail.tsx
    ./app/hand-tracking/[stepId]/page.tsx @ http://localhost:3000/_next/static/chunks/node_modules_next_dist_1e8vcs8._.js:1052
[  563785ms] [ERROR] ./app/hand-tracking/components/FileCodePanel.tsx:5:1
Error: Export newLineGroups doesn't exist in target module
  3 | import { useState } from "react";
  4 | import type { FileSnapshot } from "../data/types";
> 5 | import { describeNewLines, newLineGroups } from "../lib/code";
    | ^^^^^^^^^^^^^^^^^^^^^^^^^^^^^^^^^^^^^^^^^^^^^^^^^^^^^^^^^^^^^^
  6 | import { NoCopyWrapper } from "./NoCopyWrapper";
  7 |
  8 | export function FileCodePanel({ file }: { file: FileSnapshot }) {

The export newLineGroups was not found in module [project]/app/hand-tracking/lib/code.ts [app-client] (ecmascript).
Did you mean to import newLineGroupsWithContext?
All exports of the module are statically known (It doesn't have dynamic exports). So it's known statically that the requested export doesn't exist.

Import trace:
  Server Component:
    ./app/hand-tracking/components/FileCodePanel.tsx
    ./app/hand-tracking/components/StepDetail.tsx
    ./app/hand-tracking/[stepId]/page.tsx @ http://localhost:3000/_next/static/chunks/node_modules_next_dist_1e8vcs8._.js:1052
[  563785ms] [ERROR] ./app/hand-tracking/components/FileCodePanel.tsx:5:1
Error: Export newLineGroups doesn't exist in target module
  3 | import { useState } from "react";
  4 | import type { FileSnapshot } from "../data/types";
> 5 | import { describeNewLines, newLineGroups } from "../lib/code";
    | ^^^^^^^^^^^^^^^^^^^^^^^^^^^^^^^^^^^^^^^^^^^^^^^^^^^^^^^^^^^^^^
  6 | import { NoCopyWrapper } from "./NoCopyWrapper";
  7 |
  8 | export function FileCodePanel({ file }: { file: FileSnapshot }) {

The export newLineGroups was not found in module [project]/app/hand-tracking/lib/code.ts [app-ssr] (ecmascript).
Did you mean to import newLineGroupsWithContext?
All exports of the module are statically known (It doesn't have dynamic exports). So it's known statically that the requested export doesn't exist.

Import trace:
  Server Component:
    ./app/hand-tracking/components/FileCodePanel.tsx
    ./app/hand-tracking/components/StepDetail.tsx
    ./app/hand-tracking/[stepId]/page.tsx @ http://localhost:3000/_next/static/chunks/node_modules_next_dist_1e8vcs8._.js:1052
[  563846ms] [ERROR] ./app/hand-tracking/components/FileCodePanel.tsx:5:1
Error: Export newLineGroups doesn't exist in target module
  3 | import { useState } from "react";
  4 | import type { FileSnapshot } from "../data/types";
> 5 | import { describeNewLines, newLineGroups } from "../lib/code";
    | ^^^^^^^^^^^^^^^^^^^^^^^^^^^^^^^^^^^^^^^^^^^^^^^^^^^^^^^^^^^^^^
  6 | import { NoCopyWrapper } from "./NoCopyWrapper";
  7 |
  8 | export function FileCodePanel({ file }: { file: FileSnapshot }) {

The export newLineGroups was not found in module [project]/app/hand-tracking/lib/code.ts [app-client] (ecmascript).
Did you mean to import newLineGroupsWithContext?
All exports of the module are statically known (It doesn't have dynamic exports). So it's known statically that the requested export doesn't exist.

Import trace:
  Server Component:
    ./app/hand-tracking/components/FileCodePanel.tsx
    ./app/hand-tracking/components/StepDetail.tsx
    ./app/hand-tracking/[stepId]/page.tsx @ http://localhost:3000/_next/static/chunks/node_modules_next_dist_1e8vcs8._.js:1052
[  563847ms] [ERROR] ./app/hand-tracking/components/FileCodePanel.tsx:5:1
Error: Export newLineGroups doesn't exist in target module
  3 | import { useState } from "react";
  4 | import type { FileSnapshot } from "../data/types";
> 5 | import { describeNewLines, newLineGroups } from "../lib/code";
    | ^^^^^^^^^^^^^^^^^^^^^^^^^^^^^^^^^^^^^^^^^^^^^^^^^^^^^^^^^^^^^^
  6 | import { NoCopyWrapper } from "./NoCopyWrapper";
  7 |
  8 | export function FileCodePanel({ file }: { file: FileSnapshot }) {

The export newLineGroups was not found in module [project]/app/hand-tracking/lib/code.ts [app-ssr] (ecmascript).
Did you mean to import newLineGroupsWithContext?
All exports of the module are statically known (It doesn't have dynamic exports). So it's known statically that the requested export doesn't exist.

Import trace:
  Server Component:
    ./app/hand-tracking/components/FileCodePanel.tsx
    ./app/hand-tracking/components/StepDetail.tsx
    ./app/hand-tracking/[stepId]/page.tsx @ http://localhost:3000/_next/static/chunks/node_modules_next_dist_1e8vcs8._.js:1052
[  563910ms] [ERROR] ./app/hand-tracking/components/FileCodePanel.tsx:5:1
Error: Export newLineGroups doesn't exist in target module
  3 | import { useState } from "react";
  4 | import type { FileSnapshot } from "../data/types";
> 5 | import { describeNewLines, newLineGroups } from "../lib/code";
    | ^^^^^^^^^^^^^^^^^^^^^^^^^^^^^^^^^^^^^^^^^^^^^^^^^^^^^^^^^^^^^^
  6 | import { NoCopyWrapper } from "./NoCopyWrapper";
  7 |
  8 | export function FileCodePanel({ file }: { file: FileSnapshot }) {

The export newLineGroups was not found in module [project]/app/hand-tracking/lib/code.ts [app-client] (ecmascript).
Did you mean to import newLineGroupsWithContext?
All exports of the module are statically known (It doesn't have dynamic exports). So it's known statically that the requested export doesn't exist.

Import trace:
  Server Component:
    ./app/hand-tracking/components/FileCodePanel.tsx
    ./app/hand-tracking/components/StepDetail.tsx
    ./app/hand-tracking/[stepId]/page.tsx @ http://localhost:3000/_next/static/chunks/node_modules_next_dist_1e8vcs8._.js:1052
[  563911ms] [ERROR] ./app/hand-tracking/components/FileCodePanel.tsx:5:1
Error: Export newLineGroups doesn't exist in target module
  3 | import { useState } from "react";
  4 | import type { FileSnapshot } from "../data/types";
> 5 | import { describeNewLines, newLineGroups } from "../lib/code";
    | ^^^^^^^^^^^^^^^^^^^^^^^^^^^^^^^^^^^^^^^^^^^^^^^^^^^^^^^^^^^^^^
  6 | import { NoCopyWrapper } from "./NoCopyWrapper";
  7 |
  8 | export function FileCodePanel({ file }: { file: FileSnapshot }) {

The export newLineGroups was not found in module [project]/app/hand-tracking/lib/code.ts [app-ssr] (ecmascript).
Did you mean to import newLineGroupsWithContext?
All exports of the module are statically known (It doesn't have dynamic exports). So it's known statically that the requested export doesn't exist.

Import trace:
  Server Component:
    ./app/hand-tracking/components/FileCodePanel.tsx
    ./app/hand-tracking/components/StepDetail.tsx
    ./app/hand-tracking/[stepId]/page.tsx @ http://localhost:3000/_next/static/chunks/node_modules_next_dist_1e8vcs8._.js:1052
[  563972ms] [ERROR] ./app/hand-tracking/components/FileCodePanel.tsx:5:1
Error: Export newLineGroups doesn't exist in target module
  3 | import { useState } from "react";
  4 | import type { FileSnapshot } from "../data/types";
> 5 | import { describeNewLines, newLineGroups } from "../lib/code";
    | ^^^^^^^^^^^^^^^^^^^^^^^^^^^^^^^^^^^^^^^^^^^^^^^^^^^^^^^^^^^^^^
  6 | import { NoCopyWrapper } from "./NoCopyWrapper";
  7 |
  8 | export function FileCodePanel({ file }: { file: FileSnapshot }) {

The export newLineGroups was not found in module [project]/app/hand-tracking/lib/code.ts [app-client] (ecmascript).
Did you mean to import newLineGroupsWithContext?
All exports of the module are statically known (It doesn't have dynamic exports). So it's known statically that the requested export doesn't exist.

Import trace:
  Server Component:
    ./app/hand-tracking/components/FileCodePanel.tsx
    ./app/hand-tracking/components/StepDetail.tsx
    ./app/hand-tracking/[stepId]/page.tsx @ http://localhost:3000/_next/static/chunks/node_modules_next_dist_1e8vcs8._.js:1052
[  563972ms] [ERROR] ./app/hand-tracking/components/FileCodePanel.tsx:5:1
Error: Export newLineGroups doesn't exist in target module
  3 | import { useState } from "react";
  4 | import type { FileSnapshot } from "../data/types";
> 5 | import { describeNewLines, newLineGroups } from "../lib/code";
    | ^^^^^^^^^^^^^^^^^^^^^^^^^^^^^^^^^^^^^^^^^^^^^^^^^^^^^^^^^^^^^^
  6 | import { NoCopyWrapper } from "./NoCopyWrapper";
  7 |
  8 | export function FileCodePanel({ file }: { file: FileSnapshot }) {

The export newLineGroups was not found in module [project]/app/hand-tracking/lib/code.ts [app-ssr] (ecmascript).
Did you mean to import newLineGroupsWithContext?
All exports of the module are statically known (It doesn't have dynamic exports). So it's known statically that the requested export doesn't exist.

Import trace:
  Server Component:
    ./app/hand-tracking/components/FileCodePanel.tsx
    ./app/hand-tracking/components/StepDetail.tsx
    ./app/hand-tracking/[stepId]/page.tsx @ http://localhost:3000/_next/static/chunks/node_modules_next_dist_1e8vcs8._.js:1052
[  564035ms] [ERROR] ./app/hand-tracking/components/FileCodePanel.tsx:5:1
Error: Export newLineGroups doesn't exist in target module
  3 | import { useState } from "react";
  4 | import type { FileSnapshot } from "../data/types";
> 5 | import { describeNewLines, newLineGroups } from "../lib/code";
    | ^^^^^^^^^^^^^^^^^^^^^^^^^^^^^^^^^^^^^^^^^^^^^^^^^^^^^^^^^^^^^^
  6 | import { NoCopyWrapper } from "./NoCopyWrapper";
  7 |
  8 | export function FileCodePanel({ file }: { file: FileSnapshot }) {

The export newLineGroups was not found in module [project]/app/hand-tracking/lib/code.ts [app-client] (ecmascript).
Did you mean to import newLineGroupsWithContext?
All exports of the module are statically known (It doesn't have dynamic exports). So it's known statically that the requested export doesn't exist.

Import trace:
  Server Component:
    ./app/hand-tracking/components/FileCodePanel.tsx
    ./app/hand-tracking/components/StepDetail.tsx
    ./app/hand-tracking/[stepId]/page.tsx @ http://localhost:3000/_next/static/chunks/node_modules_next_dist_1e8vcs8._.js:1052
[  564036ms] [ERROR] ./app/hand-tracking/components/FileCodePanel.tsx:5:1
Error: Export newLineGroups doesn't exist in target module
  3 | import { useState } from "react";
  4 | import type { FileSnapshot } from "../data/types";
> 5 | import { describeNewLines, newLineGroups } from "../lib/code";
    | ^^^^^^^^^^^^^^^^^^^^^^^^^^^^^^^^^^^^^^^^^^^^^^^^^^^^^^^^^^^^^^
  6 | import { NoCopyWrapper } from "./NoCopyWrapper";
  7 |
  8 | export function FileCodePanel({ file }: { file: FileSnapshot }) {

The export newLineGroups was not found in module [project]/app/hand-tracking/lib/code.ts [app-ssr] (ecmascript).
Did you mean to import newLineGroupsWithContext?
All exports of the module are statically known (It doesn't have dynamic exports). So it's known statically that the requested export doesn't exist.

Import trace:
  Server Component:
    ./app/hand-tracking/components/FileCodePanel.tsx
    ./app/hand-tracking/components/StepDetail.tsx
    ./app/hand-tracking/[stepId]/page.tsx @ http://localhost:3000/_next/static/chunks/node_modules_next_dist_1e8vcs8._.js:1052
[  564098ms] [ERROR] ./app/hand-tracking/components/FileCodePanel.tsx:5:1
Error: Export newLineGroups doesn't exist in target module
  3 | import { useState } from "react";
  4 | import type { FileSnapshot } from "../data/types";
> 5 | import { describeNewLines, newLineGroups } from "../lib/code";
    | ^^^^^^^^^^^^^^^^^^^^^^^^^^^^^^^^^^^^^^^^^^^^^^^^^^^^^^^^^^^^^^
  6 | import { NoCopyWrapper } from "./NoCopyWrapper";
  7 |
  8 | export function FileCodePanel({ file }: { file: FileSnapshot }) {

The export newLineGroups was not found in module [project]/app/hand-tracking/lib/code.ts [app-client] (ecmascript).
Did you mean to import newLineGroupsWithContext?
All exports of the module are statically known (It doesn't have dynamic exports). So it's known statically that the requested export doesn't exist.

Import trace:
  Server Component:
    ./app/hand-tracking/components/FileCodePanel.tsx
    ./app/hand-tracking/components/StepDetail.tsx
    ./app/hand-tracking/[stepId]/page.tsx @ http://localhost:3000/_next/static/chunks/node_modules_next_dist_1e8vcs8._.js:1052
[  564098ms] [ERROR] ./app/hand-tracking/components/FileCodePanel.tsx:5:1
Error: Export newLineGroups doesn't exist in target module
  3 | import { useState } from "react";
  4 | import type { FileSnapshot } from "../data/types";
> 5 | import { describeNewLines, newLineGroups } from "../lib/code";
    | ^^^^^^^^^^^^^^^^^^^^^^^^^^^^^^^^^^^^^^^^^^^^^^^^^^^^^^^^^^^^^^
  6 | import { NoCopyWrapper } from "./NoCopyWrapper";
  7 |
  8 | export function FileCodePanel({ file }: { file: FileSnapshot }) {

The export newLineGroups was not found in module [project]/app/hand-tracking/lib/code.ts [app-ssr] (ecmascript).
Did you mean to import newLineGroupsWithContext?
All exports of the module are statically known (It doesn't have dynamic exports). So it's known statically that the requested export doesn't exist.

Import trace:
  Server Component:
    ./app/hand-tracking/components/FileCodePanel.tsx
    ./app/hand-tracking/components/StepDetail.tsx
    ./app/hand-tracking/[stepId]/page.tsx @ http://localhost:3000/_next/static/chunks/node_modules_next_dist_1e8vcs8._.js:1052
[  564162ms] [ERROR] ./app/hand-tracking/components/FileCodePanel.tsx:5:1
Error: Export newLineGroups doesn't exist in target module
  3 | import { useState } from "react";
  4 | import type { FileSnapshot } from "../data/types";
> 5 | import { describeNewLines, newLineGroups } from "../lib/code";
    | ^^^^^^^^^^^^^^^^^^^^^^^^^^^^^^^^^^^^^^^^^^^^^^^^^^^^^^^^^^^^^^
  6 | import { NoCopyWrapper } from "./NoCopyWrapper";
  7 |
  8 | export function FileCodePanel({ file }: { file: FileSnapshot }) {

The export newLineGroups was not found in module [project]/app/hand-tracking/lib/code.ts [app-client] (ecmascript).
Did you mean to import newLineGroupsWithContext?
All exports of the module are statically known (It doesn't have dynamic exports). So it's known statically that the requested export doesn't exist.

Import trace:
  Server Component:
    ./app/hand-tracking/components/FileCodePanel.tsx
    ./app/hand-tracking/components/StepDetail.tsx
    ./app/hand-tracking/[stepId]/page.tsx @ http://localhost:3000/_next/static/chunks/node_modules_next_dist_1e8vcs8._.js:1052
[  564163ms] [ERROR] ./app/hand-tracking/components/FileCodePanel.tsx:5:1
Error: Export newLineGroups doesn't exist in target module
  3 | import { useState } from "react";
  4 | import type { FileSnapshot } from "../data/types";
> 5 | import { describeNewLines, newLineGroups } from "../lib/code";
    | ^^^^^^^^^^^^^^^^^^^^^^^^^^^^^^^^^^^^^^^^^^^^^^^^^^^^^^^^^^^^^^
  6 | import { NoCopyWrapper } from "./NoCopyWrapper";
  7 |
  8 | export function FileCodePanel({ file }: { file: FileSnapshot }) {

The export newLineGroups was not found in module [project]/app/hand-tracking/lib/code.ts [app-ssr] (ecmascript).
Did you mean to import newLineGroupsWithContext?
All exports of the module are statically known (It doesn't have dynamic exports). So it's known statically that the requested export doesn't exist.

Import trace:
  Server Component:
    ./app/hand-tracking/components/FileCodePanel.tsx
    ./app/hand-tracking/components/StepDetail.tsx
    ./app/hand-tracking/[stepId]/page.tsx @ http://localhost:3000/_next/static/chunks/node_modules_next_dist_1e8vcs8._.js:1052
[  564377ms] [LOG] [Fast Refresh] rebuilding @ http://localhost:3000/_next/static/chunks/node_modules_next_dist_1e8vcs8._.js:776
[  564397ms] [ERROR] ./app/hand-tracking/components/FileCodePanel.tsx:5:1
Error: Export newLineGroups doesn't exist in target module
  3 | import { useState } from "react";
  4 | import type { FileSnapshot } from "../data/types";
> 5 | import { describeNewLines, newLineGroups } from "../lib/code";
    | ^^^^^^^^^^^^^^^^^^^^^^^^^^^^^^^^^^^^^^^^^^^^^^^^^^^^^^^^^^^^^^
  6 | import { NoCopyWrapper } from "./NoCopyWrapper";
  7 |
  8 | export function FileCodePanel({ file }: { file: FileSnapshot }) {

The export newLineGroups was not found in module [project]/app/hand-tracking/lib/code.ts [app-client] (ecmascript).
Did you mean to import newLineGroupsWithContext?
All exports of the module are statically known (It doesn't have dynamic exports). So it's known statically that the requested export doesn't exist.

Import trace:
  Server Component:
    ./app/hand-tracking/components/FileCodePanel.tsx
    ./app/hand-tracking/components/StepDetail.tsx
    ./app/hand-tracking/[stepId]/page.tsx @ http://localhost:3000/_next/static/chunks/node_modules_next_dist_1e8vcs8._.js:1052
[  564400ms] [ERROR] ./app/hand-tracking/components/FileCodePanel.tsx:5:1
Error: Export newLineGroups doesn't exist in target module
  3 | import { useState } from "react";
  4 | import type { FileSnapshot } from "../data/types";
> 5 | import { describeNewLines, newLineGroups } from "../lib/code";
    | ^^^^^^^^^^^^^^^^^^^^^^^^^^^^^^^^^^^^^^^^^^^^^^^^^^^^^^^^^^^^^^
  6 | import { NoCopyWrapper } from "./NoCopyWrapper";
  7 |
  8 | export function FileCodePanel({ file }: { file: FileSnapshot }) {

The export newLineGroups was not found in module [project]/app/hand-tracking/lib/code.ts [app-ssr] (ecmascript).
Did you mean to import newLineGroupsWithContext?
All exports of the module are statically known (It doesn't have dynamic exports). So it's known statically that the requested export doesn't exist.

Import trace:
  Server Component:
    ./app/hand-tracking/components/FileCodePanel.tsx
    ./app/hand-tracking/components/StepDetail.tsx
    ./app/hand-tracking/[stepId]/page.tsx @ http://localhost:3000/_next/static/chunks/node_modules_next_dist_1e8vcs8._.js:1052
[  564471ms] [ERROR] ./app/hand-tracking/components/FileCodePanel.tsx:5:1
Error: Export newLineGroups doesn't exist in target module
  3 | import { useState } from "react";
  4 | import type { FileSnapshot } from "../data/types";
> 5 | import { describeNewLines, newLineGroups } from "../lib/code";
    | ^^^^^^^^^^^^^^^^^^^^^^^^^^^^^^^^^^^^^^^^^^^^^^^^^^^^^^^^^^^^^^
  6 | import { NoCopyWrapper } from "./NoCopyWrapper";
  7 |
  8 | export function FileCodePanel({ file }: { file: FileSnapshot }) {

The export newLineGroups was not found in module [project]/app/hand-tracking/lib/code.ts [app-client] (ecmascript).
Did you mean to import newLineGroupsWithContext?
All exports of the module are statically known (It doesn't have dynamic exports). So it's known statically that the requested export doesn't exist.

Import trace:
  Server Component:
    ./app/hand-tracking/components/FileCodePanel.tsx
    ./app/hand-tracking/components/StepDetail.tsx
    ./app/hand-tracking/[stepId]/page.tsx @ http://localhost:3000/_next/static/chunks/node_modules_next_dist_1e8vcs8._.js:1052
[  564471ms] [ERROR] ./app/hand-tracking/components/FileCodePanel.tsx:5:1
Error: Export newLineGroups doesn't exist in target module
  3 | import { useState } from "react";
  4 | import type { FileSnapshot } from "../data/types";
> 5 | import { describeNewLines, newLineGroups } from "../lib/code";
    | ^^^^^^^^^^^^^^^^^^^^^^^^^^^^^^^^^^^^^^^^^^^^^^^^^^^^^^^^^^^^^^
  6 | import { NoCopyWrapper } from "./NoCopyWrapper";
  7 |
  8 | export function FileCodePanel({ file }: { file: FileSnapshot }) {

The export newLineGroups was not found in module [project]/app/hand-tracking/lib/code.ts [app-ssr] (ecmascript).
Did you mean to import newLineGroupsWithContext?
All exports of the module are statically known (It doesn't have dynamic exports). So it's known statically that the requested export doesn't exist.

Import trace:
  Server Component:
    ./app/hand-tracking/components/FileCodePanel.tsx
    ./app/hand-tracking/components/StepDetail.tsx
    ./app/hand-tracking/[stepId]/page.tsx @ http://localhost:3000/_next/static/chunks/node_modules_next_dist_1e8vcs8._.js:1052
[  564951ms] [LOG] [Fast Refresh] rebuilding @ http://localhost:3000/_next/static/chunks/node_modules_next_dist_1e8vcs8._.js:776
[  565036ms] [LOG] [Fast Refresh] done in 163ms @ http://localhost:3000/_next/static/chunks/node_modules_next_dist_1e8vcs8._.js:776
[  580796ms] [LOG] [Fast Refresh] rebuilding @ http://localhost:3000/_next/static/chunks/node_modules_next_dist_1e8vcs8._.js:776
[  580854ms] [LOG] [Fast Refresh] done in 35ms @ http://localhost:3000/_next/static/chunks/node_modules_next_dist_1e8vcs8._.js:776
[  580994ms] [LOG] [Fast Refresh] done in 35ms @ http://localhost:3000/_next/static/chunks/node_modules_next_dist_1e8vcs8._.js:776
[  581055ms] [LOG] [Fast Refresh] done in 35ms @ http://localhost:3000/_next/static/chunks/node_modules_next_dist_1e8vcs8._.js:776
[  581117ms] [LOG] [Fast Refresh] done in 35ms @ http://localhost:3000/_next/static/chunks/node_modules_next_dist_1e8vcs8._.js:776
[  581179ms] [LOG] [Fast Refresh] done in 35ms @ http://localhost:3000/_next/static/chunks/node_modules_next_dist_1e8vcs8._.js:776
[  581243ms] [LOG] [Fast Refresh] done in 35ms @ http://localhost:3000/_next/static/chunks/node_modules_next_dist_1e8vcs8._.js:776
[  581304ms] [LOG] [Fast Refresh] done in 35ms @ http://localhost:3000/_next/static/chunks/node_modules_next_dist_1e8vcs8._.js:776
[  581367ms] [LOG] [Fast Refresh] done in 35ms @ http://localhost:3000/_next/static/chunks/node_modules_next_dist_1e8vcs8._.js:776
[  581429ms] [LOG] [Fast Refresh] done in 35ms @ http://localhost:3000/_next/static/chunks/node_modules_next_dist_1e8vcs8._.js:776
[  581493ms] [LOG] [Fast Refresh] done in 35ms @ http://localhost:3000/_next/static/chunks/node_modules_next_dist_1e8vcs8._.js:776
[  581553ms] [LOG] [Fast Refresh] done in 35ms @ http://localhost:3000/_next/static/chunks/node_modules_next_dist_1e8vcs8._.js:776
[  581615ms] [LOG] [Fast Refresh] done in 35ms @ http://localhost:3000/_next/static/chunks/node_modules_next_dist_1e8vcs8._.js:776
[  581677ms] [LOG] [Fast Refresh] done in 35ms @ http://localhost:3000/_next/static/chunks/node_modules_next_dist_1e8vcs8._.js:776
[  581743ms] [LOG] [Fast Refresh] done in 35ms @ http://localhost:3000/_next/static/chunks/node_modules_next_dist_1e8vcs8._.js:776
[  581804ms] [LOG] [Fast Refresh] done in 35ms @ http://localhost:3000/_next/static/chunks/node_modules_next_dist_1e8vcs8._.js:776
[  581867ms] [LOG] [Fast Refresh] done in 35ms @ http://localhost:3000/_next/static/chunks/node_modules_next_dist_1e8vcs8._.js:776
[  581927ms] [LOG] [Fast Refresh] done in 35ms @ http://localhost:3000/_next/static/chunks/node_modules_next_dist_1e8vcs8._.js:776
[  581990ms] [LOG] [Fast Refresh] done in 35ms @ http://localhost:3000/_next/static/chunks/node_modules_next_dist_1e8vcs8._.js:776
[  582052ms] [LOG] [Fast Refresh] done in 35ms @ http://localhost:3000/_next/static/chunks/node_modules_next_dist_1e8vcs8._.js:776
[  582115ms] [LOG] [Fast Refresh] done in 35ms @ http://localhost:3000/_next/static/chunks/node_modules_next_dist_1e8vcs8._.js:776
[  582177ms] [LOG] [Fast Refresh] done in 35ms @ http://localhost:3000/_next/static/chunks/node_modules_next_dist_1e8vcs8._.js:776
[  582239ms] [LOG] [Fast Refresh] done in 35ms @ http://localhost:3000/_next/static/chunks/node_modules_next_dist_1e8vcs8._.js:776
[  582300ms] [LOG] [Fast Refresh] done in 35ms @ http://localhost:3000/_next/static/chunks/node_modules_next_dist_1e8vcs8._.js:776
[  582363ms] [LOG] [Fast Refresh] done in 35ms @ http://localhost:3000/_next/static/chunks/node_modules_next_dist_1e8vcs8._.js:776
[  582427ms] [LOG] [Fast Refresh] done in 35ms @ http://localhost:3000/_next/static/chunks/node_modules_next_dist_1e8vcs8._.js:776
[  582490ms] [LOG] [Fast Refresh] done in 35ms @ http://localhost:3000/_next/static/chunks/node_modules_next_dist_1e8vcs8._.js:776
[  582552ms] [LOG] [Fast Refresh] done in 35ms @ http://localhost:3000/_next/static/chunks/node_modules_next_dist_1e8vcs8._.js:776
[  582614ms] [LOG] [Fast Refresh] done in 35ms @ http://localhost:3000/_next/static/chunks/node_modules_next_dist_1e8vcs8._.js:776
[  582676ms] [LOG] [Fast Refresh] done in 35ms @ http://localhost:3000/_next/static/chunks/node_modules_next_dist_1e8vcs8._.js:776
[  582756ms] [LOG] [Fast Refresh] done in 35ms @ http://localhost:3000/_next/static/chunks/node_modules_next_dist_1e8vcs8._.js:776
[  582833ms] [LOG] [Fast Refresh] done in 35ms @ http://localhost:3000/_next/static/chunks/node_modules_next_dist_1e8vcs8._.js:776
[  582895ms] [LOG] [Fast Refresh] done in 35ms @ http://localhost:3000/_next/static/chunks/node_modules_next_dist_1e8vcs8._.js:776
[  582957ms] [LOG] [Fast Refresh] done in 35ms @ http://localhost:3000/_next/static/chunks/node_modules_next_dist_1e8vcs8._.js:776
[  583021ms] [LOG] [Fast Refresh] done in 35ms @ http://localhost:3000/_next/static/chunks/node_modules_next_dist_1e8vcs8._.js:776
[  583080ms] [LOG] [Fast Refresh] done in 35ms @ http://localhost:3000/_next/static/chunks/node_modules_next_dist_1e8vcs8._.js:776
[  583144ms] [LOG] [Fast Refresh] done in 35ms @ http://localhost:3000/_next/static/chunks/node_modules_next_dist_1e8vcs8._.js:776
[  583206ms] [LOG] [Fast Refresh] done in 35ms @ http://localhost:3000/_next/static/chunks/node_modules_next_dist_1e8vcs8._.js:776
[  583269ms] [LOG] [Fast Refresh] done in 35ms @ http://localhost:3000/_next/static/chunks/node_modules_next_dist_1e8vcs8._.js:776
[  583333ms] [LOG] [Fast Refresh] done in 35ms @ http://localhost:3000/_next/static/chunks/node_modules_next_dist_1e8vcs8._.js:776
[  583395ms] [LOG] [Fast Refresh] done in 35ms @ http://localhost:3000/_next/static/chunks/node_modules_next_dist_1e8vcs8._.js:776
[  583456ms] [LOG] [Fast Refresh] done in 35ms @ http://localhost:3000/_next/static/chunks/node_modules_next_dist_1e8vcs8._.js:776
[  583517ms] [LOG] [Fast Refresh] done in 35ms @ http://localhost:3000/_next/static/chunks/node_modules_next_dist_1e8vcs8._.js:776
[  583579ms] [LOG] [Fast Refresh] done in 35ms @ http://localhost:3000/_next/static/chunks/node_modules_next_dist_1e8vcs8._.js:776
[  583642ms] [LOG] [Fast Refresh] done in 35ms @ http://localhost:3000/_next/static/chunks/node_modules_next_dist_1e8vcs8._.js:776
[  583703ms] [LOG] [Fast Refresh] done in 35ms @ http://localhost:3000/_next/static/chunks/node_modules_next_dist_1e8vcs8._.js:776
[  583767ms] [LOG] [Fast Refresh] done in 35ms @ http://localhost:3000/_next/static/chunks/node_modules_next_dist_1e8vcs8._.js:776
[  583827ms] [LOG] [Fast Refresh] done in 35ms @ http://localhost:3000/_next/static/chunks/node_modules_next_dist_1e8vcs8._.js:776
[  583887ms] [LOG] [Fast Refresh] done in 35ms @ http://localhost:3000/_next/static/chunks/node_modules_next_dist_1e8vcs8._.js:776
[  583951ms] [LOG] [Fast Refresh] done in 35ms @ http://localhost:3000/_next/static/chunks/node_modules_next_dist_1e8vcs8._.js:776
[  584011ms] [LOG] [Fast Refresh] done in 35ms @ http://localhost:3000/_next/static/chunks/node_modules_next_dist_1e8vcs8._.js:776
[  584073ms] [LOG] [Fast Refresh] done in 35ms @ http://localhost:3000/_next/static/chunks/node_modules_next_dist_1e8vcs8._.js:776
[  584136ms] [LOG] [Fast Refresh] done in 35ms @ http://localhost:3000/_next/static/chunks/node_modules_next_dist_1e8vcs8._.js:776
[  584200ms] [LOG] [Fast Refresh] done in 35ms @ http://localhost:3000/_next/static/chunks/node_modules_next_dist_1e8vcs8._.js:776
[  584262ms] [LOG] [Fast Refresh] done in 35ms @ http://localhost:3000/_next/static/chunks/node_modules_next_dist_1e8vcs8._.js:776
[  584325ms] [LOG] [Fast Refresh] done in 35ms @ http://localhost:3000/_next/static/chunks/node_modules_next_dist_1e8vcs8._.js:776
[  584386ms] [LOG] [Fast Refresh] done in 35ms @ http://localhost:3000/_next/static/chunks/node_modules_next_dist_1e8vcs8._.js:776
[  584447ms] [LOG] [Fast Refresh] done in 35ms @ http://localhost:3000/_next/static/chunks/node_modules_next_dist_1e8vcs8._.js:776
[  584511ms] [LOG] [Fast Refresh] done in 35ms @ http://localhost:3000/_next/static/chunks/node_modules_next_dist_1e8vcs8._.js:776
[  584572ms] [LOG] [Fast Refresh] done in 35ms @ http://localhost:3000/_next/static/chunks/node_modules_next_dist_1e8vcs8._.js:776
[  584635ms] [LOG] [Fast Refresh] done in 35ms @ http://localhost:3000/_next/static/chunks/node_modules_next_dist_1e8vcs8._.js:776
[  584698ms] [LOG] [Fast Refresh] done in 35ms @ http://localhost:3000/_next/static/chunks/node_modules_next_dist_1e8vcs8._.js:776
[  584761ms] [LOG] [Fast Refresh] done in 35ms @ http://localhost:3000/_next/static/chunks/node_modules_next_dist_1e8vcs8._.js:776
[  584822ms] [LOG] [Fast Refresh] done in 35ms @ http://localhost:3000/_next/static/chunks/node_modules_next_dist_1e8vcs8._.js:776
[  584884ms] [LOG] [Fast Refresh] done in 35ms @ http://localhost:3000/_next/static/chunks/node_modules_next_dist_1e8vcs8._.js:776
[  584947ms] [LOG] [Fast Refresh] done in 35ms @ http://localhost:3000/_next/static/chunks/node_modules_next_dist_1e8vcs8._.js:776
[  585010ms] [LOG] [Fast Refresh] done in 35ms @ http://localhost:3000/_next/static/chunks/node_modules_next_dist_1e8vcs8._.js:776
[  585074ms] [LOG] [Fast Refresh] done in 35ms @ http://localhost:3000/_next/static/chunks/node_modules_next_dist_1e8vcs8._.js:776
[  585136ms] [LOG] [Fast Refresh] done in 35ms @ http://localhost:3000/_next/static/chunks/node_modules_next_dist_1e8vcs8._.js:776
[  585198ms] [LOG] [Fast Refresh] done in 35ms @ http://localhost:3000/_next/static/chunks/node_modules_next_dist_1e8vcs8._.js:776
[  585259ms] [LOG] [Fast Refresh] done in 35ms @ http://localhost:3000/_next/static/chunks/node_modules_next_dist_1e8vcs8._.js:776
[  585322ms] [LOG] [Fast Refresh] done in 35ms @ http://localhost:3000/_next/static/chunks/node_modules_next_dist_1e8vcs8._.js:776
[  585383ms] [LOG] [Fast Refresh] done in 35ms @ http://localhost:3000/_next/static/chunks/node_modules_next_dist_1e8vcs8._.js:776
[  585446ms] [LOG] [Fast Refresh] done in 35ms @ http://localhost:3000/_next/static/chunks/node_modules_next_dist_1e8vcs8._.js:776
[  585509ms] [LOG] [Fast Refresh] done in 35ms @ http://localhost:3000/_next/static/chunks/node_modules_next_dist_1e8vcs8._.js:776
[  585571ms] [LOG] [Fast Refresh] done in 35ms @ http://localhost:3000/_next/static/chunks/node_modules_next_dist_1e8vcs8._.js:776
[  585633ms] [LOG] [Fast Refresh] done in 35ms @ http://localhost:3000/_next/static/chunks/node_modules_next_dist_1e8vcs8._.js:776
[  585695ms] [LOG] [Fast Refresh] done in 35ms @ http://localhost:3000/_next/static/chunks/node_modules_next_dist_1e8vcs8._.js:776
[  585756ms] [LOG] [Fast Refresh] done in 35ms @ http://localhost:3000/_next/static/chunks/node_modules_next_dist_1e8vcs8._.js:776
[  585818ms] [LOG] [Fast Refresh] done in 35ms @ http://localhost:3000/_next/static/chunks/node_modules_next_dist_1e8vcs8._.js:776
[  585879ms] [LOG] [Fast Refresh] done in 35ms @ http://localhost:3000/_next/static/chunks/node_modules_next_dist_1e8vcs8._.js:776
[  585942ms] [LOG] [Fast Refresh] done in 35ms @ http://localhost:3000/_next/static/chunks/node_modules_next_dist_1e8vcs8._.js:776
[  586004ms] [LOG] [Fast Refresh] done in 35ms @ http://localhost:3000/_next/static/chunks/node_modules_next_dist_1e8vcs8._.js:776
[  586067ms] [LOG] [Fast Refresh] done in 35ms @ http://localhost:3000/_next/static/chunks/node_modules_next_dist_1e8vcs8._.js:776
[  586129ms] [LOG] [Fast Refresh] done in 35ms @ http://localhost:3000/_next/static/chunks/node_modules_next_dist_1e8vcs8._.js:776
[  586192ms] [LOG] [Fast Refresh] done in 35ms @ http://localhost:3000/_next/static/chunks/node_modules_next_dist_1e8vcs8._.js:776
[  586254ms] [LOG] [Fast Refresh] done in 35ms @ http://localhost:3000/_next/static/chunks/node_modules_next_dist_1e8vcs8._.js:776
[  586317ms] [LOG] [Fast Refresh] done in 35ms @ http://localhost:3000/_next/static/chunks/node_modules_next_dist_1e8vcs8._.js:776
[  586380ms] [LOG] [Fast Refresh] done in 35ms @ http://localhost:3000/_next/static/chunks/node_modules_next_dist_1e8vcs8._.js:776
[  586442ms] [LOG] [Fast Refresh] done in 35ms @ http://localhost:3000/_next/static/chunks/node_modules_next_dist_1e8vcs8._.js:776
[  586504ms] [LOG] [Fast Refresh] done in 35ms @ http://localhost:3000/_next/static/chunks/node_modules_next_dist_1e8vcs8._.js:776
[  586567ms] [LOG] [Fast Refresh] done in 35ms @ http://localhost:3000/_next/static/chunks/node_modules_next_dist_1e8vcs8._.js:776
[  586628ms] [LOG] [Fast Refresh] done in 35ms @ http://localhost:3000/_next/static/chunks/node_modules_next_dist_1e8vcs8._.js:776
[  586692ms] [LOG] [Fast Refresh] done in 35ms @ http://localhost:3000/_next/static/chunks/node_modules_next_dist_1e8vcs8._.js:776
[  586752ms] [LOG] [Fast Refresh] done in 35ms @ http://localhost:3000/_next/static/chunks/node_modules_next_dist_1e8vcs8._.js:776
[  586815ms] [LOG] [Fast Refresh] done in 35ms @ http://localhost:3000/_next/static/chunks/node_modules_next_dist_1e8vcs8._.js:776
[  586876ms] [LOG] [Fast Refresh] done in 35ms @ http://localhost:3000/_next/static/chunks/node_modules_next_dist_1e8vcs8._.js:776
[  586938ms] [LOG] [Fast Refresh] done in 35ms @ http://localhost:3000/_next/static/chunks/node_modules_next_dist_1e8vcs8._.js:776
[  587001ms] [LOG] [Fast Refresh] done in 35ms @ http://localhost:3000/_next/static/chunks/node_modules_next_dist_1e8vcs8._.js:776
[  587063ms] [LOG] [Fast Refresh] done in 35ms @ http://localhost:3000/_next/static/chunks/node_modules_next_dist_1e8vcs8._.js:776
[  587126ms] [LOG] [Fast Refresh] done in 35ms @ http://localhost:3000/_next/static/chunks/node_modules_next_dist_1e8vcs8._.js:776
[  587188ms] [LOG] [Fast Refresh] done in 35ms @ http://localhost:3000/_next/static/chunks/node_modules_next_dist_1e8vcs8._.js:776
[  587251ms] [LOG] [Fast Refresh] done in 35ms @ http://localhost:3000/_next/static/chunks/node_modules_next_dist_1e8vcs8._.js:776
[  587314ms] [LOG] [Fast Refresh] done in 35ms @ http://localhost:3000/_next/static/chunks/node_modules_next_dist_1e8vcs8._.js:776
[  587375ms] [LOG] [Fast Refresh] done in 35ms @ http://localhost:3000/_next/static/chunks/node_modules_next_dist_1e8vcs8._.js:776
[  587438ms] [LOG] [Fast Refresh] done in 35ms @ http://localhost:3000/_next/static/chunks/node_modules_next_dist_1e8vcs8._.js:776
[  587500ms] [LOG] [Fast Refresh] done in 35ms @ http://localhost:3000/_next/static/chunks/node_modules_next_dist_1e8vcs8._.js:776
[  587561ms] [LOG] [Fast Refresh] done in 35ms @ http://localhost:3000/_next/static/chunks/node_modules_next_dist_1e8vcs8._.js:776
[  587623ms] [LOG] [Fast Refresh] done in 35ms @ http://localhost:3000/_next/static/chunks/node_modules_next_dist_1e8vcs8._.js:776
[  587685ms] [LOG] [Fast Refresh] done in 35ms @ http://localhost:3000/_next/static/chunks/node_modules_next_dist_1e8vcs8._.js:776
[  587737ms] [LOG] [Fast Refresh] done in 35ms @ http://localhost:3000/_next/static/chunks/node_modules_next_dist_1e8vcs8._.js:776
[  587803ms] [LOG] [Fast Refresh] done in 35ms @ http://localhost:3000/_next/static/chunks/node_modules_next_dist_1e8vcs8._.js:776
[  587860ms] [LOG] [Fast Refresh] done in 35ms @ http://localhost:3000/_next/static/chunks/node_modules_next_dist_1e8vcs8._.js:776
[  587922ms] [LOG] [Fast Refresh] done in 35ms @ http://localhost:3000/_next/static/chunks/node_modules_next_dist_1e8vcs8._.js:776
[  587984ms] [LOG] [Fast Refresh] done in 35ms @ http://localhost:3000/_next/static/chunks/node_modules_next_dist_1e8vcs8._.js:776
[  588048ms] [LOG] [Fast Refresh] done in 35ms @ http://localhost:3000/_next/static/chunks/node_modules_next_dist_1e8vcs8._.js:776
[  588109ms] [LOG] [Fast Refresh] done in 35ms @ http://localhost:3000/_next/static/chunks/node_modules_next_dist_1e8vcs8._.js:776
[  588172ms] [LOG] [Fast Refresh] done in 35ms @ http://localhost:3000/_next/static/chunks/node_modules_next_dist_1e8vcs8._.js:776
[  588235ms] [LOG] [Fast Refresh] done in 35ms @ http://localhost:3000/_next/static/chunks/node_modules_next_dist_1e8vcs8._.js:776
[  588298ms] [LOG] [Fast Refresh] done in 35ms @ http://localhost:3000/_next/static/chunks/node_modules_next_dist_1e8vcs8._.js:776
[  588359ms] [LOG] [Fast Refresh] done in 35ms @ http://localhost:3000/_next/static/chunks/node_modules_next_dist_1e8vcs8._.js:776
[  588420ms] [LOG] [Fast Refresh] done in 35ms @ http://localhost:3000/_next/static/chunks/node_modules_next_dist_1e8vcs8._.js:776
[  588484ms] [LOG] [Fast Refresh] done in 35ms @ http://localhost:3000/_next/static/chunks/node_modules_next_dist_1e8vcs8._.js:776
[  588545ms] [LOG] [Fast Refresh] done in 35ms @ http://localhost:3000/_next/static/chunks/node_modules_next_dist_1e8vcs8._.js:776
[  588609ms] [LOG] [Fast Refresh] done in 35ms @ http://localhost:3000/_next/static/chunks/node_modules_next_dist_1e8vcs8._.js:776
[  588670ms] [LOG] [Fast Refresh] done in 35ms @ http://localhost:3000/_next/static/chunks/node_modules_next_dist_1e8vcs8._.js:776
[  588734ms] [LOG] [Fast Refresh] done in 35ms @ http://localhost:3000/_next/static/chunks/node_modules_next_dist_1e8vcs8._.js:776
[  588794ms] [LOG] [Fast Refresh] done in 35ms @ http://localhost:3000/_next/static/chunks/node_modules_next_dist_1e8vcs8._.js:776
[  588857ms] [LOG] [Fast Refresh] done in 35ms @ http://localhost:3000/_next/static/chunks/node_modules_next_dist_1e8vcs8._.js:776
[  588919ms] [LOG] [Fast Refresh] done in 35ms @ http://localhost:3000/_next/static/chunks/node_modules_next_dist_1e8vcs8._.js:776
[  588985ms] [LOG] [Fast Refresh] done in 35ms @ http://localhost:3000/_next/static/chunks/node_modules_next_dist_1e8vcs8._.js:776
[  589044ms] [LOG] [Fast Refresh] done in 35ms @ http://localhost:3000/_next/static/chunks/node_modules_next_dist_1e8vcs8._.js:776
[  589109ms] [LOG] [Fast Refresh] done in 35ms @ http://localhost:3000/_next/static/chunks/node_modules_next_dist_1e8vcs8._.js:776
[  589171ms] [LOG] [Fast Refresh] done in 35ms @ http://localhost:3000/_next/static/chunks/node_modules_next_dist_1e8vcs8._.js:776
[  589236ms] [LOG] [Fast Refresh] done in 35ms @ http://localhost:3000/_next/static/chunks/node_modules_next_dist_1e8vcs8._.js:776
[  589295ms] [LOG] [Fast Refresh] done in 35ms @ http://localhost:3000/_next/static/chunks/node_modules_next_dist_1e8vcs8._.js:776
[  589359ms] [LOG] [Fast Refresh] done in 35ms @ http://localhost:3000/_next/static/chunks/node_modules_next_dist_1e8vcs8._.js:776
[  589419ms] [LOG] [Fast Refresh] done in 35ms @ http://localhost:3000/_next/static/chunks/node_modules_next_dist_1e8vcs8._.js:776
[  589480ms] [LOG] [Fast Refresh] done in 35ms @ http://localhost:3000/_next/static/chunks/node_modules_next_dist_1e8vcs8._.js:776
[  589542ms] [LOG] [Fast Refresh] done in 35ms @ http://localhost:3000/_next/static/chunks/node_modules_next_dist_1e8vcs8._.js:776
[  589603ms] [LOG] [Fast Refresh] done in 35ms @ http://localhost:3000/_next/static/chunks/node_modules_next_dist_1e8vcs8._.js:776
[  589668ms] [LOG] [Fast Refresh] done in 35ms @ http://localhost:3000/_next/static/chunks/node_modules_next_dist_1e8vcs8._.js:776
[  589727ms] [LOG] [Fast Refresh] done in 35ms @ http://localhost:3000/_next/static/chunks/node_modules_next_dist_1e8vcs8._.js:776
[  589789ms] [LOG] [Fast Refresh] done in 35ms @ http://localhost:3000/_next/static/chunks/node_modules_next_dist_1e8vcs8._.js:776
[  589852ms] [LOG] [Fast Refresh] done in 35ms @ http://localhost:3000/_next/static/chunks/node_modules_next_dist_1e8vcs8._.js:776
[  589914ms] [LOG] [Fast Refresh] done in 35ms @ http://localhost:3000/_next/static/chunks/node_modules_next_dist_1e8vcs8._.js:776
[  589976ms] [LOG] [Fast Refresh] done in 35ms @ http://localhost:3000/_next/static/chunks/node_modules_next_dist_1e8vcs8._.js:776
[  590038ms] [LOG] [Fast Refresh] done in 35ms @ http://localhost:3000/_next/static/chunks/node_modules_next_dist_1e8vcs8._.js:776
[  590111ms] [LOG] [Fast Refresh] done in 35ms @ http://localhost:3000/_next/static/chunks/node_modules_next_dist_1e8vcs8._.js:776
[  590195ms] [LOG] [Fast Refresh] done in 35ms @ http://localhost:3000/_next/static/chunks/node_modules_next_dist_1e8vcs8._.js:776
[  590243ms] [LOG] [Fast Refresh] done in 35ms @ http://localhost:3000/_next/static/chunks/node_modules_next_dist_1e8vcs8._.js:776
[  590304ms] [LOG] [Fast Refresh] done in 35ms @ http://localhost:3000/_next/static/chunks/node_modules_next_dist_1e8vcs8._.js:776
[  590368ms] [LOG] [Fast Refresh] done in 35ms @ http://localhost:3000/_next/static/chunks/node_modules_next_dist_1e8vcs8._.js:776
[  590429ms] [LOG] [Fast Refresh] done in 35ms @ http://localhost:3000/_next/static/chunks/node_modules_next_dist_1e8vcs8._.js:776
[  590492ms] [LOG] [Fast Refresh] done in 35ms @ http://localhost:3000/_next/static/chunks/node_modules_next_dist_1e8vcs8._.js:776
[  590554ms] [LOG] [Fast Refresh] done in 35ms @ http://localhost:3000/_next/static/chunks/node_modules_next_dist_1e8vcs8._.js:776
[  590617ms] [LOG] [Fast Refresh] done in 35ms @ http://localhost:3000/_next/static/chunks/node_modules_next_dist_1e8vcs8._.js:776
[  590680ms] [LOG] [Fast Refresh] done in 35ms @ http://localhost:3000/_next/static/chunks/node_modules_next_dist_1e8vcs8._.js:776
[  590742ms] [LOG] [Fast Refresh] done in 35ms @ http://localhost:3000/_next/static/chunks/node_modules_next_dist_1e8vcs8._.js:776
[  590803ms] [LOG] [Fast Refresh] done in 35ms @ http://localhost:3000/_next/static/chunks/node_modules_next_dist_1e8vcs8._.js:776
[  590867ms] [LOG] [Fast Refresh] done in 35ms @ http://localhost:3000/_next/static/chunks/node_modules_next_dist_1e8vcs8._.js:776
[  590929ms] [LOG] [Fast Refresh] done in 35ms @ http://localhost:3000/_next/static/chunks/node_modules_next_dist_1e8vcs8._.js:776
[  590992ms] [LOG] [Fast Refresh] done in 35ms @ http://localhost:3000/_next/static/chunks/node_modules_next_dist_1e8vcs8._.js:776
[  591054ms] [LOG] [Fast Refresh] done in 35ms @ http://localhost:3000/_next/static/chunks/node_modules_next_dist_1e8vcs8._.js:776
[  591117ms] [LOG] [Fast Refresh] done in 35ms @ http://localhost:3000/_next/static/chunks/node_modules_next_dist_1e8vcs8._.js:776
[  591180ms] [LOG] [Fast Refresh] done in 35ms @ http://localhost:3000/_next/static/chunks/node_modules_next_dist_1e8vcs8._.js:776
[  591243ms] [LOG] [Fast Refresh] done in 35ms @ http://localhost:3000/_next/static/chunks/node_modules_next_dist_1e8vcs8._.js:776
[  591304ms] [LOG] [Fast Refresh] done in 35ms @ http://localhost:3000/_next/static/chunks/node_modules_next_dist_1e8vcs8._.js:776
[  591368ms] [LOG] [Fast Refresh] done in 35ms @ http://localhost:3000/_next/static/chunks/node_modules_next_dist_1e8vcs8._.js:776
[  591430ms] [LOG] [Fast Refresh] done in 35ms @ http://localhost:3000/_next/static/chunks/node_modules_next_dist_1e8vcs8._.js:776
[  591492ms] [LOG] [Fast Refresh] done in 35ms @ http://localhost:3000/_next/static/chunks/node_modules_next_dist_1e8vcs8._.js:776
[  591553ms] [LOG] [Fast Refresh] done in 35ms @ http://localhost:3000/_next/static/chunks/node_modules_next_dist_1e8vcs8._.js:776
[  591618ms] [LOG] [Fast Refresh] done in 35ms @ http://localhost:3000/_next/static/chunks/node_modules_next_dist_1e8vcs8._.js:776
[  591678ms] [LOG] [Fast Refresh] done in 35ms @ http://localhost:3000/_next/static/chunks/node_modules_next_dist_1e8vcs8._.js:776
[  591742ms] [LOG] [Fast Refresh] done in 35ms @ http://localhost:3000/_next/static/chunks/node_modules_next_dist_1e8vcs8._.js:776
[  591803ms] [LOG] [Fast Refresh] done in 35ms @ http://localhost:3000/_next/static/chunks/node_modules_next_dist_1e8vcs8._.js:776
[  591867ms] [LOG] [Fast Refresh] done in 35ms @ http://localhost:3000/_next/static/chunks/node_modules_next_dist_1e8vcs8._.js:776
[  591928ms] [LOG] [Fast Refresh] done in 35ms @ http://localhost:3000/_next/static/chunks/node_modules_next_dist_1e8vcs8._.js:776
[  591989ms] [LOG] [Fast Refresh] done in 35ms @ http://localhost:3000/_next/static/chunks/node_modules_next_dist_1e8vcs8._.js:776
[  592053ms] [LOG] [Fast Refresh] done in 35ms @ http://localhost:3000/_next/static/chunks/node_modules_next_dist_1e8vcs8._.js:776
[  592115ms] [LOG] [Fast Refresh] done in 35ms @ http://localhost:3000/_next/static/chunks/node_modules_next_dist_1e8vcs8._.js:776
[  592178ms] [LOG] [Fast Refresh] done in 35ms @ http://localhost:3000/_next/static/chunks/node_modules_next_dist_1e8vcs8._.js:776
[  592242ms] [LOG] [Fast Refresh] done in 35ms @ http://localhost:3000/_next/static/chunks/node_modules_next_dist_1e8vcs8._.js:776
[  592302ms] [LOG] [Fast Refresh] done in 35ms @ http://localhost:3000/_next/static/chunks/node_modules_next_dist_1e8vcs8._.js:776
[  592364ms] [LOG] [Fast Refresh] done in 35ms @ http://localhost:3000/_next/static/chunks/node_modules_next_dist_1e8vcs8._.js:776
[  592425ms] [LOG] [Fast Refresh] done in 35ms @ http://localhost:3000/_next/static/chunks/node_modules_next_dist_1e8vcs8._.js:776
[  592487ms] [LOG] [Fast Refresh] done in 35ms @ http://localhost:3000/_next/static/chunks/node_modules_next_dist_1e8vcs8._.js:776
[  592560ms] [LOG] [Fast Refresh] done in 35ms @ http://localhost:3000/_next/static/chunks/node_modules_next_dist_1e8vcs8._.js:776
[  592634ms] [LOG] [Fast Refresh] done in 35ms @ http://localhost:3000/_next/static/chunks/node_modules_next_dist_1e8vcs8._.js:776
[  592719ms] [LOG] [Fast Refresh] done in 35ms @ http://localhost:3000/_next/static/chunks/node_modules_next_dist_1e8vcs8._.js:776
[  592780ms] [LOG] [Fast Refresh] done in 35ms @ http://localhost:3000/_next/static/chunks/node_modules_next_dist_1e8vcs8._.js:776
[  592842ms] [LOG] [Fast Refresh] done in 35ms @ http://localhost:3000/_next/static/chunks/node_modules_next_dist_1e8vcs8._.js:776
[  592963ms] [LOG] [Fast Refresh] rebuilding @ http://localhost:3000/_next/static/chunks/node_modules_next_dist_1e8vcs8._.js:776
[  593240ms] [LOG] [Fast Refresh] done in 26ms @ http://localhost:3000/_next/static/chunks/node_modules_next_dist_1e8vcs8._.js:776
[  593308ms] [LOG] [Fast Refresh] done in 26ms @ http://localhost:3000/_next/static/chunks/node_modules_next_dist_1e8vcs8._.js:776
[  593378ms] [LOG] [Fast Refresh] done in 26ms @ http://localhost:3000/_next/static/chunks/node_modules_next_dist_1e8vcs8._.js:776
[  593441ms] [LOG] [Fast Refresh] done in 26ms @ http://localhost:3000/_next/static/chunks/node_modules_next_dist_1e8vcs8._.js:776
[  593503ms] [LOG] [Fast Refresh] done in 26ms @ http://localhost:3000/_next/static/chunks/node_modules_next_dist_1e8vcs8._.js:776
[  593563ms] [LOG] [Fast Refresh] done in 26ms @ http://localhost:3000/_next/static/chunks/node_modules_next_dist_1e8vcs8._.js:776
[  593623ms] [LOG] [Fast Refresh] done in 26ms @ http://localhost:3000/_next/static/chunks/node_modules_next_dist_1e8vcs8._.js:776
[  593686ms] [LOG] [Fast Refresh] done in 26ms @ http://localhost:3000/_next/static/chunks/node_modules_next_dist_1e8vcs8._.js:776
[  593747ms] [LOG] [Fast Refresh] done in 26ms @ http://localhost:3000/_next/static/chunks/node_modules_next_dist_1e8vcs8._.js:776
[  593807ms] [LOG] [Fast Refresh] done in 26ms @ http://localhost:3000/_next/static/chunks/node_modules_next_dist_1e8vcs8._.js:776
[  593870ms] [LOG] [Fast Refresh] done in 26ms @ http://localhost:3000/_next/static/chunks/node_modules_next_dist_1e8vcs8._.js:776
[  593934ms] [LOG] [Fast Refresh] done in 26ms @ http://localhost:3000/_next/static/chunks/node_modules_next_dist_1e8vcs8._.js:776
[  593995ms] [LOG] [Fast Refresh] done in 26ms @ http://localhost:3000/_next/static/chunks/node_modules_next_dist_1e8vcs8._.js:776
[  594059ms] [LOG] [Fast Refresh] done in 26ms @ http://localhost:3000/_next/static/chunks/node_modules_next_dist_1e8vcs8._.js:776
[  594119ms] [LOG] [Fast Refresh] done in 26ms @ http://localhost:3000/_next/static/chunks/node_modules_next_dist_1e8vcs8._.js:776
[  594181ms] [LOG] [Fast Refresh] done in 26ms @ http://localhost:3000/_next/static/chunks/node_modules_next_dist_1e8vcs8._.js:776
[  594244ms] [LOG] [Fast Refresh] done in 26ms @ http://localhost:3000/_next/static/chunks/node_modules_next_dist_1e8vcs8._.js:776
[  594306ms] [LOG] [Fast Refresh] done in 26ms @ http://localhost:3000/_next/static/chunks/node_modules_next_dist_1e8vcs8._.js:776
[  594368ms] [LOG] [Fast Refresh] done in 26ms @ http://localhost:3000/_next/static/chunks/node_modules_next_dist_1e8vcs8._.js:776
[  594430ms] [LOG] [Fast Refresh] done in 26ms @ http://localhost:3000/_next/static/chunks/node_modules_next_dist_1e8vcs8._.js:776
[  594493ms] [LOG] [Fast Refresh] done in 26ms @ http://localhost:3000/_next/static/chunks/node_modules_next_dist_1e8vcs8._.js:776
[  594555ms] [LOG] [Fast Refresh] done in 26ms @ http://localhost:3000/_next/static/chunks/node_modules_next_dist_1e8vcs8._.js:776
[  594617ms] [LOG] [Fast Refresh] done in 26ms @ http://localhost:3000/_next/static/chunks/node_modules_next_dist_1e8vcs8._.js:776
[  594680ms] [LOG] [Fast Refresh] done in 26ms @ http://localhost:3000/_next/static/chunks/node_modules_next_dist_1e8vcs8._.js:776
[  594742ms] [LOG] [Fast Refresh] done in 26ms @ http://localhost:3000/_next/static/chunks/node_modules_next_dist_1e8vcs8._.js:776
[  594809ms] [LOG] [Fast Refresh] done in 26ms @ http://localhost:3000/_next/static/chunks/node_modules_next_dist_1e8vcs8._.js:776
[  594883ms] [LOG] [Fast Refresh] done in 26ms @ http://localhost:3000/_next/static/chunks/node_modules_next_dist_1e8vcs8._.js:776
[  594946ms] [LOG] [Fast Refresh] done in 26ms @ http://localhost:3000/_next/static/chunks/node_modules_next_dist_1e8vcs8._.js:776
[  595009ms] [LOG] [Fast Refresh] done in 26ms @ http://localhost:3000/_next/static/chunks/node_modules_next_dist_1e8vcs8._.js:776
[  595071ms] [LOG] [Fast Refresh] done in 26ms @ http://localhost:3000/_next/static/chunks/node_modules_next_dist_1e8vcs8._.js:776
[  595134ms] [LOG] [Fast Refresh] done in 26ms @ http://localhost:3000/_next/static/chunks/node_modules_next_dist_1e8vcs8._.js:776
[  595196ms] [LOG] [Fast Refresh] done in 26ms @ http://localhost:3000/_next/static/chunks/node_modules_next_dist_1e8vcs8._.js:776
[  595258ms] [LOG] [Fast Refresh] done in 26ms @ http://localhost:3000/_next/static/chunks/node_modules_next_dist_1e8vcs8._.js:776
[  595319ms] [LOG] [Fast Refresh] done in 26ms @ http://localhost:3000/_next/static/chunks/node_modules_next_dist_1e8vcs8._.js:776
[  595384ms] [LOG] [Fast Refresh] done in 26ms @ http://localhost:3000/_next/static/chunks/node_modules_next_dist_1e8vcs8._.js:776
[  595444ms] [LOG] [Fast Refresh] done in 26ms @ http://localhost:3000/_next/static/chunks/node_modules_next_dist_1e8vcs8._.js:776
[  595505ms] [LOG] [Fast Refresh] done in 26ms @ http://localhost:3000/_next/static/chunks/node_modules_next_dist_1e8vcs8._.js:776
[  595567ms] [LOG] [Fast Refresh] done in 26ms @ http://localhost:3000/_next/static/chunks/node_modules_next_dist_1e8vcs8._.js:776
[  595629ms] [LOG] [Fast Refresh] done in 26ms @ http://localhost:3000/_next/static/chunks/node_modules_next_dist_1e8vcs8._.js:776
[  595692ms] [LOG] [Fast Refresh] done in 26ms @ http://localhost:3000/_next/static/chunks/node_modules_next_dist_1e8vcs8._.js:776
[  595752ms] [LOG] [Fast Refresh] done in 26ms @ http://localhost:3000/_next/static/chunks/node_modules_next_dist_1e8vcs8._.js:776
[  595814ms] [LOG] [Fast Refresh] done in 26ms @ http://localhost:3000/_next/static/chunks/node_modules_next_dist_1e8vcs8._.js:776
[  595887ms] [LOG] [Fast Refresh] done in 26ms @ http://localhost:3000/_next/static/chunks/node_modules_next_dist_1e8vcs8._.js:776
[  596003ms] [LOG] [Fast Refresh] done in 26ms @ http://localhost:3000/_next/static/chunks/node_modules_next_dist_1e8vcs8._.js:776
[  596070ms] [LOG] [Fast Refresh] done in 26ms @ http://localhost:3000/_next/static/chunks/node_modules_next_dist_1e8vcs8._.js:776
[  596145ms] [LOG] [Fast Refresh] done in 26ms @ http://localhost:3000/_next/static/chunks/node_modules_next_dist_1e8vcs8._.js:776
[  596204ms] [LOG] [Fast Refresh] done in 26ms @ http://localhost:3000/_next/static/chunks/node_modules_next_dist_1e8vcs8._.js:776
[  596267ms] [LOG] [Fast Refresh] done in 26ms @ http://localhost:3000/_next/static/chunks/node_modules_next_dist_1e8vcs8._.js:776
[  596328ms] [LOG] [Fast Refresh] done in 26ms @ http://localhost:3000/_next/static/chunks/node_modules_next_dist_1e8vcs8._.js:776
[  596391ms] [LOG] [Fast Refresh] done in 26ms @ http://localhost:3000/_next/static/chunks/node_modules_next_dist_1e8vcs8._.js:776
[  596452ms] [LOG] [Fast Refresh] done in 26ms @ http://localhost:3000/_next/static/chunks/node_modules_next_dist_1e8vcs8._.js:776
[  596515ms] [LOG] [Fast Refresh] done in 26ms @ http://localhost:3000/_next/static/chunks/node_modules_next_dist_1e8vcs8._.js:776
[  596595ms] [LOG] [Fast Refresh] done in 26ms @ http://localhost:3000/_next/static/chunks/node_modules_next_dist_1e8vcs8._.js:776
[  596659ms] [LOG] [Fast Refresh] done in 26ms @ http://localhost:3000/_next/static/chunks/node_modules_next_dist_1e8vcs8._.js:776
[  596746ms] [LOG] [Fast Refresh] done in 26ms @ http://localhost:3000/_next/static/chunks/node_modules_next_dist_1e8vcs8._.js:776
[  596829ms] [LOG] [Fast Refresh] done in 26ms @ http://localhost:3000/_next/static/chunks/node_modules_next_dist_1e8vcs8._.js:776
[  596904ms] [LOG] [Fast Refresh] done in 26ms @ http://localhost:3000/_next/static/chunks/node_modules_next_dist_1e8vcs8._.js:776
[  596983ms] [LOG] [Fast Refresh] done in 26ms @ http://localhost:3000/_next/static/chunks/node_modules_next_dist_1e8vcs8._.js:776
[  598369ms] [LOG] [Fast Refresh] rebuilding @ http://localhost:3000/_next/static/chunks/node_modules_next_dist_1e8vcs8._.js:776
[  598463ms] [LOG] [Fast Refresh] done in 165ms @ http://localhost:3000/_next/static/chunks/node_modules_next_dist_1e8vcs8._.js:776
[  598468ms] [LOG] [Fast Refresh] done in 165ms @ http://localhost:3000/_next/static/chunks/node_modules_next_dist_1e8vcs8._.js:776
[  628497ms] [INFO] %cDownload the React DevTools for a better development experience: https://react.dev/link/react-devtools font-weight:bold @ http://localhost:3000/_next/static/chunks/node_modules_next_dist_1e8vcs8._.js:776
[  628575ms] [LOG] [HMR] connected @ http://localhost:3000/_next/static/chunks/node_modules_next_dist_1e8vcs8._.js:776
[  650013ms] [INFO] %cDownload the React DevTools for a better development experience: https://react.dev/link/react-devtools font-weight:bold @ http://localhost:3000/_next/static/chunks/node_modules_next_dist_1e8vcs8._.js:776
[  650046ms] [LOG] [HMR] connected @ http://localhost:3000/_next/static/chunks/node_modules_next_dist_1e8vcs8._.js:776
[  657289ms] [INFO] %cDownload the React DevTools for a better development experience: https://react.dev/link/react-devtools font-weight:bold @ http://localhost:3000/_next/static/chunks/node_modules_next_dist_1e8vcs8._.js:776
[  657317ms] [LOG] [HMR] connected @ http://localhost:3000/_next/static/chunks/node_modules_next_dist_1e8vcs8._.js:776
[  704699ms] [LOG] [Fast Refresh] rebuilding @ http://localhost:3000/_next/static/chunks/node_modules_next_dist_1e8vcs8._.js:776
[  705045ms] [LOG] [Fast Refresh] done in 374ms @ http://localhost:3000/_next/static/chunks/node_modules_next_dist_1e8vcs8._.js:776
[  705247ms] [LOG] [Fast Refresh] rebuilding @ http://localhost:3000/_next/static/chunks/node_modules_next_dist_1e8vcs8._.js:776
[  705310ms] [LOG] [Fast Refresh] done in 165ms @ http://localhost:3000/_next/static/chunks/node_modules_next_dist_1e8vcs8._.js:776
[  819713ms] [LOG] [Fast Refresh] rebuilding @ http://localhost:3000/_next/static/chunks/node_modules_next_dist_1e8vcs8._.js:776
[  821117ms] [LOG] [Fast Refresh] done in 1509ms @ http://localhost:3000/_next/static/chunks/node_modules_next_dist_1e8vcs8._.js:776
[  821458ms] [LOG] [Fast Refresh] rebuilding @ http://localhost:3000/_next/static/chunks/node_modules_next_dist_1e8vcs8._.js:776
[  821550ms] [LOG] [Fast Refresh] done in 45ms @ http://localhost:3000/_next/static/chunks/node_modules_next_dist_1e8vcs8._.js:776
[  833589ms] [LOG] [Fast Refresh] rebuilding @ http://localhost:3000/_next/static/chunks/node_modules_next_dist_1e8vcs8._.js:776
[  833652ms] [LOG] [Fast Refresh] done in 166ms @ http://localhost:3000/_next/static/chunks/node_modules_next_dist_1e8vcs8._.js:776
[  833950ms] [LOG] [Fast Refresh] rebuilding @ http://localhost:3000/_next/static/chunks/node_modules_next_dist_1e8vcs8._.js:776
[  834012ms] [LOG] [Fast Refresh] done in 8ms @ http://localhost:3000/_next/static/chunks/node_modules_next_dist_1e8vcs8._.js:776
[  834075ms] [LOG] [Fast Refresh] done in 8ms @ http://localhost:3000/_next/static/chunks/node_modules_next_dist_1e8vcs8._.js:776
[  834136ms] [LOG] [Fast Refresh] done in 8ms @ http://localhost:3000/_next/static/chunks/node_modules_next_dist_1e8vcs8._.js:776
[  834196ms] [LOG] [Fast Refresh] done in 8ms @ http://localhost:3000/_next/static/chunks/node_modules_next_dist_1e8vcs8._.js:776
[  834258ms] [LOG] [Fast Refresh] done in 8ms @ http://localhost:3000/_next/static/chunks/node_modules_next_dist_1e8vcs8._.js:776
[  834319ms] [LOG] [Fast Refresh] done in 8ms @ http://localhost:3000/_next/static/chunks/node_modules_next_dist_1e8vcs8._.js:776
[  834383ms] [LOG] [Fast Refresh] done in 8ms @ http://localhost:3000/_next/static/chunks/node_modules_next_dist_1e8vcs8._.js:776
[  834444ms] [LOG] [Fast Refresh] done in 8ms @ http://localhost:3000/_next/static/chunks/node_modules_next_dist_1e8vcs8._.js:776
[  834506ms] [LOG] [Fast Refresh] done in 8ms @ http://localhost:3000/_next/static/chunks/node_modules_next_dist_1e8vcs8._.js:776
[  834568ms] [LOG] [Fast Refresh] done in 8ms @ http://localhost:3000/_next/static/chunks/node_modules_next_dist_1e8vcs8._.js:776
[  834630ms] [LOG] [Fast Refresh] done in 8ms @ http://localhost:3000/_next/static/chunks/node_modules_next_dist_1e8vcs8._.js:776
[  834693ms] [LOG] [Fast Refresh] done in 8ms @ http://localhost:3000/_next/static/chunks/node_modules_next_dist_1e8vcs8._.js:776
[  834758ms] [LOG] [Fast Refresh] done in 8ms @ http://localhost:3000/_next/static/chunks/node_modules_next_dist_1e8vcs8._.js:776
[  834817ms] [LOG] [Fast Refresh] done in 8ms @ http://localhost:3000/_next/static/chunks/node_modules_next_dist_1e8vcs8._.js:776
[  834879ms] [LOG] [Fast Refresh] done in 8ms @ http://localhost:3000/_next/static/chunks/node_modules_next_dist_1e8vcs8._.js:776
[  834942ms] [LOG] [Fast Refresh] done in 8ms @ http://localhost:3000/_next/static/chunks/node_modules_next_dist_1e8vcs8._.js:776
[  835004ms] [LOG] [Fast Refresh] done in 8ms @ http://localhost:3000/_next/static/chunks/node_modules_next_dist_1e8vcs8._.js:776
[  835066ms] [LOG] [Fast Refresh] done in 8ms @ http://localhost:3000/_next/static/chunks/node_modules_next_dist_1e8vcs8._.js:776
[  835130ms] [LOG] [Fast Refresh] done in 8ms @ http://localhost:3000/_next/static/chunks/node_modules_next_dist_1e8vcs8._.js:776
[  835193ms] [LOG] [Fast Refresh] done in 8ms @ http://localhost:3000/_next/static/chunks/node_modules_next_dist_1e8vcs8._.js:776
[  835253ms] [LOG] [Fast Refresh] done in 8ms @ http://localhost:3000/_next/static/chunks/node_modules_next_dist_1e8vcs8._.js:776
[  835316ms] [LOG] [Fast Refresh] done in 8ms @ http://localhost:3000/_next/static/chunks/node_modules_next_dist_1e8vcs8._.js:776
[  835378ms] [LOG] [Fast Refresh] done in 8ms @ http://localhost:3000/_next/static/chunks/node_modules_next_dist_1e8vcs8._.js:776
[  835441ms] [LOG] [Fast Refresh] done in 8ms @ http://localhost:3000/_next/static/chunks/node_modules_next_dist_1e8vcs8._.js:776
[  835502ms] [LOG] [Fast Refresh] done in 8ms @ http://localhost:3000/_next/static/chunks/node_modules_next_dist_1e8vcs8._.js:776
[  835565ms] [LOG] [Fast Refresh] done in 8ms @ http://localhost:3000/_next/static/chunks/node_modules_next_dist_1e8vcs8._.js:776
[  835628ms] [LOG] [Fast Refresh] done in 8ms @ http://localhost:3000/_next/static/chunks/node_modules_next_dist_1e8vcs8._.js:776
[  835711ms] [LOG] [Fast Refresh] done in 8ms @ http://localhost:3000/_next/static/chunks/node_modules_next_dist_1e8vcs8._.js:776
[  835785ms] [LOG] [Fast Refresh] done in 8ms @ http://localhost:3000/_next/static/chunks/node_modules_next_dist_1e8vcs8._.js:776
[  835847ms] [LOG] [Fast Refresh] done in 8ms @ http://localhost:3000/_next/static/chunks/node_modules_next_dist_1e8vcs8._.js:776
[  835911ms] [LOG] [Fast Refresh] done in 8ms @ http://localhost:3000/_next/static/chunks/node_modules_next_dist_1e8vcs8._.js:776
[  835972ms] [LOG] [Fast Refresh] done in 8ms @ http://localhost:3000/_next/static/chunks/node_modules_next_dist_1e8vcs8._.js:776
[  836033ms] [LOG] [Fast Refresh] done in 8ms @ http://localhost:3000/_next/static/chunks/node_modules_next_dist_1e8vcs8._.js:776
[  836095ms] [LOG] [Fast Refresh] done in 8ms @ http://localhost:3000/_next/static/chunks/node_modules_next_dist_1e8vcs8._.js:776
[  836157ms] [LOG] [Fast Refresh] done in 8ms @ http://localhost:3000/_next/static/chunks/node_modules_next_dist_1e8vcs8._.js:776
[  836219ms] [LOG] [Fast Refresh] done in 8ms @ http://localhost:3000/_next/static/chunks/node_modules_next_dist_1e8vcs8._.js:776
[  836282ms] [LOG] [Fast Refresh] done in 8ms @ http://localhost:3000/_next/static/chunks/node_modules_next_dist_1e8vcs8._.js:776
[  836343ms] [LOG] [Fast Refresh] done in 8ms @ http://localhost:3000/_next/static/chunks/node_modules_next_dist_1e8vcs8._.js:776
[  836405ms] [LOG] [Fast Refresh] done in 8ms @ http://localhost:3000/_next/static/chunks/node_modules_next_dist_1e8vcs8._.js:776
[  836466ms] [LOG] [Fast Refresh] done in 8ms @ http://localhost:3000/_next/static/chunks/node_modules_next_dist_1e8vcs8._.js:776
[  836529ms] [LOG] [Fast Refresh] done in 8ms @ http://localhost:3000/_next/static/chunks/node_modules_next_dist_1e8vcs8._.js:776
[  836591ms] [LOG] [Fast Refresh] done in 8ms @ http://localhost:3000/_next/static/chunks/node_modules_next_dist_1e8vcs8._.js:776
[  836653ms] [LOG] [Fast Refresh] done in 8ms @ http://localhost:3000/_next/static/chunks/node_modules_next_dist_1e8vcs8._.js:776
[  836714ms] [LOG] [Fast Refresh] done in 8ms @ http://localhost:3000/_next/static/chunks/node_modules_next_dist_1e8vcs8._.js:776
[  836776ms] [LOG] [Fast Refresh] done in 8ms @ http://localhost:3000/_next/static/chunks/node_modules_next_dist_1e8vcs8._.js:776
[  836837ms] [LOG] [Fast Refresh] done in 8ms @ http://localhost:3000/_next/static/chunks/node_modules_next_dist_1e8vcs8._.js:776
[  836899ms] [LOG] [Fast Refresh] done in 8ms @ http://localhost:3000/_next/static/chunks/node_modules_next_dist_1e8vcs8._.js:776
[  836961ms] [LOG] [Fast Refresh] done in 8ms @ http://localhost:3000/_next/static/chunks/node_modules_next_dist_1e8vcs8._.js:776
[  837024ms] [LOG] [Fast Refresh] done in 8ms @ http://localhost:3000/_next/static/chunks/node_modules_next_dist_1e8vcs8._.js:776
[  837084ms] [LOG] [Fast Refresh] done in 8ms @ http://localhost:3000/_next/static/chunks/node_modules_next_dist_1e8vcs8._.js:776
[  837147ms] [LOG] [Fast Refresh] done in 8ms @ http://localhost:3000/_next/static/chunks/node_modules_next_dist_1e8vcs8._.js:776
[  837209ms] [LOG] [Fast Refresh] done in 8ms @ http://localhost:3000/_next/static/chunks/node_modules_next_dist_1e8vcs8._.js:776
[  837271ms] [LOG] [Fast Refresh] done in 8ms @ http://localhost:3000/_next/static/chunks/node_modules_next_dist_1e8vcs8._.js:776
[  837334ms] [LOG] [Fast Refresh] done in 8ms @ http://localhost:3000/_next/static/chunks/node_modules_next_dist_1e8vcs8._.js:776
[  837397ms] [LOG] [Fast Refresh] done in 8ms @ http://localhost:3000/_next/static/chunks/node_modules_next_dist_1e8vcs8._.js:776
[  837458ms] [LOG] [Fast Refresh] done in 8ms @ http://localhost:3000/_next/static/chunks/node_modules_next_dist_1e8vcs8._.js:776
[  837519ms] [LOG] [Fast Refresh] done in 8ms @ http://localhost:3000/_next/static/chunks/node_modules_next_dist_1e8vcs8._.js:776
[  837583ms] [LOG] [Fast Refresh] done in 8ms @ http://localhost:3000/_next/static/chunks/node_modules_next_dist_1e8vcs8._.js:776
[  837646ms] [LOG] [Fast Refresh] done in 8ms @ http://localhost:3000/_next/static/chunks/node_modules_next_dist_1e8vcs8._.js:776
[  837709ms] [LOG] [Fast Refresh] done in 8ms @ http://localhost:3000/_next/static/chunks/node_modules_next_dist_1e8vcs8._.js:776
[  837757ms] [LOG] [Fast Refresh] done in 8ms @ http://localhost:3000/_next/static/chunks/node_modules_next_dist_1e8vcs8._.js:776
[  837818ms] [LOG] [Fast Refresh] done in 8ms @ http://localhost:3000/_next/static/chunks/node_modules_next_dist_1e8vcs8._.js:776
[  837873ms] [LOG] [Fast Refresh] done in 8ms @ http://localhost:3000/_next/static/chunks/node_modules_next_dist_1e8vcs8._.js:776
[  838267ms] [LOG] [Fast Refresh] rebuilding @ http://localhost:3000/_next/static/chunks/node_modules_next_dist_1e8vcs8._.js:776
[  838334ms] [LOG] [Fast Refresh] done in 16ms @ http://localhost:3000/_next/static/chunks/node_modules_next_dist_1e8vcs8._.js:776
[  838420ms] [LOG] [Fast Refresh] done in 16ms @ http://localhost:3000/_next/static/chunks/node_modules_next_dist_1e8vcs8._.js:776
[  838505ms] [LOG] [Fast Refresh] done in 16ms @ http://localhost:3000/_next/static/chunks/node_modules_next_dist_1e8vcs8._.js:776
[  838567ms] [LOG] [Fast Refresh] done in 16ms @ http://localhost:3000/_next/static/chunks/node_modules_next_dist_1e8vcs8._.js:776
[  838627ms] [LOG] [Fast Refresh] done in 16ms @ http://localhost:3000/_next/static/chunks/node_modules_next_dist_1e8vcs8._.js:776
[  838691ms] [LOG] [Fast Refresh] done in 16ms @ http://localhost:3000/_next/static/chunks/node_modules_next_dist_1e8vcs8._.js:776
[  838751ms] [LOG] [Fast Refresh] done in 16ms @ http://localhost:3000/_next/static/chunks/node_modules_next_dist_1e8vcs8._.js:776
[  839000ms] [LOG] [Fast Refresh] done in 16ms @ http://localhost:3000/_next/static/chunks/node_modules_next_dist_1e8vcs8._.js:776
[  839063ms] [LOG] [Fast Refresh] done in 16ms @ http://localhost:3000/_next/static/chunks/node_modules_next_dist_1e8vcs8._.js:776
[  839125ms] [LOG] [Fast Refresh] done in 16ms @ http://localhost:3000/_next/static/chunks/node_modules_next_dist_1e8vcs8._.js:776
[  839187ms] [LOG] [Fast Refresh] done in 16ms @ http://localhost:3000/_next/static/chunks/node_modules_next_dist_1e8vcs8._.js:776
[  839251ms] [LOG] [Fast Refresh] done in 16ms @ http://localhost:3000/_next/static/chunks/node_modules_next_dist_1e8vcs8._.js:776
[  839314ms] [LOG] [Fast Refresh] done in 16ms @ http://localhost:3000/_next/static/chunks/node_modules_next_dist_1e8vcs8._.js:776
[  839376ms] [LOG] [Fast Refresh] done in 16ms @ http://localhost:3000/_next/static/chunks/node_modules_next_dist_1e8vcs8._.js:776
[  839438ms] [LOG] [Fast Refresh] done in 16ms @ http://localhost:3000/_next/static/chunks/node_modules_next_dist_1e8vcs8._.js:776
[  839500ms] [LOG] [Fast Refresh] done in 16ms @ http://localhost:3000/_next/static/chunks/node_modules_next_dist_1e8vcs8._.js:776
[  839562ms] [LOG] [Fast Refresh] done in 16ms @ http://localhost:3000/_next/static/chunks/node_modules_next_dist_1e8vcs8._.js:776
[  839624ms] [LOG] [Fast Refresh] done in 16ms @ http://localhost:3000/_next/static/chunks/node_modules_next_dist_1e8vcs8._.js:776
[  839686ms] [LOG] [Fast Refresh] done in 16ms @ http://localhost:3000/_next/static/chunks/node_modules_next_dist_1e8vcs8._.js:776
[  839750ms] [LOG] [Fast Refresh] done in 16ms @ http://localhost:3000/_next/static/chunks/node_modules_next_dist_1e8vcs8._.js:776
[  839812ms] [LOG] [Fast Refresh] done in 16ms @ http://localhost:3000/_next/static/chunks/node_modules_next_dist_1e8vcs8._.js:776
[  839874ms] [LOG] [Fast Refresh] done in 16ms @ http://localhost:3000/_next/static/chunks/node_modules_next_dist_1e8vcs8._.js:776
[  839936ms] [LOG] [Fast Refresh] done in 16ms @ http://localhost:3000/_next/static/chunks/node_modules_next_dist_1e8vcs8._.js:776
[  839999ms] [LOG] [Fast Refresh] done in 16ms @ http://localhost:3000/_next/static/chunks/node_modules_next_dist_1e8vcs8._.js:776
[  840060ms] [LOG] [Fast Refresh] done in 16ms @ http://localhost:3000/_next/static/chunks/node_modules_next_dist_1e8vcs8._.js:776
[  840121ms] [LOG] [Fast Refresh] done in 16ms @ http://localhost:3000/_next/static/chunks/node_modules_next_dist_1e8vcs8._.js:776
[  840184ms] [LOG] [Fast Refresh] done in 16ms @ http://localhost:3000/_next/static/chunks/node_modules_next_dist_1e8vcs8._.js:776
[  840245ms] [LOG] [Fast Refresh] done in 16ms @ http://localhost:3000/_next/static/chunks/node_modules_next_dist_1e8vcs8._.js:776
[  840307ms] [LOG] [Fast Refresh] done in 16ms @ http://localhost:3000/_next/static/chunks/node_modules_next_dist_1e8vcs8._.js:776
[  840368ms] [LOG] [Fast Refresh] done in 16ms @ http://localhost:3000/_next/static/chunks/node_modules_next_dist_1e8vcs8._.js:776
[  840434ms] [LOG] [Fast Refresh] done in 16ms @ http://localhost:3000/_next/static/chunks/node_modules_next_dist_1e8vcs8._.js:776
[  840493ms] [LOG] [Fast Refresh] done in 16ms @ http://localhost:3000/_next/static/chunks/node_modules_next_dist_1e8vcs8._.js:776
[  840558ms] [LOG] [Fast Refresh] done in 16ms @ http://localhost:3000/_next/static/chunks/node_modules_next_dist_1e8vcs8._.js:776
[  840618ms] [LOG] [Fast Refresh] done in 16ms @ http://localhost:3000/_next/static/chunks/node_modules_next_dist_1e8vcs8._.js:776
[  840683ms] [LOG] [Fast Refresh] done in 16ms @ http://localhost:3000/_next/static/chunks/node_modules_next_dist_1e8vcs8._.js:776
[  840744ms] [LOG] [Fast Refresh] done in 16ms @ http://localhost:3000/_next/static/chunks/node_modules_next_dist_1e8vcs8._.js:776
[  840807ms] [LOG] [Fast Refresh] done in 16ms @ http://localhost:3000/_next/static/chunks/node_modules_next_dist_1e8vcs8._.js:776
[  840876ms] [LOG] [Fast Refresh] done in 16ms @ http://localhost:3000/_next/static/chunks/node_modules_next_dist_1e8vcs8._.js:776
[  840949ms] [LOG] [Fast Refresh] done in 16ms @ http://localhost:3000/_next/static/chunks/node_modules_next_dist_1e8vcs8._.js:776
[  841010ms] [LOG] [Fast Refresh] done in 16ms @ http://localhost:3000/_next/static/chunks/node_modules_next_dist_1e8vcs8._.js:776
[  841074ms] [LOG] [Fast Refresh] done in 16ms @ http://localhost:3000/_next/static/chunks/node_modules_next_dist_1e8vcs8._.js:776
[  841135ms] [LOG] [Fast Refresh] done in 16ms @ http://localhost:3000/_next/static/chunks/node_modules_next_dist_1e8vcs8._.js:776
[  841199ms] [LOG] [Fast Refresh] done in 16ms @ http://localhost:3000/_next/static/chunks/node_modules_next_dist_1e8vcs8._.js:776
[  841260ms] [LOG] [Fast Refresh] done in 16ms @ http://localhost:3000/_next/static/chunks/node_modules_next_dist_1e8vcs8._.js:776
[  841322ms] [LOG] [Fast Refresh] done in 16ms @ http://localhost:3000/_next/static/chunks/node_modules_next_dist_1e8vcs8._.js:776
[  841384ms] [LOG] [Fast Refresh] done in 16ms @ http://localhost:3000/_next/static/chunks/node_modules_next_dist_1e8vcs8._.js:776
[  841446ms] [LOG] [Fast Refresh] done in 16ms @ http://localhost:3000/_next/static/chunks/node_modules_next_dist_1e8vcs8._.js:776
[  841509ms] [LOG] [Fast Refresh] done in 16ms @ http://localhost:3000/_next/static/chunks/node_modules_next_dist_1e8vcs8._.js:776
[  841570ms] [LOG] [Fast Refresh] done in 16ms @ http://localhost:3000/_next/static/chunks/node_modules_next_dist_1e8vcs8._.js:776
[  841633ms] [LOG] [Fast Refresh] done in 16ms @ http://localhost:3000/_next/static/chunks/node_modules_next_dist_1e8vcs8._.js:776
[  841695ms] [LOG] [Fast Refresh] done in 16ms @ http://localhost:3000/_next/static/chunks/node_modules_next_dist_1e8vcs8._.js:776
[  841757ms] [LOG] [Fast Refresh] done in 16ms @ http://localhost:3000/_next/static/chunks/node_modules_next_dist_1e8vcs8._.js:776
[  841821ms] [LOG] [Fast Refresh] done in 16ms @ http://localhost:3000/_next/static/chunks/node_modules_next_dist_1e8vcs8._.js:776
[  841884ms] [LOG] [Fast Refresh] done in 16ms @ http://localhost:3000/_next/static/chunks/node_modules_next_dist_1e8vcs8._.js:776
[  841946ms] [LOG] [Fast Refresh] done in 16ms @ http://localhost:3000/_next/static/chunks/node_modules_next_dist_1e8vcs8._.js:776
[  842007ms] [LOG] [Fast Refresh] done in 16ms @ http://localhost:3000/_next/static/chunks/node_modules_next_dist_1e8vcs8._.js:776
[  842069ms] [LOG] [Fast Refresh] done in 16ms @ http://localhost:3000/_next/static/chunks/node_modules_next_dist_1e8vcs8._.js:776
[  842133ms] [LOG] [Fast Refresh] done in 16ms @ http://localhost:3000/_next/static/chunks/node_modules_next_dist_1e8vcs8._.js:776
[  842195ms] [LOG] [Fast Refresh] done in 16ms @ http://localhost:3000/_next/static/chunks/node_modules_next_dist_1e8vcs8._.js:776
[  842258ms] [LOG] [Fast Refresh] done in 16ms @ http://localhost:3000/_next/static/chunks/node_modules_next_dist_1e8vcs8._.js:776
[  842319ms] [LOG] [Fast Refresh] done in 16ms @ http://localhost:3000/_next/static/chunks/node_modules_next_dist_1e8vcs8._.js:776
[  842382ms] [LOG] [Fast Refresh] done in 16ms @ http://localhost:3000/_next/static/chunks/node_modules_next_dist_1e8vcs8._.js:776
[  842442ms] [LOG] [Fast Refresh] done in 16ms @ http://localhost:3000/_next/static/chunks/node_modules_next_dist_1e8vcs8._.js:776
[  842503ms] [LOG] [Fast Refresh] done in 16ms @ http://localhost:3000/_next/static/chunks/node_modules_next_dist_1e8vcs8._.js:776
[  842567ms] [LOG] [Fast Refresh] done in 16ms @ http://localhost:3000/_next/static/chunks/node_modules_next_dist_1e8vcs8._.js:776
[  842630ms] [LOG] [Fast Refresh] done in 16ms @ http://localhost:3000/_next/static/chunks/node_modules_next_dist_1e8vcs8._.js:776
[  842692ms] [LOG] [Fast Refresh] done in 16ms @ http://localhost:3000/_next/static/chunks/node_modules_next_dist_1e8vcs8._.js:776
[  842752ms] [LOG] [Fast Refresh] done in 16ms @ http://localhost:3000/_next/static/chunks/node_modules_next_dist_1e8vcs8._.js:776
[  842806ms] [LOG] [Fast Refresh] done in 16ms @ http://localhost:3000/_next/static/chunks/node_modules_next_dist_1e8vcs8._.js:776
[  843161ms] [LOG] [Fast Refresh] rebuilding @ http://localhost:3000/_next/static/chunks/node_modules_next_dist_1e8vcs8._.js:776
[  843220ms] [LOG] [Fast Refresh] done in 3ms @ http://localhost:3000/_next/static/chunks/node_modules_next_dist_1e8vcs8._.js:776
[  843306ms] [LOG] [Fast Refresh] done in 3ms @ http://localhost:3000/_next/static/chunks/node_modules_next_dist_1e8vcs8._.js:776
[  843393ms] [LOG] [Fast Refresh] done in 3ms @ http://localhost:3000/_next/static/chunks/node_modules_next_dist_1e8vcs8._.js:776
[  843453ms] [LOG] [Fast Refresh] done in 3ms @ http://localhost:3000/_next/static/chunks/node_modules_next_dist_1e8vcs8._.js:776
[  843516ms] [LOG] [Fast Refresh] done in 3ms @ http://localhost:3000/_next/static/chunks/node_modules_next_dist_1e8vcs8._.js:776
[  843577ms] [LOG] [Fast Refresh] done in 3ms @ http://localhost:3000/_next/static/chunks/node_modules_next_dist_1e8vcs8._.js:776
[  843637ms] [LOG] [Fast Refresh] done in 3ms @ http://localhost:3000/_next/static/chunks/node_modules_next_dist_1e8vcs8._.js:776
[  843699ms] [LOG] [Fast Refresh] done in 3ms @ http://localhost:3000/_next/static/chunks/node_modules_next_dist_1e8vcs8._.js:776
[  843758ms] [LOG] [Fast Refresh] done in 3ms @ http://localhost:3000/_next/static/chunks/node_modules_next_dist_1e8vcs8._.js:776
[  843818ms] [LOG] [Fast Refresh] done in 3ms @ http://localhost:3000/_next/static/chunks/node_modules_next_dist_1e8vcs8._.js:776
[  843880ms] [LOG] [Fast Refresh] done in 3ms @ http://localhost:3000/_next/static/chunks/node_modules_next_dist_1e8vcs8._.js:776
[  843942ms] [LOG] [Fast Refresh] done in 3ms @ http://localhost:3000/_next/static/chunks/node_modules_next_dist_1e8vcs8._.js:776
[  844004ms] [LOG] [Fast Refresh] done in 3ms @ http://localhost:3000/_next/static/chunks/node_modules_next_dist_1e8vcs8._.js:776
[  844066ms] [LOG] [Fast Refresh] done in 3ms @ http://localhost:3000/_next/static/chunks/node_modules_next_dist_1e8vcs8._.js:776
[  844127ms] [LOG] [Fast Refresh] done in 3ms @ http://localhost:3000/_next/static/chunks/node_modules_next_dist_1e8vcs8._.js:776
[  844191ms] [LOG] [Fast Refresh] done in 3ms @ http://localhost:3000/_next/static/chunks/node_modules_next_dist_1e8vcs8._.js:776
[  844253ms] [LOG] [Fast Refresh] done in 3ms @ http://localhost:3000/_next/static/chunks/node_modules_next_dist_1e8vcs8._.js:776
[  844316ms] [LOG] [Fast Refresh] done in 3ms @ http://localhost:3000/_next/static/chunks/node_modules_next_dist_1e8vcs8._.js:776
[  844380ms] [LOG] [Fast Refresh] done in 3ms @ http://localhost:3000/_next/static/chunks/node_modules_next_dist_1e8vcs8._.js:776
[  844442ms] [LOG] [Fast Refresh] done in 3ms @ http://localhost:3000/_next/static/chunks/node_modules_next_dist_1e8vcs8._.js:776
[  844505ms] [LOG] [Fast Refresh] done in 3ms @ http://localhost:3000/_next/static/chunks/node_modules_next_dist_1e8vcs8._.js:776
[  844566ms] [LOG] [Fast Refresh] done in 3ms @ http://localhost:3000/_next/static/chunks/node_modules_next_dist_1e8vcs8._.js:776
[  844628ms] [LOG] [Fast Refresh] done in 3ms @ http://localhost:3000/_next/static/chunks/node_modules_next_dist_1e8vcs8._.js:776
[  844691ms] [LOG] [Fast Refresh] done in 3ms @ http://localhost:3000/_next/static/chunks/node_modules_next_dist_1e8vcs8._.js:776
[  844751ms] [LOG] [Fast Refresh] done in 3ms @ http://localhost:3000/_next/static/chunks/node_modules_next_dist_1e8vcs8._.js:776
[  844816ms] [LOG] [Fast Refresh] done in 3ms @ http://localhost:3000/_next/static/chunks/node_modules_next_dist_1e8vcs8._.js:776
[  844876ms] [LOG] [Fast Refresh] done in 3ms @ http://localhost:3000/_next/static/chunks/node_modules_next_dist_1e8vcs8._.js:776
[  844939ms] [LOG] [Fast Refresh] done in 3ms @ http://localhost:3000/_next/static/chunks/node_modules_next_dist_1e8vcs8._.js:776
[  845002ms] [LOG] [Fast Refresh] done in 3ms @ http://localhost:3000/_next/static/chunks/node_modules_next_dist_1e8vcs8._.js:776
[  845065ms] [LOG] [Fast Refresh] done in 3ms @ http://localhost:3000/_next/static/chunks/node_modules_next_dist_1e8vcs8._.js:776
[  845127ms] [LOG] [Fast Refresh] done in 3ms @ http://localhost:3000/_next/static/chunks/node_modules_next_dist_1e8vcs8._.js:776
[  845191ms] [LOG] [Fast Refresh] done in 3ms @ http://localhost:3000/_next/static/chunks/node_modules_next_dist_1e8vcs8._.js:776
[  845251ms] [LOG] [Fast Refresh] done in 3ms @ http://localhost:3000/_next/static/chunks/node_modules_next_dist_1e8vcs8._.js:776
[  845315ms] [LOG] [Fast Refresh] done in 3ms @ http://localhost:3000/_next/static/chunks/node_modules_next_dist_1e8vcs8._.js:776
[  845376ms] [LOG] [Fast Refresh] done in 3ms @ http://localhost:3000/_next/static/chunks/node_modules_next_dist_1e8vcs8._.js:776
[  845438ms] [LOG] [Fast Refresh] done in 3ms @ http://localhost:3000/_next/static/chunks/node_modules_next_dist_1e8vcs8._.js:776
[  845499ms] [LOG] [Fast Refresh] done in 3ms @ http://localhost:3000/_next/static/chunks/node_modules_next_dist_1e8vcs8._.js:776
[  845562ms] [LOG] [Fast Refresh] done in 3ms @ http://localhost:3000/_next/static/chunks/node_modules_next_dist_1e8vcs8._.js:776
[  845624ms] [LOG] [Fast Refresh] done in 3ms @ http://localhost:3000/_next/static/chunks/node_modules_next_dist_1e8vcs8._.js:776
[  845687ms] [LOG] [Fast Refresh] done in 3ms @ http://localhost:3000/_next/static/chunks/node_modules_next_dist_1e8vcs8._.js:776
[  845749ms] [LOG] [Fast Refresh] done in 3ms @ http://localhost:3000/_next/static/chunks/node_modules_next_dist_1e8vcs8._.js:776
[  845812ms] [LOG] [Fast Refresh] done in 3ms @ http://localhost:3000/_next/static/chunks/node_modules_next_dist_1e8vcs8._.js:776
[  845890ms] [LOG] [Fast Refresh] done in 3ms @ http://localhost:3000/_next/static/chunks/node_modules_next_dist_1e8vcs8._.js:776
[  845951ms] [LOG] [Fast Refresh] done in 3ms @ http://localhost:3000/_next/static/chunks/node_modules_next_dist_1e8vcs8._.js:776
[  846013ms] [LOG] [Fast Refresh] done in 3ms @ http://localhost:3000/_next/static/chunks/node_modules_next_dist_1e8vcs8._.js:776
[  846076ms] [LOG] [Fast Refresh] done in 3ms @ http://localhost:3000/_next/static/chunks/node_modules_next_dist_1e8vcs8._.js:776
[  846137ms] [LOG] [Fast Refresh] done in 3ms @ http://localhost:3000/_next/static/chunks/node_modules_next_dist_1e8vcs8._.js:776
[  846200ms] [LOG] [Fast Refresh] done in 3ms @ http://localhost:3000/_next/static/chunks/node_modules_next_dist_1e8vcs8._.js:776
[  846263ms] [LOG] [Fast Refresh] done in 3ms @ http://localhost:3000/_next/static/chunks/node_modules_next_dist_1e8vcs8._.js:776
[  846324ms] [LOG] [Fast Refresh] done in 3ms @ http://localhost:3000/_next/static/chunks/node_modules_next_dist_1e8vcs8._.js:776
[  846385ms] [LOG] [Fast Refresh] done in 3ms @ http://localhost:3000/_next/static/chunks/node_modules_next_dist_1e8vcs8._.js:776
[  846447ms] [LOG] [Fast Refresh] done in 3ms @ http://localhost:3000/_next/static/chunks/node_modules_next_dist_1e8vcs8._.js:776
[  846509ms] [LOG] [Fast Refresh] done in 3ms @ http://localhost:3000/_next/static/chunks/node_modules_next_dist_1e8vcs8._.js:776
[  846571ms] [LOG] [Fast Refresh] done in 3ms @ http://localhost:3000/_next/static/chunks/node_modules_next_dist_1e8vcs8._.js:776
[  846633ms] [LOG] [Fast Refresh] done in 3ms @ http://localhost:3000/_next/static/chunks/node_modules_next_dist_1e8vcs8._.js:776
[  846697ms] [LOG] [Fast Refresh] done in 3ms @ http://localhost:3000/_next/static/chunks/node_modules_next_dist_1e8vcs8._.js:776
[  846758ms] [LOG] [Fast Refresh] done in 3ms @ http://localhost:3000/_next/static/chunks/node_modules_next_dist_1e8vcs8._.js:776
[  846825ms] [LOG] [Fast Refresh] done in 3ms @ http://localhost:3000/_next/static/chunks/node_modules_next_dist_1e8vcs8._.js:776
[  846884ms] [LOG] [Fast Refresh] done in 3ms @ http://localhost:3000/_next/static/chunks/node_modules_next_dist_1e8vcs8._.js:776
[  846946ms] [LOG] [Fast Refresh] done in 3ms @ http://localhost:3000/_next/static/chunks/node_modules_next_dist_1e8vcs8._.js:776
[  847008ms] [LOG] [Fast Refresh] done in 3ms @ http://localhost:3000/_next/static/chunks/node_modules_next_dist_1e8vcs8._.js:776
[  847069ms] [LOG] [Fast Refresh] done in 3ms @ http://localhost:3000/_next/static/chunks/node_modules_next_dist_1e8vcs8._.js:776
[  847133ms] [LOG] [Fast Refresh] done in 3ms @ http://localhost:3000/_next/static/chunks/node_modules_next_dist_1e8vcs8._.js:776
[  847192ms] [LOG] [Fast Refresh] done in 3ms @ http://localhost:3000/_next/static/chunks/node_modules_next_dist_1e8vcs8._.js:776
[  847252ms] [LOG] [Fast Refresh] done in 3ms @ http://localhost:3000/_next/static/chunks/node_modules_next_dist_1e8vcs8._.js:776
[  847316ms] [LOG] [Fast Refresh] done in 3ms @ http://localhost:3000/_next/static/chunks/node_modules_next_dist_1e8vcs8._.js:776
[  847377ms] [LOG] [Fast Refresh] done in 3ms @ http://localhost:3000/_next/static/chunks/node_modules_next_dist_1e8vcs8._.js:776
[  847441ms] [LOG] [Fast Refresh] done in 3ms @ http://localhost:3000/_next/static/chunks/node_modules_next_dist_1e8vcs8._.js:776
[  847502ms] [LOG] [Fast Refresh] done in 3ms @ http://localhost:3000/_next/static/chunks/node_modules_next_dist_1e8vcs8._.js:776
[  847566ms] [LOG] [Fast Refresh] done in 3ms @ http://localhost:3000/_next/static/chunks/node_modules_next_dist_1e8vcs8._.js:776
[  847615ms] [LOG] [Fast Refresh] done in 3ms @ http://localhost:3000/_next/static/chunks/node_modules_next_dist_1e8vcs8._.js:776
[  847676ms] [LOG] [Fast Refresh] done in 3ms @ http://localhost:3000/_next/static/chunks/node_modules_next_dist_1e8vcs8._.js:776
[  847727ms] [LOG] [Fast Refresh] done in 3ms @ http://localhost:3000/_next/static/chunks/node_modules_next_dist_1e8vcs8._.js:776
[  848066ms] [LOG] [Fast Refresh] rebuilding @ http://localhost:3000/_next/static/chunks/node_modules_next_dist_1e8vcs8._.js:776
[  848080ms] [LOG] [Fast Refresh] done in 17ms @ http://localhost:3000/_next/static/chunks/node_modules_next_dist_1e8vcs8._.js:776
[  848143ms] [LOG] [Fast Refresh] done in 17ms @ http://localhost:3000/_next/static/chunks/node_modules_next_dist_1e8vcs8._.js:776
[  848205ms] [LOG] [Fast Refresh] done in 17ms @ http://localhost:3000/_next/static/chunks/node_modules_next_dist_1e8vcs8._.js:776
[  848267ms] [LOG] [Fast Refresh] done in 17ms @ http://localhost:3000/_next/static/chunks/node_modules_next_dist_1e8vcs8._.js:776
[  848335ms] [LOG] [Fast Refresh] done in 17ms @ http://localhost:3000/_next/static/chunks/node_modules_next_dist_1e8vcs8._.js:776
[  848410ms] [LOG] [Fast Refresh] done in 17ms @ http://localhost:3000/_next/static/chunks/node_modules_next_dist_1e8vcs8._.js:776
[  848473ms] [LOG] [Fast Refresh] done in 17ms @ http://localhost:3000/_next/static/chunks/node_modules_next_dist_1e8vcs8._.js:776
[  848534ms] [LOG] [Fast Refresh] done in 17ms @ http://localhost:3000/_next/static/chunks/node_modules_next_dist_1e8vcs8._.js:776
[  848597ms] [LOG] [Fast Refresh] done in 17ms @ http://localhost:3000/_next/static/chunks/node_modules_next_dist_1e8vcs8._.js:776
[  848659ms] [LOG] [Fast Refresh] done in 17ms @ http://localhost:3000/_next/static/chunks/node_modules_next_dist_1e8vcs8._.js:776
[  848720ms] [LOG] [Fast Refresh] done in 17ms @ http://localhost:3000/_next/static/chunks/node_modules_next_dist_1e8vcs8._.js:776
[  848783ms] [LOG] [Fast Refresh] done in 17ms @ http://localhost:3000/_next/static/chunks/node_modules_next_dist_1e8vcs8._.js:776
[  848843ms] [LOG] [Fast Refresh] done in 17ms @ http://localhost:3000/_next/static/chunks/node_modules_next_dist_1e8vcs8._.js:776
[  848904ms] [LOG] [Fast Refresh] done in 17ms @ http://localhost:3000/_next/static/chunks/node_modules_next_dist_1e8vcs8._.js:776
[  848966ms] [LOG] [Fast Refresh] done in 17ms @ http://localhost:3000/_next/static/chunks/node_modules_next_dist_1e8vcs8._.js:776
[  849027ms] [LOG] [Fast Refresh] done in 17ms @ http://localhost:3000/_next/static/chunks/node_modules_next_dist_1e8vcs8._.js:776
[  849092ms] [LOG] [Fast Refresh] done in 17ms @ http://localhost:3000/_next/static/chunks/node_modules_next_dist_1e8vcs8._.js:776
[  849152ms] [LOG] [Fast Refresh] done in 17ms @ http://localhost:3000/_next/static/chunks/node_modules_next_dist_1e8vcs8._.js:776
[  849215ms] [LOG] [Fast Refresh] done in 17ms @ http://localhost:3000/_next/static/chunks/node_modules_next_dist_1e8vcs8._.js:776
[  849277ms] [LOG] [Fast Refresh] done in 17ms @ http://localhost:3000/_next/static/chunks/node_modules_next_dist_1e8vcs8._.js:776
[  849341ms] [LOG] [Fast Refresh] done in 17ms @ http://localhost:3000/_next/static/chunks/node_modules_next_dist_1e8vcs8._.js:776
[  849401ms] [LOG] [Fast Refresh] done in 17ms @ http://localhost:3000/_next/static/chunks/node_modules_next_dist_1e8vcs8._.js:776
[  849463ms] [LOG] [Fast Refresh] done in 17ms @ http://localhost:3000/_next/static/chunks/node_modules_next_dist_1e8vcs8._.js:776
[  849525ms] [LOG] [Fast Refresh] done in 17ms @ http://localhost:3000/_next/static/chunks/node_modules_next_dist_1e8vcs8._.js:776
[  849589ms] [LOG] [Fast Refresh] done in 17ms @ http://localhost:3000/_next/static/chunks/node_modules_next_dist_1e8vcs8._.js:776
[  849652ms] [LOG] [Fast Refresh] done in 17ms @ http://localhost:3000/_next/static/chunks/node_modules_next_dist_1e8vcs8._.js:776
[  849715ms] [LOG] [Fast Refresh] done in 17ms @ http://localhost:3000/_next/static/chunks/node_modules_next_dist_1e8vcs8._.js:776
[  849778ms] [LOG] [Fast Refresh] done in 17ms @ http://localhost:3000/_next/static/chunks/node_modules_next_dist_1e8vcs8._.js:776
[  849826ms] [LOG] [Fast Refresh] done in 17ms @ http://localhost:3000/_next/static/chunks/node_modules_next_dist_1e8vcs8._.js:776
[  849892ms] [LOG] [Fast Refresh] done in 17ms @ http://localhost:3000/_next/static/chunks/node_modules_next_dist_1e8vcs8._.js:776
[  849952ms] [LOG] [Fast Refresh] done in 17ms @ http://localhost:3000/_next/static/chunks/node_modules_next_dist_1e8vcs8._.js:776
[  850014ms] [LOG] [Fast Refresh] done in 17ms @ http://localhost:3000/_next/static/chunks/node_modules_next_dist_1e8vcs8._.js:776
[  850077ms] [LOG] [Fast Refresh] done in 17ms @ http://localhost:3000/_next/static/chunks/node_modules_next_dist_1e8vcs8._.js:776
[  850139ms] [LOG] [Fast Refresh] done in 17ms @ http://localhost:3000/_next/static/chunks/node_modules_next_dist_1e8vcs8._.js:776
[  850200ms] [LOG] [Fast Refresh] done in 17ms @ http://localhost:3000/_next/static/chunks/node_modules_next_dist_1e8vcs8._.js:776
[  850261ms] [LOG] [Fast Refresh] done in 17ms @ http://localhost:3000/_next/static/chunks/node_modules_next_dist_1e8vcs8._.js:776
[  850324ms] [LOG] [Fast Refresh] done in 17ms @ http://localhost:3000/_next/static/chunks/node_modules_next_dist_1e8vcs8._.js:776
[  850449ms] [LOG] [Fast Refresh] done in 17ms @ http://localhost:3000/_next/static/chunks/node_modules_next_dist_1e8vcs8._.js:776
[  850510ms] [LOG] [Fast Refresh] done in 17ms @ http://localhost:3000/_next/static/chunks/node_modules_next_dist_1e8vcs8._.js:776
[  850575ms] [LOG] [Fast Refresh] done in 17ms @ http://localhost:3000/_next/static/chunks/node_modules_next_dist_1e8vcs8._.js:776
[  850635ms] [LOG] [Fast Refresh] done in 17ms @ http://localhost:3000/_next/static/chunks/node_modules_next_dist_1e8vcs8._.js:776
[  850705ms] [LOG] [Fast Refresh] done in 17ms @ http://localhost:3000/_next/static/chunks/node_modules_next_dist_1e8vcs8._.js:776
[  850793ms] [LOG] [Fast Refresh] done in 17ms @ http://localhost:3000/_next/static/chunks/node_modules_next_dist_1e8vcs8._.js:776
[  850853ms] [LOG] [Fast Refresh] done in 17ms @ http://localhost:3000/_next/static/chunks/node_modules_next_dist_1e8vcs8._.js:776
[  850914ms] [LOG] [Fast Refresh] done in 17ms @ http://localhost:3000/_next/static/chunks/node_modules_next_dist_1e8vcs8._.js:776
[  850976ms] [LOG] [Fast Refresh] done in 17ms @ http://localhost:3000/_next/static/chunks/node_modules_next_dist_1e8vcs8._.js:776
[  851039ms] [LOG] [Fast Refresh] done in 17ms @ http://localhost:3000/_next/static/chunks/node_modules_next_dist_1e8vcs8._.js:776
[  851101ms] [LOG] [Fast Refresh] done in 17ms @ http://localhost:3000/_next/static/chunks/node_modules_next_dist_1e8vcs8._.js:776
[  851163ms] [LOG] [Fast Refresh] done in 17ms @ http://localhost:3000/_next/static/chunks/node_modules_next_dist_1e8vcs8._.js:776
[  851227ms] [LOG] [Fast Refresh] done in 17ms @ http://localhost:3000/_next/static/chunks/node_modules_next_dist_1e8vcs8._.js:776
[  851291ms] [LOG] [Fast Refresh] done in 17ms @ http://localhost:3000/_next/static/chunks/node_modules_next_dist_1e8vcs8._.js:776
[  851353ms] [LOG] [Fast Refresh] done in 17ms @ http://localhost:3000/_next/static/chunks/node_modules_next_dist_1e8vcs8._.js:776
[  851401ms] [LOG] [Fast Refresh] done in 17ms @ http://localhost:3000/_next/static/chunks/node_modules_next_dist_1e8vcs8._.js:776
[  851463ms] [LOG] [Fast Refresh] done in 17ms @ http://localhost:3000/_next/static/chunks/node_modules_next_dist_1e8vcs8._.js:776
[  851526ms] [LOG] [Fast Refresh] done in 17ms @ http://localhost:3000/_next/static/chunks/node_modules_next_dist_1e8vcs8._.js:776
[  851588ms] [LOG] [Fast Refresh] done in 17ms @ http://localhost:3000/_next/static/chunks/node_modules_next_dist_1e8vcs8._.js:776
[  851650ms] [LOG] [Fast Refresh] done in 17ms @ http://localhost:3000/_next/static/chunks/node_modules_next_dist_1e8vcs8._.js:776
[  851711ms] [LOG] [Fast Refresh] done in 17ms @ http://localhost:3000/_next/static/chunks/node_modules_next_dist_1e8vcs8._.js:776
[  851774ms] [LOG] [Fast Refresh] done in 17ms @ http://localhost:3000/_next/static/chunks/node_modules_next_dist_1e8vcs8._.js:776
[  851836ms] [LOG] [Fast Refresh] done in 17ms @ http://localhost:3000/_next/static/chunks/node_modules_next_dist_1e8vcs8._.js:776
[  851899ms] [LOG] [Fast Refresh] done in 17ms @ http://localhost:3000/_next/static/chunks/node_modules_next_dist_1e8vcs8._.js:776
[  851961ms] [LOG] [Fast Refresh] done in 17ms @ http://localhost:3000/_next/static/chunks/node_modules_next_dist_1e8vcs8._.js:776
[  852025ms] [LOG] [Fast Refresh] done in 17ms @ http://localhost:3000/_next/static/chunks/node_modules_next_dist_1e8vcs8._.js:776
[  852088ms] [LOG] [Fast Refresh] done in 17ms @ http://localhost:3000/_next/static/chunks/node_modules_next_dist_1e8vcs8._.js:776
[  852149ms] [LOG] [Fast Refresh] done in 17ms @ http://localhost:3000/_next/static/chunks/node_modules_next_dist_1e8vcs8._.js:776
[  852211ms] [LOG] [Fast Refresh] done in 17ms @ http://localhost:3000/_next/static/chunks/node_modules_next_dist_1e8vcs8._.js:776
[  852272ms] [LOG] [Fast Refresh] done in 17ms @ http://localhost:3000/_next/static/chunks/node_modules_next_dist_1e8vcs8._.js:776
[  852334ms] [LOG] [Fast Refresh] done in 17ms @ http://localhost:3000/_next/static/chunks/node_modules_next_dist_1e8vcs8._.js:776
[  852396ms] [LOG] [Fast Refresh] done in 17ms @ http://localhost:3000/_next/static/chunks/node_modules_next_dist_1e8vcs8._.js:776
[  852460ms] [LOG] [Fast Refresh] done in 17ms @ http://localhost:3000/_next/static/chunks/node_modules_next_dist_1e8vcs8._.js:776
[  852524ms] [LOG] [Fast Refresh] done in 17ms @ http://localhost:3000/_next/static/chunks/node_modules_next_dist_1e8vcs8._.js:776
[  852586ms] [LOG] [Fast Refresh] done in 17ms @ http://localhost:3000/_next/static/chunks/node_modules_next_dist_1e8vcs8._.js:776
[  852649ms] [LOG] [Fast Refresh] done in 17ms @ http://localhost:3000/_next/static/chunks/node_modules_next_dist_1e8vcs8._.js:776
[  852711ms] [LOG] [Fast Refresh] done in 17ms @ http://localhost:3000/_next/static/chunks/node_modules_next_dist_1e8vcs8._.js:776
[  852774ms] [LOG] [Fast Refresh] done in 17ms @ http://localhost:3000/_next/static/chunks/node_modules_next_dist_1e8vcs8._.js:776
[  852838ms] [LOG] [Fast Refresh] done in 17ms @ http://localhost:3000/_next/static/chunks/node_modules_next_dist_1e8vcs8._.js:776
[  852900ms] [LOG] [Fast Refresh] done in 17ms @ http://localhost:3000/_next/static/chunks/node_modules_next_dist_1e8vcs8._.js:776
[  852962ms] [LOG] [Fast Refresh] done in 17ms @ http://localhost:3000/_next/static/chunks/node_modules_next_dist_1e8vcs8._.js:776
[  853024ms] [LOG] [Fast Refresh] done in 17ms @ http://localhost:3000/_next/static/chunks/node_modules_next_dist_1e8vcs8._.js:776
[  853086ms] [LOG] [Fast Refresh] done in 17ms @ http://localhost:3000/_next/static/chunks/node_modules_next_dist_1e8vcs8._.js:776
[  853141ms] [LOG] [Fast Refresh] done in 17ms @ http://localhost:3000/_next/static/chunks/node_modules_next_dist_1e8vcs8._.js:776
[  853227ms] [LOG] [Fast Refresh] done in 17ms @ http://localhost:3000/_next/static/chunks/node_modules_next_dist_1e8vcs8._.js:776
[  853289ms] [LOG] [Fast Refresh] done in 17ms @ http://localhost:3000/_next/static/chunks/node_modules_next_dist_1e8vcs8._.js:776
[  853349ms] [LOG] [Fast Refresh] done in 17ms @ http://localhost:3000/_next/static/chunks/node_modules_next_dist_1e8vcs8._.js:776
[  853412ms] [LOG] [Fast Refresh] done in 17ms @ http://localhost:3000/_next/static/chunks/node_modules_next_dist_1e8vcs8._.js:776
[  853624ms] [LOG] [Fast Refresh] rebuilding @ http://localhost:3000/_next/static/chunks/node_modules_next_dist_1e8vcs8._.js:776
[  853673ms] [LOG] [Fast Refresh] done in 110ms @ http://localhost:3000/_next/static/chunks/node_modules_next_dist_1e8vcs8._.js:776
[  853739ms] [LOG] [Fast Refresh] done in 110ms @ http://localhost:3000/_next/static/chunks/node_modules_next_dist_1e8vcs8._.js:776
[  853802ms] [LOG] [Fast Refresh] done in 110ms @ http://localhost:3000/_next/static/chunks/node_modules_next_dist_1e8vcs8._.js:776
[  853866ms] [LOG] [Fast Refresh] done in 110ms @ http://localhost:3000/_next/static/chunks/node_modules_next_dist_1e8vcs8._.js:776
[  853925ms] [LOG] [Fast Refresh] done in 110ms @ http://localhost:3000/_next/static/chunks/node_modules_next_dist_1e8vcs8._.js:776
[  853986ms] [LOG] [Fast Refresh] done in 110ms @ http://localhost:3000/_next/static/chunks/node_modules_next_dist_1e8vcs8._.js:776
[  854048ms] [LOG] [Fast Refresh] done in 110ms @ http://localhost:3000/_next/static/chunks/node_modules_next_dist_1e8vcs8._.js:776
[  854113ms] [LOG] [Fast Refresh] done in 110ms @ http://localhost:3000/_next/static/chunks/node_modules_next_dist_1e8vcs8._.js:776
[  854174ms] [LOG] [Fast Refresh] done in 110ms @ http://localhost:3000/_next/static/chunks/node_modules_next_dist_1e8vcs8._.js:776
[  854236ms] [LOG] [Fast Refresh] done in 110ms @ http://localhost:3000/_next/static/chunks/node_modules_next_dist_1e8vcs8._.js:776
[  854296ms] [LOG] [Fast Refresh] done in 110ms @ http://localhost:3000/_next/static/chunks/node_modules_next_dist_1e8vcs8._.js:776
[  854357ms] [LOG] [Fast Refresh] done in 110ms @ http://localhost:3000/_next/static/chunks/node_modules_next_dist_1e8vcs8._.js:776
[  854420ms] [LOG] [Fast Refresh] done in 110ms @ http://localhost:3000/_next/static/chunks/node_modules_next_dist_1e8vcs8._.js:776
[  854482ms] [LOG] [Fast Refresh] done in 110ms @ http://localhost:3000/_next/static/chunks/node_modules_next_dist_1e8vcs8._.js:776
[  854543ms] [LOG] [Fast Refresh] done in 110ms @ http://localhost:3000/_next/static/chunks/node_modules_next_dist_1e8vcs8._.js:776
[  854607ms] [LOG] [Fast Refresh] done in 110ms @ http://localhost:3000/_next/static/chunks/node_modules_next_dist_1e8vcs8._.js:776
[  854668ms] [LOG] [Fast Refresh] done in 110ms @ http://localhost:3000/_next/static/chunks/node_modules_next_dist_1e8vcs8._.js:776
[  854732ms] [LOG] [Fast Refresh] done in 110ms @ http://localhost:3000/_next/static/chunks/node_modules_next_dist_1e8vcs8._.js:776
[  854793ms] [LOG] [Fast Refresh] done in 110ms @ http://localhost:3000/_next/static/chunks/node_modules_next_dist_1e8vcs8._.js:776
[  854855ms] [LOG] [Fast Refresh] done in 110ms @ http://localhost:3000/_next/static/chunks/node_modules_next_dist_1e8vcs8._.js:776
[  854917ms] [LOG] [Fast Refresh] done in 110ms @ http://localhost:3000/_next/static/chunks/node_modules_next_dist_1e8vcs8._.js:776
[  854981ms] [LOG] [Fast Refresh] done in 110ms @ http://localhost:3000/_next/static/chunks/node_modules_next_dist_1e8vcs8._.js:776
[  855042ms] [LOG] [Fast Refresh] done in 110ms @ http://localhost:3000/_next/static/chunks/node_modules_next_dist_1e8vcs8._.js:776
[  855104ms] [LOG] [Fast Refresh] done in 110ms @ http://localhost:3000/_next/static/chunks/node_modules_next_dist_1e8vcs8._.js:776
[  855338ms] [LOG] [Fast Refresh] done in 110ms @ http://localhost:3000/_next/static/chunks/node_modules_next_dist_1e8vcs8._.js:776
[  855400ms] [LOG] [Fast Refresh] done in 110ms @ http://localhost:3000/_next/static/chunks/node_modules_next_dist_1e8vcs8._.js:776
[  855450ms] [LOG] [Fast Refresh] done in 110ms @ http://localhost:3000/_next/static/chunks/node_modules_next_dist_1e8vcs8._.js:776
[  855510ms] [LOG] [Fast Refresh] done in 110ms @ http://localhost:3000/_next/static/chunks/node_modules_next_dist_1e8vcs8._.js:776
[  855574ms] [LOG] [Fast Refresh] done in 110ms @ http://localhost:3000/_next/static/chunks/node_modules_next_dist_1e8vcs8._.js:776
[  855636ms] [LOG] [Fast Refresh] done in 110ms @ http://localhost:3000/_next/static/chunks/node_modules_next_dist_1e8vcs8._.js:776
[  855700ms] [LOG] [Fast Refresh] done in 110ms @ http://localhost:3000/_next/static/chunks/node_modules_next_dist_1e8vcs8._.js:776
[  855763ms] [LOG] [Fast Refresh] done in 110ms @ http://localhost:3000/_next/static/chunks/node_modules_next_dist_1e8vcs8._.js:776
[  855825ms] [LOG] [Fast Refresh] done in 110ms @ http://localhost:3000/_next/static/chunks/node_modules_next_dist_1e8vcs8._.js:776
[  855901ms] [LOG] [Fast Refresh] done in 110ms @ http://localhost:3000/_next/static/chunks/node_modules_next_dist_1e8vcs8._.js:776
[  855966ms] [LOG] [Fast Refresh] done in 110ms @ http://localhost:3000/_next/static/chunks/node_modules_next_dist_1e8vcs8._.js:776
[  856029ms] [LOG] [Fast Refresh] done in 110ms @ http://localhost:3000/_next/static/chunks/node_modules_next_dist_1e8vcs8._.js:776
[  856091ms] [LOG] [Fast Refresh] done in 110ms @ http://localhost:3000/_next/static/chunks/node_modules_next_dist_1e8vcs8._.js:776
[  856152ms] [LOG] [Fast Refresh] done in 110ms @ http://localhost:3000/_next/static/chunks/node_modules_next_dist_1e8vcs8._.js:776
[  856216ms] [LOG] [Fast Refresh] done in 110ms @ http://localhost:3000/_next/static/chunks/node_modules_next_dist_1e8vcs8._.js:776
[  856277ms] [LOG] [Fast Refresh] done in 110ms @ http://localhost:3000/_next/static/chunks/node_modules_next_dist_1e8vcs8._.js:776
[  856341ms] [LOG] [Fast Refresh] done in 110ms @ http://localhost:3000/_next/static/chunks/node_modules_next_dist_1e8vcs8._.js:776
[  856401ms] [LOG] [Fast Refresh] done in 110ms @ http://localhost:3000/_next/static/chunks/node_modules_next_dist_1e8vcs8._.js:776
[  856469ms] [LOG] [Fast Refresh] done in 110ms @ http://localhost:3000/_next/static/chunks/node_modules_next_dist_1e8vcs8._.js:776
[  856526ms] [LOG] [Fast Refresh] done in 110ms @ http://localhost:3000/_next/static/chunks/node_modules_next_dist_1e8vcs8._.js:776
[  856588ms] [LOG] [Fast Refresh] done in 110ms @ http://localhost:3000/_next/static/chunks/node_modules_next_dist_1e8vcs8._.js:776
[  856653ms] [LOG] [Fast Refresh] done in 110ms @ http://localhost:3000/_next/static/chunks/node_modules_next_dist_1e8vcs8._.js:776
[  856732ms] [LOG] [Fast Refresh] done in 110ms @ http://localhost:3000/_next/static/chunks/node_modules_next_dist_1e8vcs8._.js:776
[  856792ms] [LOG] [Fast Refresh] done in 110ms @ http://localhost:3000/_next/static/chunks/node_modules_next_dist_1e8vcs8._.js:776
[  856854ms] [LOG] [Fast Refresh] done in 110ms @ http://localhost:3000/_next/static/chunks/node_modules_next_dist_1e8vcs8._.js:776
[  856918ms] [LOG] [Fast Refresh] done in 110ms @ http://localhost:3000/_next/static/chunks/node_modules_next_dist_1e8vcs8._.js:776
[  856981ms] [LOG] [Fast Refresh] done in 110ms @ http://localhost:3000/_next/static/chunks/node_modules_next_dist_1e8vcs8._.js:776
[  857043ms] [LOG] [Fast Refresh] done in 110ms @ http://localhost:3000/_next/static/chunks/node_modules_next_dist_1e8vcs8._.js:776
[  857107ms] [LOG] [Fast Refresh] done in 110ms @ http://localhost:3000/_next/static/chunks/node_modules_next_dist_1e8vcs8._.js:776
[  857168ms] [LOG] [Fast Refresh] done in 110ms @ http://localhost:3000/_next/static/chunks/node_modules_next_dist_1e8vcs8._.js:776
[  857233ms] [LOG] [Fast Refresh] done in 110ms @ http://localhost:3000/_next/static/chunks/node_modules_next_dist_1e8vcs8._.js:776
[  857293ms] [LOG] [Fast Refresh] done in 110ms @ http://localhost:3000/_next/static/chunks/node_modules_next_dist_1e8vcs8._.js:776
[  857354ms] [LOG] [Fast Refresh] done in 110ms @ http://localhost:3000/_next/static/chunks/node_modules_next_dist_1e8vcs8._.js:776
[  857417ms] [LOG] [Fast Refresh] done in 110ms @ http://localhost:3000/_next/static/chunks/node_modules_next_dist_1e8vcs8._.js:776
[  857478ms] [LOG] [Fast Refresh] done in 110ms @ http://localhost:3000/_next/static/chunks/node_modules_next_dist_1e8vcs8._.js:776
[  857542ms] [LOG] [Fast Refresh] done in 110ms @ http://localhost:3000/_next/static/chunks/node_modules_next_dist_1e8vcs8._.js:776
[  857602ms] [LOG] [Fast Refresh] done in 110ms @ http://localhost:3000/_next/static/chunks/node_modules_next_dist_1e8vcs8._.js:776
[  857667ms] [LOG] [Fast Refresh] done in 110ms @ http://localhost:3000/_next/static/chunks/node_modules_next_dist_1e8vcs8._.js:776
[  857726ms] [LOG] [Fast Refresh] done in 110ms @ http://localhost:3000/_next/static/chunks/node_modules_next_dist_1e8vcs8._.js:776
[  857789ms] [LOG] [Fast Refresh] done in 110ms @ http://localhost:3000/_next/static/chunks/node_modules_next_dist_1e8vcs8._.js:776
[  857851ms] [LOG] [Fast Refresh] done in 110ms @ http://localhost:3000/_next/static/chunks/node_modules_next_dist_1e8vcs8._.js:776
[  857913ms] [LOG] [Fast Refresh] done in 110ms @ http://localhost:3000/_next/static/chunks/node_modules_next_dist_1e8vcs8._.js:776
[  857975ms] [LOG] [Fast Refresh] done in 110ms @ http://localhost:3000/_next/static/chunks/node_modules_next_dist_1e8vcs8._.js:776
[  858037ms] [LOG] [Fast Refresh] done in 110ms @ http://localhost:3000/_next/static/chunks/node_modules_next_dist_1e8vcs8._.js:776
[  858100ms] [LOG] [Fast Refresh] done in 110ms @ http://localhost:3000/_next/static/chunks/node_modules_next_dist_1e8vcs8._.js:776
[  858162ms] [LOG] [Fast Refresh] done in 110ms @ http://localhost:3000/_next/static/chunks/node_modules_next_dist_1e8vcs8._.js:776
[  858210ms] [LOG] [Fast Refresh] done in 110ms @ http://localhost:3000/_next/static/chunks/node_modules_next_dist_1e8vcs8._.js:776
[  858274ms] [LOG] [Fast Refresh] done in 110ms @ http://localhost:3000/_next/static/chunks/node_modules_next_dist_1e8vcs8._.js:776
[  858335ms] [LOG] [Fast Refresh] done in 110ms @ http://localhost:3000/_next/static/chunks/node_modules_next_dist_1e8vcs8._.js:776
[  858400ms] [LOG] [Fast Refresh] done in 110ms @ http://localhost:3000/_next/static/chunks/node_modules_next_dist_1e8vcs8._.js:776
[  858459ms] [LOG] [Fast Refresh] done in 110ms @ http://localhost:3000/_next/static/chunks/node_modules_next_dist_1e8vcs8._.js:776
[  858521ms] [LOG] [Fast Refresh] done in 110ms @ http://localhost:3000/_next/static/chunks/node_modules_next_dist_1e8vcs8._.js:776
[  858584ms] [LOG] [Fast Refresh] done in 110ms @ http://localhost:3000/_next/static/chunks/node_modules_next_dist_1e8vcs8._.js:776
[  858648ms] [LOG] [Fast Refresh] done in 110ms @ http://localhost:3000/_next/static/chunks/node_modules_next_dist_1e8vcs8._.js:776
[  858708ms] [LOG] [Fast Refresh] done in 110ms @ http://localhost:3000/_next/static/chunks/node_modules_next_dist_1e8vcs8._.js:776
[  858780ms] [LOG] [Fast Refresh] done in 110ms @ http://localhost:3000/_next/static/chunks/node_modules_next_dist_1e8vcs8._.js:776
[  858893ms] [LOG] [Fast Refresh] done in 110ms @ http://localhost:3000/_next/static/chunks/node_modules_next_dist_1e8vcs8._.js:776
[  858954ms] [LOG] [Fast Refresh] done in 110ms @ http://localhost:3000/_next/static/chunks/node_modules_next_dist_1e8vcs8._.js:776
[  859016ms] [LOG] [Fast Refresh] done in 110ms @ http://localhost:3000/_next/static/chunks/node_modules_next_dist_1e8vcs8._.js:776
[  859076ms] [LOG] [Fast Refresh] done in 110ms @ http://localhost:3000/_next/static/chunks/node_modules_next_dist_1e8vcs8._.js:776
[  859137ms] [LOG] [Fast Refresh] done in 110ms @ http://localhost:3000/_next/static/chunks/node_modules_next_dist_1e8vcs8._.js:776
[  859201ms] [LOG] [Fast Refresh] done in 110ms @ http://localhost:3000/_next/static/chunks/node_modules_next_dist_1e8vcs8._.js:776
[  859263ms] [LOG] [Fast Refresh] done in 110ms @ http://localhost:3000/_next/static/chunks/node_modules_next_dist_1e8vcs8._.js:776
[  859326ms] [LOG] [Fast Refresh] done in 110ms @ http://localhost:3000/_next/static/chunks/node_modules_next_dist_1e8vcs8._.js:776
[  859388ms] [LOG] [Fast Refresh] done in 110ms @ http://localhost:3000/_next/static/chunks/node_modules_next_dist_1e8vcs8._.js:776
[  859452ms] [LOG] [Fast Refresh] done in 110ms @ http://localhost:3000/_next/static/chunks/node_modules_next_dist_1e8vcs8._.js:776
[  859516ms] [LOG] [Fast Refresh] done in 110ms @ http://localhost:3000/_next/static/chunks/node_modules_next_dist_1e8vcs8._.js:776
[  859578ms] [LOG] [Fast Refresh] done in 110ms @ http://localhost:3000/_next/static/chunks/node_modules_next_dist_1e8vcs8._.js:776
[  859641ms] [LOG] [Fast Refresh] done in 110ms @ http://localhost:3000/_next/static/chunks/node_modules_next_dist_1e8vcs8._.js:776
[  859703ms] [LOG] [Fast Refresh] done in 110ms @ http://localhost:3000/_next/static/chunks/node_modules_next_dist_1e8vcs8._.js:776
[  859767ms] [LOG] [Fast Refresh] done in 110ms @ http://localhost:3000/_next/static/chunks/node_modules_next_dist_1e8vcs8._.js:776
[  859828ms] [LOG] [Fast Refresh] done in 110ms @ http://localhost:3000/_next/static/chunks/node_modules_next_dist_1e8vcs8._.js:776
[  859890ms] [LOG] [Fast Refresh] done in 110ms @ http://localhost:3000/_next/static/chunks/node_modules_next_dist_1e8vcs8._.js:776
[  859953ms] [LOG] [Fast Refresh] done in 110ms @ http://localhost:3000/_next/static/chunks/node_modules_next_dist_1e8vcs8._.js:776
[  860016ms] [LOG] [Fast Refresh] done in 110ms @ http://localhost:3000/_next/static/chunks/node_modules_next_dist_1e8vcs8._.js:776
[  860078ms] [LOG] [Fast Refresh] done in 110ms @ http://localhost:3000/_next/static/chunks/node_modules_next_dist_1e8vcs8._.js:776
[  860140ms] [LOG] [Fast Refresh] done in 110ms @ http://localhost:3000/_next/static/chunks/node_modules_next_dist_1e8vcs8._.js:776
[  860202ms] [LOG] [Fast Refresh] done in 110ms @ http://localhost:3000/_next/static/chunks/node_modules_next_dist_1e8vcs8._.js:776
[  860263ms] [LOG] [Fast Refresh] done in 110ms @ http://localhost:3000/_next/static/chunks/node_modules_next_dist_1e8vcs8._.js:776
[  860326ms] [LOG] [Fast Refresh] done in 110ms @ http://localhost:3000/_next/static/chunks/node_modules_next_dist_1e8vcs8._.js:776
[  860388ms] [LOG] [Fast Refresh] done in 110ms @ http://localhost:3000/_next/static/chunks/node_modules_next_dist_1e8vcs8._.js:776
[  860452ms] [LOG] [Fast Refresh] done in 110ms @ http://localhost:3000/_next/static/chunks/node_modules_next_dist_1e8vcs8._.js:776
[  860516ms] [LOG] [Fast Refresh] done in 110ms @ http://localhost:3000/_next/static/chunks/node_modules_next_dist_1e8vcs8._.js:776
[  860575ms] [LOG] [Fast Refresh] done in 110ms @ http://localhost:3000/_next/static/chunks/node_modules_next_dist_1e8vcs8._.js:776
[  860636ms] [LOG] [Fast Refresh] done in 110ms @ http://localhost:3000/_next/static/chunks/node_modules_next_dist_1e8vcs8._.js:776
[  860699ms] [LOG] [Fast Refresh] done in 110ms @ http://localhost:3000/_next/static/chunks/node_modules_next_dist_1e8vcs8._.js:776
[  860760ms] [LOG] [Fast Refresh] done in 110ms @ http://localhost:3000/_next/static/chunks/node_modules_next_dist_1e8vcs8._.js:776
[  860824ms] [LOG] [Fast Refresh] done in 110ms @ http://localhost:3000/_next/static/chunks/node_modules_next_dist_1e8vcs8._.js:776
[  860885ms] [LOG] [Fast Refresh] done in 110ms @ http://localhost:3000/_next/static/chunks/node_modules_next_dist_1e8vcs8._.js:776
[  860949ms] [LOG] [Fast Refresh] done in 110ms @ http://localhost:3000/_next/static/chunks/node_modules_next_dist_1e8vcs8._.js:776
[  861011ms] [LOG] [Fast Refresh] done in 110ms @ http://localhost:3000/_next/static/chunks/node_modules_next_dist_1e8vcs8._.js:776
[  861103ms] [LOG] [Fast Refresh] done in 110ms @ http://localhost:3000/_next/static/chunks/node_modules_next_dist_1e8vcs8._.js:776
[  861167ms] [LOG] [Fast Refresh] done in 110ms @ http://localhost:3000/_next/static/chunks/node_modules_next_dist_1e8vcs8._.js:776
[  861230ms] [LOG] [Fast Refresh] done in 110ms @ http://localhost:3000/_next/static/chunks/node_modules_next_dist_1e8vcs8._.js:776
[  861291ms] [LOG] [Fast Refresh] done in 110ms @ http://localhost:3000/_next/static/chunks/node_modules_next_dist_1e8vcs8._.js:776
[  861354ms] [LOG] [Fast Refresh] done in 110ms @ http://localhost:3000/_next/static/chunks/node_modules_next_dist_1e8vcs8._.js:776
[  861416ms] [LOG] [Fast Refresh] done in 110ms @ http://localhost:3000/_next/static/chunks/node_modules_next_dist_1e8vcs8._.js:776
[  861479ms] [LOG] [Fast Refresh] done in 110ms @ http://localhost:3000/_next/static/chunks/node_modules_next_dist_1e8vcs8._.js:776
[  861541ms] [LOG] [Fast Refresh] done in 110ms @ http://localhost:3000/_next/static/chunks/node_modules_next_dist_1e8vcs8._.js:776
[  861603ms] [LOG] [Fast Refresh] done in 110ms @ http://localhost:3000/_next/static/chunks/node_modules_next_dist_1e8vcs8._.js:776
[  861666ms] [LOG] [Fast Refresh] done in 110ms @ http://localhost:3000/_next/static/chunks/node_modules_next_dist_1e8vcs8._.js:776
[  861727ms] [LOG] [Fast Refresh] done in 110ms @ http://localhost:3000/_next/static/chunks/node_modules_next_dist_1e8vcs8._.js:776
[  861789ms] [LOG] [Fast Refresh] done in 110ms @ http://localhost:3000/_next/static/chunks/node_modules_next_dist_1e8vcs8._.js:776
[  861851ms] [LOG] [Fast Refresh] done in 110ms @ http://localhost:3000/_next/static/chunks/node_modules_next_dist_1e8vcs8._.js:776
[  861913ms] [LOG] [Fast Refresh] done in 110ms @ http://localhost:3000/_next/static/chunks/node_modules_next_dist_1e8vcs8._.js:776
[  861974ms] [LOG] [Fast Refresh] done in 110ms @ http://localhost:3000/_next/static/chunks/node_modules_next_dist_1e8vcs8._.js:776
[  862035ms] [LOG] [Fast Refresh] done in 110ms @ http://localhost:3000/_next/static/chunks/node_modules_next_dist_1e8vcs8._.js:776
[  862099ms] [LOG] [Fast Refresh] done in 110ms @ http://localhost:3000/_next/static/chunks/node_modules_next_dist_1e8vcs8._.js:776
[  862159ms] [LOG] [Fast Refresh] done in 110ms @ http://localhost:3000/_next/static/chunks/node_modules_next_dist_1e8vcs8._.js:776
[  862223ms] [LOG] [Fast Refresh] done in 110ms @ http://localhost:3000/_next/static/chunks/node_modules_next_dist_1e8vcs8._.js:776
[  862283ms] [LOG] [Fast Refresh] done in 110ms @ http://localhost:3000/_next/static/chunks/node_modules_next_dist_1e8vcs8._.js:776
[  862344ms] [LOG] [Fast Refresh] done in 110ms @ http://localhost:3000/_next/static/chunks/node_modules_next_dist_1e8vcs8._.js:776
[  862407ms] [LOG] [Fast Refresh] done in 110ms @ http://localhost:3000/_next/static/chunks/node_modules_next_dist_1e8vcs8._.js:776
[  862469ms] [LOG] [Fast Refresh] done in 110ms @ http://localhost:3000/_next/static/chunks/node_modules_next_dist_1e8vcs8._.js:776
[  862532ms] [LOG] [Fast Refresh] done in 110ms @ http://localhost:3000/_next/static/chunks/node_modules_next_dist_1e8vcs8._.js:776
[  862593ms] [LOG] [Fast Refresh] done in 110ms @ http://localhost:3000/_next/static/chunks/node_modules_next_dist_1e8vcs8._.js:776
[  862658ms] [LOG] [Fast Refresh] done in 110ms @ http://localhost:3000/_next/static/chunks/node_modules_next_dist_1e8vcs8._.js:776
[  862881ms] [LOG] [Fast Refresh] rebuilding @ http://localhost:3000/_next/static/chunks/node_modules_next_dist_1e8vcs8._.js:776
[  863033ms] [LOG] [Fast Refresh] done in 220ms @ http://localhost:3000/_next/static/chunks/node_modules_next_dist_1e8vcs8._.js:776
[  863094ms] [LOG] [Fast Refresh] done in 220ms @ http://localhost:3000/_next/static/chunks/node_modules_next_dist_1e8vcs8._.js:776
[  863154ms] [LOG] [Fast Refresh] done in 220ms @ http://localhost:3000/_next/static/chunks/node_modules_next_dist_1e8vcs8._.js:776
[  863216ms] [LOG] [Fast Refresh] done in 220ms @ http://localhost:3000/_next/static/chunks/node_modules_next_dist_1e8vcs8._.js:776
[  863277ms] [LOG] [Fast Refresh] done in 220ms @ http://localhost:3000/_next/static/chunks/node_modules_next_dist_1e8vcs8._.js:776
[  863337ms] [LOG] [Fast Refresh] done in 220ms @ http://localhost:3000/_next/static/chunks/node_modules_next_dist_1e8vcs8._.js:776
[  863399ms] [LOG] [Fast Refresh] done in 220ms @ http://localhost:3000/_next/static/chunks/node_modules_next_dist_1e8vcs8._.js:776
[  863461ms] [LOG] [Fast Refresh] done in 220ms @ http://localhost:3000/_next/static/chunks/node_modules_next_dist_1e8vcs8._.js:776
[  863541ms] [LOG] [Fast Refresh] done in 220ms @ http://localhost:3000/_next/static/chunks/node_modules_next_dist_1e8vcs8._.js:776
[  863603ms] [LOG] [Fast Refresh] done in 220ms @ http://localhost:3000/_next/static/chunks/node_modules_next_dist_1e8vcs8._.js:776
[  863666ms] [LOG] [Fast Refresh] done in 220ms @ http://localhost:3000/_next/static/chunks/node_modules_next_dist_1e8vcs8._.js:776
[  863727ms] [LOG] [Fast Refresh] done in 220ms @ http://localhost:3000/_next/static/chunks/node_modules_next_dist_1e8vcs8._.js:776
[  863800ms] [LOG] [Fast Refresh] done in 220ms @ http://localhost:3000/_next/static/chunks/node_modules_next_dist_1e8vcs8._.js:776
[  863851ms] [LOG] [Fast Refresh] done in 220ms @ http://localhost:3000/_next/static/chunks/node_modules_next_dist_1e8vcs8._.js:776
[  863913ms] [LOG] [Fast Refresh] done in 220ms @ http://localhost:3000/_next/static/chunks/node_modules_next_dist_1e8vcs8._.js:776
[  863976ms] [LOG] [Fast Refresh] done in 220ms @ http://localhost:3000/_next/static/chunks/node_modules_next_dist_1e8vcs8._.js:776
[  864041ms] [LOG] [Fast Refresh] done in 220ms @ http://localhost:3000/_next/static/chunks/node_modules_next_dist_1e8vcs8._.js:776
[  864102ms] [LOG] [Fast Refresh] done in 220ms @ http://localhost:3000/_next/static/chunks/node_modules_next_dist_1e8vcs8._.js:776
[  864165ms] [LOG] [Fast Refresh] done in 220ms @ http://localhost:3000/_next/static/chunks/node_modules_next_dist_1e8vcs8._.js:776
[  864226ms] [LOG] [Fast Refresh] done in 220ms @ http://localhost:3000/_next/static/chunks/node_modules_next_dist_1e8vcs8._.js:776
[  864291ms] [LOG] [Fast Refresh] done in 220ms @ http://localhost:3000/_next/static/chunks/node_modules_next_dist_1e8vcs8._.js:776
[  864350ms] [LOG] [Fast Refresh] done in 220ms @ http://localhost:3000/_next/static/chunks/node_modules_next_dist_1e8vcs8._.js:776
[  864413ms] [LOG] [Fast Refresh] done in 220ms @ http://localhost:3000/_next/static/chunks/node_modules_next_dist_1e8vcs8._.js:776
[  864475ms] [LOG] [Fast Refresh] done in 220ms @ http://localhost:3000/_next/static/chunks/node_modules_next_dist_1e8vcs8._.js:776
[  864538ms] [LOG] [Fast Refresh] done in 220ms @ http://localhost:3000/_next/static/chunks/node_modules_next_dist_1e8vcs8._.js:776
[  864600ms] [LOG] [Fast Refresh] done in 220ms @ http://localhost:3000/_next/static/chunks/node_modules_next_dist_1e8vcs8._.js:776
[  864661ms] [LOG] [Fast Refresh] done in 220ms @ http://localhost:3000/_next/static/chunks/node_modules_next_dist_1e8vcs8._.js:776
[  864724ms] [LOG] [Fast Refresh] done in 220ms @ http://localhost:3000/_next/static/chunks/node_modules_next_dist_1e8vcs8._.js:776
[  864786ms] [LOG] [Fast Refresh] done in 220ms @ http://localhost:3000/_next/static/chunks/node_modules_next_dist_1e8vcs8._.js:776
[  864850ms] [LOG] [Fast Refresh] done in 220ms @ http://localhost:3000/_next/static/chunks/node_modules_next_dist_1e8vcs8._.js:776
[  864911ms] [LOG] [Fast Refresh] done in 220ms @ http://localhost:3000/_next/static/chunks/node_modules_next_dist_1e8vcs8._.js:776
[  864975ms] [LOG] [Fast Refresh] done in 220ms @ http://localhost:3000/_next/static/chunks/node_modules_next_dist_1e8vcs8._.js:776
[  865034ms] [LOG] [Fast Refresh] done in 220ms @ http://localhost:3000/_next/static/chunks/node_modules_next_dist_1e8vcs8._.js:776
[  865096ms] [LOG] [Fast Refresh] done in 220ms @ http://localhost:3000/_next/static/chunks/node_modules_next_dist_1e8vcs8._.js:776
[  865159ms] [LOG] [Fast Refresh] done in 220ms @ http://localhost:3000/_next/static/chunks/node_modules_next_dist_1e8vcs8._.js:776
[  865222ms] [LOG] [Fast Refresh] done in 220ms @ http://localhost:3000/_next/static/chunks/node_modules_next_dist_1e8vcs8._.js:776
[  865283ms] [LOG] [Fast Refresh] done in 220ms @ http://localhost:3000/_next/static/chunks/node_modules_next_dist_1e8vcs8._.js:776
[  865345ms] [LOG] [Fast Refresh] done in 220ms @ http://localhost:3000/_next/static/chunks/node_modules_next_dist_1e8vcs8._.js:776
[  865408ms] [LOG] [Fast Refresh] done in 220ms @ http://localhost:3000/_next/static/chunks/node_modules_next_dist_1e8vcs8._.js:776
[  865470ms] [LOG] [Fast Refresh] done in 220ms @ http://localhost:3000/_next/static/chunks/node_modules_next_dist_1e8vcs8._.js:776
[  865534ms] [LOG] [Fast Refresh] done in 220ms @ http://localhost:3000/_next/static/chunks/node_modules_next_dist_1e8vcs8._.js:776
[  865596ms] [LOG] [Fast Refresh] done in 220ms @ http://localhost:3000/_next/static/chunks/node_modules_next_dist_1e8vcs8._.js:776
[  865659ms] [LOG] [Fast Refresh] done in 220ms @ http://localhost:3000/_next/static/chunks/node_modules_next_dist_1e8vcs8._.js:776
[  865725ms] [LOG] [Fast Refresh] done in 220ms @ http://localhost:3000/_next/static/chunks/node_modules_next_dist_1e8vcs8._.js:776
[  865785ms] [LOG] [Fast Refresh] done in 220ms @ http://localhost:3000/_next/static/chunks/node_modules_next_dist_1e8vcs8._.js:776
[  865848ms] [LOG] [Fast Refresh] done in 220ms @ http://localhost:3000/_next/static/chunks/node_modules_next_dist_1e8vcs8._.js:776
[  865912ms] [LOG] [Fast Refresh] done in 220ms @ http://localhost:3000/_next/static/chunks/node_modules_next_dist_1e8vcs8._.js:776
[  866001ms] [LOG] [Fast Refresh] done in 220ms @ http://localhost:3000/_next/static/chunks/node_modules_next_dist_1e8vcs8._.js:776
[  866067ms] [LOG] [Fast Refresh] done in 220ms @ http://localhost:3000/_next/static/chunks/node_modules_next_dist_1e8vcs8._.js:776
[  866130ms] [LOG] [Fast Refresh] done in 220ms @ http://localhost:3000/_next/static/chunks/node_modules_next_dist_1e8vcs8._.js:776
[  866192ms] [LOG] [Fast Refresh] done in 220ms @ http://localhost:3000/_next/static/chunks/node_modules_next_dist_1e8vcs8._.js:776
[  866255ms] [LOG] [Fast Refresh] done in 220ms @ http://localhost:3000/_next/static/chunks/node_modules_next_dist_1e8vcs8._.js:776
[  866317ms] [LOG] [Fast Refresh] done in 220ms @ http://localhost:3000/_next/static/chunks/node_modules_next_dist_1e8vcs8._.js:776
[  866383ms] [LOG] [Fast Refresh] done in 220ms @ http://localhost:3000/_next/static/chunks/node_modules_next_dist_1e8vcs8._.js:776
[  866443ms] [LOG] [Fast Refresh] done in 220ms @ http://localhost:3000/_next/static/chunks/node_modules_next_dist_1e8vcs8._.js:776
[  866504ms] [LOG] [Fast Refresh] done in 220ms @ http://localhost:3000/_next/static/chunks/node_modules_next_dist_1e8vcs8._.js:776
[  866565ms] [LOG] [Fast Refresh] done in 220ms @ http://localhost:3000/_next/static/chunks/node_modules_next_dist_1e8vcs8._.js:776
[  866628ms] [LOG] [Fast Refresh] done in 220ms @ http://localhost:3000/_next/static/chunks/node_modules_next_dist_1e8vcs8._.js:776
[  866692ms] [LOG] [Fast Refresh] done in 220ms @ http://localhost:3000/_next/static/chunks/node_modules_next_dist_1e8vcs8._.js:776
[  866752ms] [LOG] [Fast Refresh] done in 220ms @ http://localhost:3000/_next/static/chunks/node_modules_next_dist_1e8vcs8._.js:776
[  866815ms] [LOG] [Fast Refresh] done in 220ms @ http://localhost:3000/_next/static/chunks/node_modules_next_dist_1e8vcs8._.js:776
[  866876ms] [LOG] [Fast Refresh] done in 220ms @ http://localhost:3000/_next/static/chunks/node_modules_next_dist_1e8vcs8._.js:776
[  866943ms] [LOG] [Fast Refresh] done in 220ms @ http://localhost:3000/_next/static/chunks/node_modules_next_dist_1e8vcs8._.js:776
[  867001ms] [LOG] [Fast Refresh] done in 220ms @ http://localhost:3000/_next/static/chunks/node_modules_next_dist_1e8vcs8._.js:776
[  867063ms] [LOG] [Fast Refresh] done in 220ms @ http://localhost:3000/_next/static/chunks/node_modules_next_dist_1e8vcs8._.js:776
[  867127ms] [LOG] [Fast Refresh] done in 220ms @ http://localhost:3000/_next/static/chunks/node_modules_next_dist_1e8vcs8._.js:776
[  867192ms] [LOG] [Fast Refresh] done in 220ms @ http://localhost:3000/_next/static/chunks/node_modules_next_dist_1e8vcs8._.js:776
[  867251ms] [LOG] [Fast Refresh] done in 220ms @ http://localhost:3000/_next/static/chunks/node_modules_next_dist_1e8vcs8._.js:776
[  867315ms] [LOG] [Fast Refresh] done in 220ms @ http://localhost:3000/_next/static/chunks/node_modules_next_dist_1e8vcs8._.js:776
[  867377ms] [LOG] [Fast Refresh] done in 220ms @ http://localhost:3000/_next/static/chunks/node_modules_next_dist_1e8vcs8._.js:776
[  867442ms] [LOG] [Fast Refresh] done in 220ms @ http://localhost:3000/_next/static/chunks/node_modules_next_dist_1e8vcs8._.js:776
[  867501ms] [LOG] [Fast Refresh] done in 220ms @ http://localhost:3000/_next/static/chunks/node_modules_next_dist_1e8vcs8._.js:776
[  867563ms] [LOG] [Fast Refresh] done in 220ms @ http://localhost:3000/_next/static/chunks/node_modules_next_dist_1e8vcs8._.js:776
[  867611ms] [LOG] [Fast Refresh] done in 220ms @ http://localhost:3000/_next/static/chunks/node_modules_next_dist_1e8vcs8._.js:776
[  867674ms] [LOG] [Fast Refresh] done in 220ms @ http://localhost:3000/_next/static/chunks/node_modules_next_dist_1e8vcs8._.js:776
[  867736ms] [LOG] [Fast Refresh] done in 220ms @ http://localhost:3000/_next/static/chunks/node_modules_next_dist_1e8vcs8._.js:776
[  867799ms] [LOG] [Fast Refresh] done in 220ms @ http://localhost:3000/_next/static/chunks/node_modules_next_dist_1e8vcs8._.js:776
[  867861ms] [LOG] [Fast Refresh] done in 220ms @ http://localhost:3000/_next/static/chunks/node_modules_next_dist_1e8vcs8._.js:776
[  867924ms] [LOG] [Fast Refresh] done in 220ms @ http://localhost:3000/_next/static/chunks/node_modules_next_dist_1e8vcs8._.js:776
[  868003ms] [LOG] [Fast Refresh] done in 220ms @ http://localhost:3000/_next/static/chunks/node_modules_next_dist_1e8vcs8._.js:776
[  868066ms] [LOG] [Fast Refresh] done in 220ms @ http://localhost:3000/_next/static/chunks/node_modules_next_dist_1e8vcs8._.js:776
[  868126ms] [LOG] [Fast Refresh] done in 220ms @ http://localhost:3000/_next/static/chunks/node_modules_next_dist_1e8vcs8._.js:776
[  868188ms] [LOG] [Fast Refresh] done in 220ms @ http://localhost:3000/_next/static/chunks/node_modules_next_dist_1e8vcs8._.js:776
[  868251ms] [LOG] [Fast Refresh] done in 220ms @ http://localhost:3000/_next/static/chunks/node_modules_next_dist_1e8vcs8._.js:776
[  868313ms] [LOG] [Fast Refresh] done in 220ms @ http://localhost:3000/_next/static/chunks/node_modules_next_dist_1e8vcs8._.js:776
[  868376ms] [LOG] [Fast Refresh] done in 220ms @ http://localhost:3000/_next/static/chunks/node_modules_next_dist_1e8vcs8._.js:776
[  868438ms] [LOG] [Fast Refresh] done in 220ms @ http://localhost:3000/_next/static/chunks/node_modules_next_dist_1e8vcs8._.js:776
[  868500ms] [LOG] [Fast Refresh] done in 220ms @ http://localhost:3000/_next/static/chunks/node_modules_next_dist_1e8vcs8._.js:776
[  868563ms] [LOG] [Fast Refresh] done in 220ms @ http://localhost:3000/_next/static/chunks/node_modules_next_dist_1e8vcs8._.js:776
[  868627ms] [LOG] [Fast Refresh] done in 220ms @ http://localhost:3000/_next/static/chunks/node_modules_next_dist_1e8vcs8._.js:776
[  868688ms] [LOG] [Fast Refresh] done in 220ms @ http://localhost:3000/_next/static/chunks/node_modules_next_dist_1e8vcs8._.js:776
[  868751ms] [LOG] [Fast Refresh] done in 220ms @ http://localhost:3000/_next/static/chunks/node_modules_next_dist_1e8vcs8._.js:776
[  868813ms] [LOG] [Fast Refresh] done in 220ms @ http://localhost:3000/_next/static/chunks/node_modules_next_dist_1e8vcs8._.js:776
[  868875ms] [LOG] [Fast Refresh] done in 220ms @ http://localhost:3000/_next/static/chunks/node_modules_next_dist_1e8vcs8._.js:776
[  868939ms] [LOG] [Fast Refresh] done in 220ms @ http://localhost:3000/_next/static/chunks/node_modules_next_dist_1e8vcs8._.js:776
[  869000ms] [LOG] [Fast Refresh] done in 220ms @ http://localhost:3000/_next/static/chunks/node_modules_next_dist_1e8vcs8._.js:776
[  869063ms] [LOG] [Fast Refresh] done in 220ms @ http://localhost:3000/_next/static/chunks/node_modules_next_dist_1e8vcs8._.js:776
[  869126ms] [LOG] [Fast Refresh] done in 220ms @ http://localhost:3000/_next/static/chunks/node_modules_next_dist_1e8vcs8._.js:776
[  869189ms] [LOG] [Fast Refresh] done in 220ms @ http://localhost:3000/_next/static/chunks/node_modules_next_dist_1e8vcs8._.js:776
[  869250ms] [LOG] [Fast Refresh] done in 220ms @ http://localhost:3000/_next/static/chunks/node_modules_next_dist_1e8vcs8._.js:776
[  869313ms] [LOG] [Fast Refresh] done in 220ms @ http://localhost:3000/_next/static/chunks/node_modules_next_dist_1e8vcs8._.js:776
[  869375ms] [LOG] [Fast Refresh] done in 220ms @ http://localhost:3000/_next/static/chunks/node_modules_next_dist_1e8vcs8._.js:776
[  869437ms] [LOG] [Fast Refresh] done in 220ms @ http://localhost:3000/_next/static/chunks/node_modules_next_dist_1e8vcs8._.js:776
[  869499ms] [LOG] [Fast Refresh] done in 220ms @ http://localhost:3000/_next/static/chunks/node_modules_next_dist_1e8vcs8._.js:776
[  869562ms] [LOG] [Fast Refresh] done in 220ms @ http://localhost:3000/_next/static/chunks/node_modules_next_dist_1e8vcs8._.js:776
[  869625ms] [LOG] [Fast Refresh] done in 220ms @ http://localhost:3000/_next/static/chunks/node_modules_next_dist_1e8vcs8._.js:776
[  869688ms] [LOG] [Fast Refresh] done in 220ms @ http://localhost:3000/_next/static/chunks/node_modules_next_dist_1e8vcs8._.js:776
[  869749ms] [LOG] [Fast Refresh] done in 220ms @ http://localhost:3000/_next/static/chunks/node_modules_next_dist_1e8vcs8._.js:776
[  869811ms] [LOG] [Fast Refresh] done in 220ms @ http://localhost:3000/_next/static/chunks/node_modules_next_dist_1e8vcs8._.js:776
[  869874ms] [LOG] [Fast Refresh] done in 220ms @ http://localhost:3000/_next/static/chunks/node_modules_next_dist_1e8vcs8._.js:776
[  869936ms] [LOG] [Fast Refresh] done in 220ms @ http://localhost:3000/_next/static/chunks/node_modules_next_dist_1e8vcs8._.js:776
[  870000ms] [LOG] [Fast Refresh] done in 220ms @ http://localhost:3000/_next/static/chunks/node_modules_next_dist_1e8vcs8._.js:776
[  870061ms] [LOG] [Fast Refresh] done in 220ms @ http://localhost:3000/_next/static/chunks/node_modules_next_dist_1e8vcs8._.js:776
[  870125ms] [LOG] [Fast Refresh] done in 220ms @ http://localhost:3000/_next/static/chunks/node_modules_next_dist_1e8vcs8._.js:776
[  870184ms] [LOG] [Fast Refresh] done in 220ms @ http://localhost:3000/_next/static/chunks/node_modules_next_dist_1e8vcs8._.js:776
[  870255ms] [LOG] [Fast Refresh] done in 220ms @ http://localhost:3000/_next/static/chunks/node_modules_next_dist_1e8vcs8._.js:776
[  870326ms] [LOG] [Fast Refresh] done in 220ms @ http://localhost:3000/_next/static/chunks/node_modules_next_dist_1e8vcs8._.js:776
[  870387ms] [LOG] [Fast Refresh] done in 220ms @ http://localhost:3000/_next/static/chunks/node_modules_next_dist_1e8vcs8._.js:776
[  870451ms] [LOG] [Fast Refresh] done in 220ms @ http://localhost:3000/_next/static/chunks/node_modules_next_dist_1e8vcs8._.js:776
[  870513ms] [LOG] [Fast Refresh] done in 220ms @ http://localhost:3000/_next/static/chunks/node_modules_next_dist_1e8vcs8._.js:776
[  870575ms] [LOG] [Fast Refresh] done in 220ms @ http://localhost:3000/_next/static/chunks/node_modules_next_dist_1e8vcs8._.js:776
[  870637ms] [LOG] [Fast Refresh] done in 220ms @ http://localhost:3000/_next/static/chunks/node_modules_next_dist_1e8vcs8._.js:776
[  870700ms] [LOG] [Fast Refresh] done in 220ms @ http://localhost:3000/_next/static/chunks/node_modules_next_dist_1e8vcs8._.js:776
[  870763ms] [LOG] [Fast Refresh] done in 220ms @ http://localhost:3000/_next/static/chunks/node_modules_next_dist_1e8vcs8._.js:776
[  870826ms] [LOG] [Fast Refresh] done in 220ms @ http://localhost:3000/_next/static/chunks/node_modules_next_dist_1e8vcs8._.js:776
[  870888ms] [LOG] [Fast Refresh] done in 220ms @ http://localhost:3000/_next/static/chunks/node_modules_next_dist_1e8vcs8._.js:776
[  870952ms] [LOG] [Fast Refresh] done in 220ms @ http://localhost:3000/_next/static/chunks/node_modules_next_dist_1e8vcs8._.js:776
[  871014ms] [LOG] [Fast Refresh] done in 220ms @ http://localhost:3000/_next/static/chunks/node_modules_next_dist_1e8vcs8._.js:776
[  871078ms] [LOG] [Fast Refresh] done in 220ms @ http://localhost:3000/_next/static/chunks/node_modules_next_dist_1e8vcs8._.js:776
[  871138ms] [LOG] [Fast Refresh] done in 220ms @ http://localhost:3000/_next/static/chunks/node_modules_next_dist_1e8vcs8._.js:776
[  871201ms] [LOG] [Fast Refresh] done in 220ms @ http://localhost:3000/_next/static/chunks/node_modules_next_dist_1e8vcs8._.js:776
[  871263ms] [LOG] [Fast Refresh] done in 220ms @ http://localhost:3000/_next/static/chunks/node_modules_next_dist_1e8vcs8._.js:776
[  871324ms] [LOG] [Fast Refresh] done in 220ms @ http://localhost:3000/_next/static/chunks/node_modules_next_dist_1e8vcs8._.js:776
[  871387ms] [LOG] [Fast Refresh] done in 220ms @ http://localhost:3000/_next/static/chunks/node_modules_next_dist_1e8vcs8._.js:776
[  871449ms] [LOG] [Fast Refresh] done in 220ms @ http://localhost:3000/_next/static/chunks/node_modules_next_dist_1e8vcs8._.js:776
[  871699ms] [LOG] [Fast Refresh] done in 220ms @ http://localhost:3000/_next/static/chunks/node_modules_next_dist_1e8vcs8._.js:776
[  871763ms] [LOG] [Fast Refresh] done in 220ms @ http://localhost:3000/_next/static/chunks/node_modules_next_dist_1e8vcs8._.js:776
[  871824ms] [LOG] [Fast Refresh] done in 220ms @ http://localhost:3000/_next/static/chunks/node_modules_next_dist_1e8vcs8._.js:776
[  871887ms] [LOG] [Fast Refresh] done in 220ms @ http://localhost:3000/_next/static/chunks/node_modules_next_dist_1e8vcs8._.js:776
[  871951ms] [LOG] [Fast Refresh] done in 220ms @ http://localhost:3000/_next/static/chunks/node_modules_next_dist_1e8vcs8._.js:776
[  872013ms] [LOG] [Fast Refresh] done in 220ms @ http://localhost:3000/_next/static/chunks/node_modules_next_dist_1e8vcs8._.js:776
[  872076ms] [LOG] [Fast Refresh] done in 220ms @ http://localhost:3000/_next/static/chunks/node_modules_next_dist_1e8vcs8._.js:776
[  872138ms] [LOG] [Fast Refresh] done in 220ms @ http://localhost:3000/_next/static/chunks/node_modules_next_dist_1e8vcs8._.js:776
[  872199ms] [LOG] [Fast Refresh] done in 220ms @ http://localhost:3000/_next/static/chunks/node_modules_next_dist_1e8vcs8._.js:776
[  872262ms] [LOG] [Fast Refresh] done in 220ms @ http://localhost:3000/_next/static/chunks/node_modules_next_dist_1e8vcs8._.js:776
[  872325ms] [LOG] [Fast Refresh] done in 220ms @ http://localhost:3000/_next/static/chunks/node_modules_next_dist_1e8vcs8._.js:776
[  872388ms] [LOG] [Fast Refresh] done in 220ms @ http://localhost:3000/_next/static/chunks/node_modules_next_dist_1e8vcs8._.js:776
[  872449ms] [LOG] [Fast Refresh] done in 220ms @ http://localhost:3000/_next/static/chunks/node_modules_next_dist_1e8vcs8._.js:776
[  872515ms] [LOG] [Fast Refresh] done in 220ms @ http://localhost:3000/_next/static/chunks/node_modules_next_dist_1e8vcs8._.js:776
[  872576ms] [LOG] [Fast Refresh] done in 220ms @ http://localhost:3000/_next/static/chunks/node_modules_next_dist_1e8vcs8._.js:776
[  872688ms] [LOG] [Fast Refresh] done in 220ms @ http://localhost:3000/_next/static/chunks/node_modules_next_dist_1e8vcs8._.js:776
[  872745ms] [LOG] [Fast Refresh] done in 220ms @ http://localhost:3000/_next/static/chunks/node_modules_next_dist_1e8vcs8._.js:776
[  872810ms] [LOG] [Fast Refresh] done in 220ms @ http://localhost:3000/_next/static/chunks/node_modules_next_dist_1e8vcs8._.js:776
[  872869ms] [LOG] [Fast Refresh] done in 220ms @ http://localhost:3000/_next/static/chunks/node_modules_next_dist_1e8vcs8._.js:776
[  872937ms] [LOG] [Fast Refresh] done in 220ms @ http://localhost:3000/_next/static/chunks/node_modules_next_dist_1e8vcs8._.js:776
[  873000ms] [LOG] [Fast Refresh] done in 220ms @ http://localhost:3000/_next/static/chunks/node_modules_next_dist_1e8vcs8._.js:776
[  873059ms] [LOG] [Fast Refresh] done in 220ms @ http://localhost:3000/_next/static/chunks/node_modules_next_dist_1e8vcs8._.js:776
[  873121ms] [LOG] [Fast Refresh] done in 220ms @ http://localhost:3000/_next/static/chunks/node_modules_next_dist_1e8vcs8._.js:776
[  873184ms] [LOG] [Fast Refresh] done in 220ms @ http://localhost:3000/_next/static/chunks/node_modules_next_dist_1e8vcs8._.js:776
[  873248ms] [LOG] [Fast Refresh] done in 220ms @ http://localhost:3000/_next/static/chunks/node_modules_next_dist_1e8vcs8._.js:776
[  873309ms] [LOG] [Fast Refresh] done in 220ms @ http://localhost:3000/_next/static/chunks/node_modules_next_dist_1e8vcs8._.js:776
[  873374ms] [LOG] [Fast Refresh] done in 220ms @ http://localhost:3000/_next/static/chunks/node_modules_next_dist_1e8vcs8._.js:776
[  873434ms] [LOG] [Fast Refresh] done in 220ms @ http://localhost:3000/_next/static/chunks/node_modules_next_dist_1e8vcs8._.js:776
[  873498ms] [LOG] [Fast Refresh] done in 220ms @ http://localhost:3000/_next/static/chunks/node_modules_next_dist_1e8vcs8._.js:776
[  873561ms] [LOG] [Fast Refresh] done in 220ms @ http://localhost:3000/_next/static/chunks/node_modules_next_dist_1e8vcs8._.js:776
[  873624ms] [LOG] [Fast Refresh] done in 220ms @ http://localhost:3000/_next/static/chunks/node_modules_next_dist_1e8vcs8._.js:776
[  873686ms] [LOG] [Fast Refresh] done in 220ms @ http://localhost:3000/_next/static/chunks/node_modules_next_dist_1e8vcs8._.js:776
[  873749ms] [LOG] [Fast Refresh] done in 220ms @ http://localhost:3000/_next/static/chunks/node_modules_next_dist_1e8vcs8._.js:776
[  873811ms] [LOG] [Fast Refresh] done in 220ms @ http://localhost:3000/_next/static/chunks/node_modules_next_dist_1e8vcs8._.js:776
[  873874ms] [LOG] [Fast Refresh] done in 220ms @ http://localhost:3000/_next/static/chunks/node_modules_next_dist_1e8vcs8._.js:776
[  873935ms] [LOG] [Fast Refresh] done in 220ms @ http://localhost:3000/_next/static/chunks/node_modules_next_dist_1e8vcs8._.js:776
[  873999ms] [LOG] [Fast Refresh] done in 220ms @ http://localhost:3000/_next/static/chunks/node_modules_next_dist_1e8vcs8._.js:776
[  874061ms] [LOG] [Fast Refresh] done in 220ms @ http://localhost:3000/_next/static/chunks/node_modules_next_dist_1e8vcs8._.js:776
[  874122ms] [LOG] [Fast Refresh] done in 220ms @ http://localhost:3000/_next/static/chunks/node_modules_next_dist_1e8vcs8._.js:776
[  874184ms] [LOG] [Fast Refresh] done in 220ms @ http://localhost:3000/_next/static/chunks/node_modules_next_dist_1e8vcs8._.js:776
[  874250ms] [LOG] [Fast Refresh] done in 220ms @ http://localhost:3000/_next/static/chunks/node_modules_next_dist_1e8vcs8._.js:776
[  874310ms] [LOG] [Fast Refresh] done in 220ms @ http://localhost:3000/_next/static/chunks/node_modules_next_dist_1e8vcs8._.js:776
[  874374ms] [LOG] [Fast Refresh] done in 220ms @ http://localhost:3000/_next/static/chunks/node_modules_next_dist_1e8vcs8._.js:776
[  874434ms] [LOG] [Fast Refresh] done in 220ms @ http://localhost:3000/_next/static/chunks/node_modules_next_dist_1e8vcs8._.js:776
[  874501ms] [LOG] [Fast Refresh] done in 220ms @ http://localhost:3000/_next/static/chunks/node_modules_next_dist_1e8vcs8._.js:776
[  874559ms] [LOG] [Fast Refresh] done in 220ms @ http://localhost:3000/_next/static/chunks/node_modules_next_dist_1e8vcs8._.js:776
[  874620ms] [LOG] [Fast Refresh] done in 220ms @ http://localhost:3000/_next/static/chunks/node_modules_next_dist_1e8vcs8._.js:776
[  874683ms] [LOG] [Fast Refresh] done in 220ms @ http://localhost:3000/_next/static/chunks/node_modules_next_dist_1e8vcs8._.js:776
[  874747ms] [LOG] [Fast Refresh] done in 220ms @ http://localhost:3000/_next/static/chunks/node_modules_next_dist_1e8vcs8._.js:776
[  874809ms] [LOG] [Fast Refresh] done in 220ms @ http://localhost:3000/_next/static/chunks/node_modules_next_dist_1e8vcs8._.js:776
[  874871ms] [LOG] [Fast Refresh] done in 220ms @ http://localhost:3000/_next/static/chunks/node_modules_next_dist_1e8vcs8._.js:776
[  874933ms] [LOG] [Fast Refresh] done in 220ms @ http://localhost:3000/_next/static/chunks/node_modules_next_dist_1e8vcs8._.js:776
[  874995ms] [LOG] [Fast Refresh] done in 220ms @ http://localhost:3000/_next/static/chunks/node_modules_next_dist_1e8vcs8._.js:776
[  875074ms] [LOG] [Fast Refresh] done in 220ms @ http://localhost:3000/_next/static/chunks/node_modules_next_dist_1e8vcs8._.js:776
[  875137ms] [LOG] [Fast Refresh] done in 220ms @ http://localhost:3000/_next/static/chunks/node_modules_next_dist_1e8vcs8._.js:776
[  875200ms] [LOG] [Fast Refresh] done in 220ms @ http://localhost:3000/_next/static/chunks/node_modules_next_dist_1e8vcs8._.js:776
[  875261ms] [LOG] [Fast Refresh] done in 220ms @ http://localhost:3000/_next/static/chunks/node_modules_next_dist_1e8vcs8._.js:776
[  875325ms] [LOG] [Fast Refresh] done in 220ms @ http://localhost:3000/_next/static/chunks/node_modules_next_dist_1e8vcs8._.js:776
[  875387ms] [LOG] [Fast Refresh] done in 220ms @ http://localhost:3000/_next/static/chunks/node_modules_next_dist_1e8vcs8._.js:776
[  875450ms] [LOG] [Fast Refresh] done in 220ms @ http://localhost:3000/_next/static/chunks/node_modules_next_dist_1e8vcs8._.js:776
[  875513ms] [LOG] [Fast Refresh] done in 220ms @ http://localhost:3000/_next/static/chunks/node_modules_next_dist_1e8vcs8._.js:776
[  875576ms] [LOG] [Fast Refresh] done in 220ms @ http://localhost:3000/_next/static/chunks/node_modules_next_dist_1e8vcs8._.js:776
[  875637ms] [LOG] [Fast Refresh] done in 220ms @ http://localhost:3000/_next/static/chunks/node_modules_next_dist_1e8vcs8._.js:776
[  875700ms] [LOG] [Fast Refresh] done in 220ms @ http://localhost:3000/_next/static/chunks/node_modules_next_dist_1e8vcs8._.js:776
[  875763ms] [LOG] [Fast Refresh] done in 220ms @ http://localhost:3000/_next/static/chunks/node_modules_next_dist_1e8vcs8._.js:776
[  875824ms] [LOG] [Fast Refresh] done in 220ms @ http://localhost:3000/_next/static/chunks/node_modules_next_dist_1e8vcs8._.js:776
[  875884ms] [LOG] [Fast Refresh] done in 220ms @ http://localhost:3000/_next/static/chunks/node_modules_next_dist_1e8vcs8._.js:776
[  875948ms] [LOG] [Fast Refresh] done in 220ms @ http://localhost:3000/_next/static/chunks/node_modules_next_dist_1e8vcs8._.js:776
[  876010ms] [LOG] [Fast Refresh] done in 220ms @ http://localhost:3000/_next/static/chunks/node_modules_next_dist_1e8vcs8._.js:776
[  876071ms] [LOG] [Fast Refresh] done in 220ms @ http://localhost:3000/_next/static/chunks/node_modules_next_dist_1e8vcs8._.js:776
[  876134ms] [LOG] [Fast Refresh] done in 220ms @ http://localhost:3000/_next/static/chunks/node_modules_next_dist_1e8vcs8._.js:776
[  876196ms] [LOG] [Fast Refresh] done in 220ms @ http://localhost:3000/_next/static/chunks/node_modules_next_dist_1e8vcs8._.js:776
[  876258ms] [LOG] [Fast Refresh] done in 220ms @ http://localhost:3000/_next/static/chunks/node_modules_next_dist_1e8vcs8._.js:776
[  876319ms] [LOG] [Fast Refresh] done in 220ms @ http://localhost:3000/_next/static/chunks/node_modules_next_dist_1e8vcs8._.js:776
[  876382ms] [LOG] [Fast Refresh] done in 220ms @ http://localhost:3000/_next/static/chunks/node_modules_next_dist_1e8vcs8._.js:776
[  876442ms] [LOG] [Fast Refresh] done in 220ms @ http://localhost:3000/_next/static/chunks/node_modules_next_dist_1e8vcs8._.js:776
[  876505ms] [LOG] [Fast Refresh] done in 220ms @ http://localhost:3000/_next/static/chunks/node_modules_next_dist_1e8vcs8._.js:776
[  876567ms] [LOG] [Fast Refresh] done in 220ms @ http://localhost:3000/_next/static/chunks/node_modules_next_dist_1e8vcs8._.js:776
[  876629ms] [LOG] [Fast Refresh] done in 220ms @ http://localhost:3000/_next/static/chunks/node_modules_next_dist_1e8vcs8._.js:776
[  876690ms] [LOG] [Fast Refresh] done in 220ms @ http://localhost:3000/_next/static/chunks/node_modules_next_dist_1e8vcs8._.js:776
[  876752ms] [LOG] [Fast Refresh] done in 220ms @ http://localhost:3000/_next/static/chunks/node_modules_next_dist_1e8vcs8._.js:776
[  876816ms] [LOG] [Fast Refresh] done in 220ms @ http://localhost:3000/_next/static/chunks/node_modules_next_dist_1e8vcs8._.js:776
[  876876ms] [LOG] [Fast Refresh] done in 220ms @ http://localhost:3000/_next/static/chunks/node_modules_next_dist_1e8vcs8._.js:776
[  876939ms] [LOG] [Fast Refresh] done in 220ms @ http://localhost:3000/_next/static/chunks/node_modules_next_dist_1e8vcs8._.js:776
[  877002ms] [LOG] [Fast Refresh] done in 220ms @ http://localhost:3000/_next/static/chunks/node_modules_next_dist_1e8vcs8._.js:776
[  877066ms] [LOG] [Fast Refresh] done in 220ms @ http://localhost:3000/_next/static/chunks/node_modules_next_dist_1e8vcs8._.js:776
[  877126ms] [LOG] [Fast Refresh] done in 220ms @ http://localhost:3000/_next/static/chunks/node_modules_next_dist_1e8vcs8._.js:776
[  877188ms] [LOG] [Fast Refresh] done in 220ms @ http://localhost:3000/_next/static/chunks/node_modules_next_dist_1e8vcs8._.js:776
[  877260ms] [LOG] [Fast Refresh] done in 220ms @ http://localhost:3000/_next/static/chunks/node_modules_next_dist_1e8vcs8._.js:776
[  877315ms] [LOG] [Fast Refresh] done in 220ms @ http://localhost:3000/_next/static/chunks/node_modules_next_dist_1e8vcs8._.js:776
[  877376ms] [LOG] [Fast Refresh] done in 220ms @ http://localhost:3000/_next/static/chunks/node_modules_next_dist_1e8vcs8._.js:776
[  877440ms] [LOG] [Fast Refresh] done in 220ms @ http://localhost:3000/_next/static/chunks/node_modules_next_dist_1e8vcs8._.js:776
[  877502ms] [LOG] [Fast Refresh] done in 220ms @ http://localhost:3000/_next/static/chunks/node_modules_next_dist_1e8vcs8._.js:776
[  877563ms] [LOG] [Fast Refresh] done in 220ms @ http://localhost:3000/_next/static/chunks/node_modules_next_dist_1e8vcs8._.js:776
[  877625ms] [LOG] [Fast Refresh] done in 220ms @ http://localhost:3000/_next/static/chunks/node_modules_next_dist_1e8vcs8._.js:776
[  877688ms] [LOG] [Fast Refresh] done in 220ms @ http://localhost:3000/_next/static/chunks/node_modules_next_dist_1e8vcs8._.js:776
[  877750ms] [LOG] [Fast Refresh] done in 220ms @ http://localhost:3000/_next/static/chunks/node_modules_next_dist_1e8vcs8._.js:776
[  877811ms] [LOG] [Fast Refresh] done in 220ms @ http://localhost:3000/_next/static/chunks/node_modules_next_dist_1e8vcs8._.js:776
[  877873ms] [LOG] [Fast Refresh] done in 220ms @ http://localhost:3000/_next/static/chunks/node_modules_next_dist_1e8vcs8._.js:776
[  877936ms] [LOG] [Fast Refresh] done in 220ms @ http://localhost:3000/_next/static/chunks/node_modules_next_dist_1e8vcs8._.js:776
[  877999ms] [LOG] [Fast Refresh] done in 220ms @ http://localhost:3000/_next/static/chunks/node_modules_next_dist_1e8vcs8._.js:776
[  878060ms] [LOG] [Fast Refresh] done in 220ms @ http://localhost:3000/_next/static/chunks/node_modules_next_dist_1e8vcs8._.js:776
[  878123ms] [LOG] [Fast Refresh] done in 220ms @ http://localhost:3000/_next/static/chunks/node_modules_next_dist_1e8vcs8._.js:776
[  878185ms] [LOG] [Fast Refresh] done in 220ms @ http://localhost:3000/_next/static/chunks/node_modules_next_dist_1e8vcs8._.js:776
[  878249ms] [LOG] [Fast Refresh] done in 220ms @ http://localhost:3000/_next/static/chunks/node_modules_next_dist_1e8vcs8._.js:776
[  878310ms] [LOG] [Fast Refresh] done in 220ms @ http://localhost:3000/_next/static/chunks/node_modules_next_dist_1e8vcs8._.js:776
[  878374ms] [LOG] [Fast Refresh] done in 220ms @ http://localhost:3000/_next/static/chunks/node_modules_next_dist_1e8vcs8._.js:776
[  878436ms] [LOG] [Fast Refresh] done in 220ms @ http://localhost:3000/_next/static/chunks/node_modules_next_dist_1e8vcs8._.js:776
[  878499ms] [LOG] [Fast Refresh] done in 220ms @ http://localhost:3000/_next/static/chunks/node_modules_next_dist_1e8vcs8._.js:776
[  878560ms] [LOG] [Fast Refresh] done in 220ms @ http://localhost:3000/_next/static/chunks/node_modules_next_dist_1e8vcs8._.js:776
[  878621ms] [LOG] [Fast Refresh] done in 220ms @ http://localhost:3000/_next/static/chunks/node_modules_next_dist_1e8vcs8._.js:776
[  878683ms] [LOG] [Fast Refresh] done in 220ms @ http://localhost:3000/_next/static/chunks/node_modules_next_dist_1e8vcs8._.js:776
[  878745ms] [LOG] [Fast Refresh] done in 220ms @ http://localhost:3000/_next/static/chunks/node_modules_next_dist_1e8vcs8._.js:776
[  878807ms] [LOG] [Fast Refresh] done in 220ms @ http://localhost:3000/_next/static/chunks/node_modules_next_dist_1e8vcs8._.js:776
[  878870ms] [LOG] [Fast Refresh] done in 220ms @ http://localhost:3000/_next/static/chunks/node_modules_next_dist_1e8vcs8._.js:776
