[     463ms] [INFO] %cDownload the React DevTools for a better development experience: https://react.dev/link/react-devtools font-weight:bold @ http://localhost:3000/_next/static/chunks/node_modules_next_dist_1e8vcs8._.js:776
[     490ms] [LOG] [HMR] connected @ http://localhost:3000/_next/static/chunks/node_modules_next_dist_1e8vcs8._.js:776
[     698ms] [LOG] [Fast Refresh] rebuilding @ http://localhost:3000/_next/static/chunks/node_modules_next_dist_1e8vcs8._.js:776
[     786ms] [LOG] [Fast Refresh] done in 193ms @ http://localhost:3000/_next/static/chunks/node_modules_next_dist_1e8vcs8._.js:776
[   33245ms] [LOG] [Fast Refresh] rebuilding @ http://localhost:3000/_next/static/chunks/node_modules_next_dist_1e8vcs8._.js:776
[   33974ms] [ERROR] The final argument passed to %s changed size between renders. The order and size of this array must remain constant.

Previous: %s
Incoming: %s useEffect [0] [setup-1, 0] @ http://localhost:3000/_next/static/chunks/node_modules_next_dist_1e8vcs8._.js:1052
[   34142ms] [LOG] [Fast Refresh] done in 814ms @ http://localhost:3000/_next/static/chunks/node_modules_next_dist_1e8vcs8._.js:776
[   34144ms] [LOG] [Fast Refresh] done in 814ms @ http://localhost:3000/_next/static/chunks/node_modules_next_dist_1e8vcs8._.js:776
[   34312ms] [LOG] [Fast Refresh] done in 814ms @ http://localhost:3000/_next/static/chunks/node_modules_next_dist_1e8vcs8._.js:776
[   34986ms] [LOG] [Fast Refresh] rebuilding @ http://localhost:3000/_next/static/chunks/node_modules_next_dist_1e8vcs8._.js:776
[   35080ms] [LOG] [Fast Refresh] done in 195ms @ http://localhost:3000/_next/static/chunks/node_modules_next_dist_1e8vcs8._.js:776
[   38782ms] [INFO] %cDownload the React DevTools for a better development experience: https://react.dev/link/react-devtools font-weight:bold @ http://localhost:3000/_next/static/chunks/node_modules_next_dist_1e8vcs8._.js:776
[   38831ms] [LOG] [HMR] connected @ http://localhost:3000/_next/static/chunks/node_modules_next_dist_1e8vcs8._.js:776
[   44926ms] [INFO] %cDownload the React DevTools for a better development experience: https://react.dev/link/react-devtools font-weight:bold @ http://localhost:3000/_next/static/chunks/node_modules_next_dist_1e8vcs8._.js:776
[   44963ms] [LOG] [HMR] connected @ http://localhost:3000/_next/static/chunks/node_modules_next_dist_1e8vcs8._.js:776
[   55009ms] [INFO] %cDownload the React DevTools for a better development experience: https://react.dev/link/react-devtools font-weight:bold @ http://localhost:3000/_next/static/chunks/node_modules_next_dist_1e8vcs8._.js:776
[   55065ms] [LOG] [HMR] connected @ http://localhost:3000/_next/static/chunks/node_modules_next_dist_1e8vcs8._.js:776
[  106417ms] [LOG] [Fast Refresh] rebuilding @ http://localhost:3000/_next/static/chunks/node_modules_next_dist_1e8vcs8._.js:776
[  106638ms] [LOG] [Fast Refresh] done in 328ms @ http://localhost:3000/_next/static/chunks/node_modules_next_dist_1e8vcs8._.js:776
[  128353ms] [LOG] [Fast Refresh] rebuilding @ http://localhost:3000/_next/static/chunks/node_modules_next_dist_1e8vcs8._.js:776
[  128493ms] [LOG] [Fast Refresh] done in 216ms @ http://localhost:3000/_next/static/chunks/node_modules_next_dist_1e8vcs8._.js:776
[  128555ms] [LOG] [Fast Refresh] done in 216ms @ http://localhost:3000/_next/static/chunks/node_modules_next_dist_1e8vcs8._.js:776
[  128617ms] [LOG] [Fast Refresh] done in 216ms @ http://localhost:3000/_next/static/chunks/node_modules_next_dist_1e8vcs8._.js:776
[  128679ms] [LOG] [Fast Refresh] done in 216ms @ http://localhost:3000/_next/static/chunks/node_modules_next_dist_1e8vcs8._.js:776
[  128740ms] [LOG] [Fast Refresh] done in 216ms @ http://localhost:3000/_next/static/chunks/node_modules_next_dist_1e8vcs8._.js:776
[  128805ms] [LOG] [Fast Refresh] done in 216ms @ http://localhost:3000/_next/static/chunks/node_modules_next_dist_1e8vcs8._.js:776
[  128867ms] [LOG] [Fast Refresh] done in 216ms @ http://localhost:3000/_next/static/chunks/node_modules_next_dist_1e8vcs8._.js:776
[  128930ms] [LOG] [Fast Refresh] done in 216ms @ http://localhost:3000/_next/static/chunks/node_modules_next_dist_1e8vcs8._.js:776
[  128992ms] [LOG] [Fast Refresh] done in 216ms @ http://localhost:3000/_next/static/chunks/node_modules_next_dist_1e8vcs8._.js:776
[  129054ms] [LOG] [Fast Refresh] done in 216ms @ http://localhost:3000/_next/static/chunks/node_modules_next_dist_1e8vcs8._.js:776
[  129115ms] [LOG] [Fast Refresh] done in 216ms @ http://localhost:3000/_next/static/chunks/node_modules_next_dist_1e8vcs8._.js:776
[  129176ms] [LOG] [Fast Refresh] done in 216ms @ http://localhost:3000/_next/static/chunks/node_modules_next_dist_1e8vcs8._.js:776
[  129224ms] [LOG] [Fast Refresh] done in 216ms @ http://localhost:3000/_next/static/chunks/node_modules_next_dist_1e8vcs8._.js:776
[  129287ms] [LOG] [Fast Refresh] done in 216ms @ http://localhost:3000/_next/static/chunks/node_modules_next_dist_1e8vcs8._.js:776
[  129351ms] [LOG] [Fast Refresh] done in 216ms @ http://localhost:3000/_next/static/chunks/node_modules_next_dist_1e8vcs8._.js:776
[  129414ms] [LOG] [Fast Refresh] done in 216ms @ http://localhost:3000/_next/static/chunks/node_modules_next_dist_1e8vcs8._.js:776
[  129477ms] [LOG] [Fast Refresh] done in 216ms @ http://localhost:3000/_next/static/chunks/node_modules_next_dist_1e8vcs8._.js:776
[  129539ms] [LOG] [Fast Refresh] done in 216ms @ http://localhost:3000/_next/static/chunks/node_modules_next_dist_1e8vcs8._.js:776
[  129603ms] [LOG] [Fast Refresh] done in 216ms @ http://localhost:3000/_next/static/chunks/node_modules_next_dist_1e8vcs8._.js:776
[  129655ms] [LOG] [Fast Refresh] done in 216ms @ http://localhost:3000/_next/static/chunks/node_modules_next_dist_1e8vcs8._.js:776
[  129713ms] [LOG] [Fast Refresh] done in 216ms @ http://localhost:3000/_next/static/chunks/node_modules_next_dist_1e8vcs8._.js:776
[  129774ms] [LOG] [Fast Refresh] done in 216ms @ http://localhost:3000/_next/static/chunks/node_modules_next_dist_1e8vcs8._.js:776
[  129837ms] [LOG] [Fast Refresh] done in 216ms @ http://localhost:3000/_next/static/chunks/node_modules_next_dist_1e8vcs8._.js:776
[  129899ms] [LOG] [Fast Refresh] done in 216ms @ http://localhost:3000/_next/static/chunks/node_modules_next_dist_1e8vcs8._.js:776
[  129960ms] [LOG] [Fast Refresh] done in 216ms @ http://localhost:3000/_next/static/chunks/node_modules_next_dist_1e8vcs8._.js:776
[  130022ms] [LOG] [Fast Refresh] done in 216ms @ http://localhost:3000/_next/static/chunks/node_modules_next_dist_1e8vcs8._.js:776
[  130084ms] [LOG] [Fast Refresh] done in 216ms @ http://localhost:3000/_next/static/chunks/node_modules_next_dist_1e8vcs8._.js:776
[  130145ms] [LOG] [Fast Refresh] done in 216ms @ http://localhost:3000/_next/static/chunks/node_modules_next_dist_1e8vcs8._.js:776
[  130208ms] [LOG] [Fast Refresh] done in 216ms @ http://localhost:3000/_next/static/chunks/node_modules_next_dist_1e8vcs8._.js:776
[  130271ms] [LOG] [Fast Refresh] done in 216ms @ http://localhost:3000/_next/static/chunks/node_modules_next_dist_1e8vcs8._.js:776
[  130334ms] [LOG] [Fast Refresh] done in 216ms @ http://localhost:3000/_next/static/chunks/node_modules_next_dist_1e8vcs8._.js:776
[  130397ms] [LOG] [Fast Refresh] done in 216ms @ http://localhost:3000/_next/static/chunks/node_modules_next_dist_1e8vcs8._.js:776
[  130458ms] [LOG] [Fast Refresh] done in 216ms @ http://localhost:3000/_next/static/chunks/node_modules_next_dist_1e8vcs8._.js:776
[  130520ms] [LOG] [Fast Refresh] done in 216ms @ http://localhost:3000/_next/static/chunks/node_modules_next_dist_1e8vcs8._.js:776
[  130582ms] [LOG] [Fast Refresh] done in 216ms @ http://localhost:3000/_next/static/chunks/node_modules_next_dist_1e8vcs8._.js:776
[  130644ms] [LOG] [Fast Refresh] done in 216ms @ http://localhost:3000/_next/static/chunks/node_modules_next_dist_1e8vcs8._.js:776
[  130706ms] [LOG] [Fast Refresh] done in 216ms @ http://localhost:3000/_next/static/chunks/node_modules_next_dist_1e8vcs8._.js:776
[  130771ms] [LOG] [Fast Refresh] done in 216ms @ http://localhost:3000/_next/static/chunks/node_modules_next_dist_1e8vcs8._.js:776
[  130831ms] [LOG] [Fast Refresh] done in 216ms @ http://localhost:3000/_next/static/chunks/node_modules_next_dist_1e8vcs8._.js:776
[  130895ms] [LOG] [Fast Refresh] done in 216ms @ http://localhost:3000/_next/static/chunks/node_modules_next_dist_1e8vcs8._.js:776
[  130957ms] [LOG] [Fast Refresh] done in 216ms @ http://localhost:3000/_next/static/chunks/node_modules_next_dist_1e8vcs8._.js:776
[  131020ms] [LOG] [Fast Refresh] done in 216ms @ http://localhost:3000/_next/static/chunks/node_modules_next_dist_1e8vcs8._.js:776
[  131252ms] [LOG] [Fast Refresh] rebuilding @ http://localhost:3000/_next/static/chunks/node_modules_next_dist_1e8vcs8._.js:776
[  131315ms] [LOG] [Fast Refresh] done in 172ms @ http://localhost:3000/_next/static/chunks/node_modules_next_dist_1e8vcs8._.js:776
[  142137ms] [LOG] [Fast Refresh] rebuilding @ http://localhost:3000/_next/static/chunks/node_modules_next_dist_1e8vcs8._.js:776
[  142199ms] [LOG] [Fast Refresh] done in 171ms @ http://localhost:3000/_next/static/chunks/node_modules_next_dist_1e8vcs8._.js:776
[  997590ms] [LOG] [Fast Refresh] rebuilding @ http://localhost:3000/_next/static/chunks/node_modules_next_dist_1e8vcs8._.js:776
[  999305ms] [LOG] [Fast Refresh] done in 1695ms @ http://localhost:3000/_next/static/chunks/node_modules_next_dist_1e8vcs8._.js:776
[ 1022665ms] [LOG] [Fast Refresh] rebuilding @ http://localhost:3000/_next/static/chunks/node_modules_next_dist_1e8vcs8._.js:776
[ 1022667ms] [LOG] [Fast Refresh] done in 110ms @ http://localhost:3000/_next/static/chunks/node_modules_next_dist_1e8vcs8._.js:776
[ 1029099ms] [LOG] [Fast Refresh] rebuilding @ http://localhost:3000/_next/static/chunks/node_modules_next_dist_1e8vcs8._.js:776
[ 1029103ms] [LOG] [Fast Refresh] done in 108ms @ http://localhost:3000/_next/static/chunks/node_modules_next_dist_1e8vcs8._.js:776
[ 1039716ms] [LOG] [Fast Refresh] rebuilding @ http://localhost:3000/_next/static/chunks/node_modules_next_dist_1e8vcs8._.js:776
[ 1042683ms] [ERROR] ./app/hand-tracking/components/StepDetail.tsx:4:1
Error: Module not found: Can't resolve './ForkPaths'
  2 | import { CommandBlockView } from "./CommandBlockView";
  3 | import { FileCodePanel } from "./FileCodePanel";
> 4 | import { ForkPaths } from "./ForkPaths";
    | ^^^^^^^^^^^^^^^^^^^^^^^^^^^^^^^^^^^^^^^^
  5 |
  6 | export function StepDetail({
  7 |   session,

Import trace:
  Server Component:
    ./app/hand-tracking/components/StepDetail.tsx
    ./app/hand-tracking/[stepId]/page.tsx

https://nextjs.org/docs/messages/module-not-found @ http://localhost:3000/_next/static/chunks/node_modules_next_dist_1e8vcs8._.js:1052
[ 1042741ms] [ERROR] ./app/hand-tracking/components/StepDetail.tsx:4:1
Error: Module not found: Can't resolve './ForkPaths'
  2 | import { CommandBlockView } from "./CommandBlockView";
  3 | import { FileCodePanel } from "./FileCodePanel";
> 4 | import { ForkPaths } from "./ForkPaths";
    | ^^^^^^^^^^^^^^^^^^^^^^^^^^^^^^^^^^^^^^^^
  5 |
  6 | export function StepDetail({
  7 |   session,

Import trace:
  Server Component:
    ./app/hand-tracking/components/StepDetail.tsx
    ./app/hand-tracking/[stepId]/page.tsx

https://nextjs.org/docs/messages/module-not-found @ http://localhost:3000/_next/static/chunks/node_modules_next_dist_1e8vcs8._.js:1052
[ 1043038ms] [LOG] [Fast Refresh] rebuilding @ http://localhost:3000/_next/static/chunks/node_modules_next_dist_1e8vcs8._.js:776
[ 1043139ms] [ERROR] ./app/hand-tracking/components/StepDetail.tsx:4:1
Error: Module not found: Can't resolve './ForkPaths'
  2 | import { CommandBlockView } from "./CommandBlockView";
  3 | import { FileCodePanel } from "./FileCodePanel";
> 4 | import { ForkPaths } from "./ForkPaths";
    | ^^^^^^^^^^^^^^^^^^^^^^^^^^^^^^^^^^^^^^^^
  5 |
  6 | export function StepDetail({
  7 |   session,

Import trace:
  Server Component:
    ./app/hand-tracking/components/StepDetail.tsx
    ./app/hand-tracking/[stepId]/page.tsx

https://nextjs.org/docs/messages/module-not-found @ http://localhost:3000/_next/static/chunks/node_modules_next_dist_1e8vcs8._.js:1052
[ 1043210ms] [ERROR] ./app/hand-tracking/components/StepDetail.tsx:4:1
Error: Module not found: Can't resolve './ForkPaths'
  2 | import { CommandBlockView } from "./CommandBlockView";
  3 | import { FileCodePanel } from "./FileCodePanel";
> 4 | import { ForkPaths } from "./ForkPaths";
    | ^^^^^^^^^^^^^^^^^^^^^^^^^^^^^^^^^^^^^^^^
  5 |
  6 | export function StepDetail({
  7 |   session,

Import trace:
  Server Component:
    ./app/hand-tracking/components/StepDetail.tsx
    ./app/hand-tracking/[stepId]/page.tsx

https://nextjs.org/docs/messages/module-not-found @ http://localhost:3000/_next/static/chunks/node_modules_next_dist_1e8vcs8._.js:1052
[ 1043278ms] [ERROR] ./app/hand-tracking/components/StepDetail.tsx:4:1
Error: Module not found: Can't resolve './ForkPaths'
  2 | import { CommandBlockView } from "./CommandBlockView";
  3 | import { FileCodePanel } from "./FileCodePanel";
> 4 | import { ForkPaths } from "./ForkPaths";
    | ^^^^^^^^^^^^^^^^^^^^^^^^^^^^^^^^^^^^^^^^
  5 |
  6 | export function StepDetail({
  7 |   session,

Import trace:
  Server Component:
    ./app/hand-tracking/components/StepDetail.tsx
    ./app/hand-tracking/[stepId]/page.tsx

https://nextjs.org/docs/messages/module-not-found @ http://localhost:3000/_next/static/chunks/node_modules_next_dist_1e8vcs8._.js:1052
[ 1043341ms] [ERROR] ./app/hand-tracking/components/StepDetail.tsx:4:1
Error: Module not found: Can't resolve './ForkPaths'
  2 | import { CommandBlockView } from "./CommandBlockView";
  3 | import { FileCodePanel } from "./FileCodePanel";
> 4 | import { ForkPaths } from "./ForkPaths";
    | ^^^^^^^^^^^^^^^^^^^^^^^^^^^^^^^^^^^^^^^^
  5 |
  6 | export function StepDetail({
  7 |   session,

Import trace:
  Server Component:
    ./app/hand-tracking/components/StepDetail.tsx
    ./app/hand-tracking/[stepId]/page.tsx

https://nextjs.org/docs/messages/module-not-found @ http://localhost:3000/_next/static/chunks/node_modules_next_dist_1e8vcs8._.js:1052
[ 1043420ms] [ERROR] ./app/hand-tracking/components/StepDetail.tsx:4:1
Error: Module not found: Can't resolve './ForkPaths'
  2 | import { CommandBlockView } from "./CommandBlockView";
  3 | import { FileCodePanel } from "./FileCodePanel";
> 4 | import { ForkPaths } from "./ForkPaths";
    | ^^^^^^^^^^^^^^^^^^^^^^^^^^^^^^^^^^^^^^^^
  5 |
  6 | export function StepDetail({
  7 |   session,

Import trace:
  Server Component:
    ./app/hand-tracking/components/StepDetail.tsx
    ./app/hand-tracking/[stepId]/page.tsx

https://nextjs.org/docs/messages/module-not-found @ http://localhost:3000/_next/static/chunks/node_modules_next_dist_1e8vcs8._.js:1052
[ 1043485ms] [ERROR] ./app/hand-tracking/components/StepDetail.tsx:4:1
Error: Module not found: Can't resolve './ForkPaths'
  2 | import { CommandBlockView } from "./CommandBlockView";
  3 | import { FileCodePanel } from "./FileCodePanel";
> 4 | import { ForkPaths } from "./ForkPaths";
    | ^^^^^^^^^^^^^^^^^^^^^^^^^^^^^^^^^^^^^^^^
  5 |
  6 | export function StepDetail({
  7 |   session,

Import trace:
  Server Component:
    ./app/hand-tracking/components/StepDetail.tsx
    ./app/hand-tracking/[stepId]/page.tsx

https://nextjs.org/docs/messages/module-not-found @ http://localhost:3000/_next/static/chunks/node_modules_next_dist_1e8vcs8._.js:1052
[ 1043544ms] [ERROR] ./app/hand-tracking/components/StepDetail.tsx:4:1
Error: Module not found: Can't resolve './ForkPaths'
  2 | import { CommandBlockView } from "./CommandBlockView";
  3 | import { FileCodePanel } from "./FileCodePanel";
> 4 | import { ForkPaths } from "./ForkPaths";
    | ^^^^^^^^^^^^^^^^^^^^^^^^^^^^^^^^^^^^^^^^
  5 |
  6 | export function StepDetail({
  7 |   session,

Import trace:
  Server Component:
    ./app/hand-tracking/components/StepDetail.tsx
    ./app/hand-tracking/[stepId]/page.tsx

https://nextjs.org/docs/messages/module-not-found @ http://localhost:3000/_next/static/chunks/node_modules_next_dist_1e8vcs8._.js:1052
[ 1043646ms] [ERROR] ./app/hand-tracking/components/StepDetail.tsx:4:1
Error: Module not found: Can't resolve './ForkPaths'
  2 | import { CommandBlockView } from "./CommandBlockView";
  3 | import { FileCodePanel } from "./FileCodePanel";
> 4 | import { ForkPaths } from "./ForkPaths";
    | ^^^^^^^^^^^^^^^^^^^^^^^^^^^^^^^^^^^^^^^^
  5 |
  6 | export function StepDetail({
  7 |   session,

Import trace:
  Server Component:
    ./app/hand-tracking/components/StepDetail.tsx
    ./app/hand-tracking/[stepId]/page.tsx

https://nextjs.org/docs/messages/module-not-found @ http://localhost:3000/_next/static/chunks/node_modules_next_dist_1e8vcs8._.js:1052
[ 1043745ms] [ERROR] ./app/hand-tracking/components/StepDetail.tsx:4:1
Error: Module not found: Can't resolve './ForkPaths'
  2 | import { CommandBlockView } from "./CommandBlockView";
  3 | import { FileCodePanel } from "./FileCodePanel";
> 4 | import { ForkPaths } from "./ForkPaths";
    | ^^^^^^^^^^^^^^^^^^^^^^^^^^^^^^^^^^^^^^^^
  5 |
  6 | export function StepDetail({
  7 |   session,

Import trace:
  Server Component:
    ./app/hand-tracking/components/StepDetail.tsx
    ./app/hand-tracking/[stepId]/page.tsx

https://nextjs.org/docs/messages/module-not-found @ http://localhost:3000/_next/static/chunks/node_modules_next_dist_1e8vcs8._.js:1052
[ 1043808ms] [ERROR] ./app/hand-tracking/components/StepDetail.tsx:4:1
Error: Module not found: Can't resolve './ForkPaths'
  2 | import { CommandBlockView } from "./CommandBlockView";
  3 | import { FileCodePanel } from "./FileCodePanel";
> 4 | import { ForkPaths } from "./ForkPaths";
    | ^^^^^^^^^^^^^^^^^^^^^^^^^^^^^^^^^^^^^^^^
  5 |
  6 | export function StepDetail({
  7 |   session,

Import trace:
  Server Component:
    ./app/hand-tracking/components/StepDetail.tsx
    ./app/hand-tracking/[stepId]/page.tsx

https://nextjs.org/docs/messages/module-not-found @ http://localhost:3000/_next/static/chunks/node_modules_next_dist_1e8vcs8._.js:1052
[ 1043868ms] [ERROR] ./app/hand-tracking/components/StepDetail.tsx:4:1
Error: Module not found: Can't resolve './ForkPaths'
  2 | import { CommandBlockView } from "./CommandBlockView";
  3 | import { FileCodePanel } from "./FileCodePanel";
> 4 | import { ForkPaths } from "./ForkPaths";
    | ^^^^^^^^^^^^^^^^^^^^^^^^^^^^^^^^^^^^^^^^
  5 |
  6 | export function StepDetail({
  7 |   session,

Import trace:
  Server Component:
    ./app/hand-tracking/components/StepDetail.tsx
    ./app/hand-tracking/[stepId]/page.tsx

https://nextjs.org/docs/messages/module-not-found @ http://localhost:3000/_next/static/chunks/node_modules_next_dist_1e8vcs8._.js:1052
[ 1043934ms] [ERROR] ./app/hand-tracking/components/StepDetail.tsx:4:1
Error: Module not found: Can't resolve './ForkPaths'
  2 | import { CommandBlockView } from "./CommandBlockView";
  3 | import { FileCodePanel } from "./FileCodePanel";
> 4 | import { ForkPaths } from "./ForkPaths";
    | ^^^^^^^^^^^^^^^^^^^^^^^^^^^^^^^^^^^^^^^^
  5 |
  6 | export function StepDetail({
  7 |   session,

Import trace:
  Server Component:
    ./app/hand-tracking/components/StepDetail.tsx
    ./app/hand-tracking/[stepId]/page.tsx

https://nextjs.org/docs/messages/module-not-found @ http://localhost:3000/_next/static/chunks/node_modules_next_dist_1e8vcs8._.js:1052
[ 1043994ms] [ERROR] ./app/hand-tracking/components/StepDetail.tsx:4:1
Error: Module not found: Can't resolve './ForkPaths'
  2 | import { CommandBlockView } from "./CommandBlockView";
  3 | import { FileCodePanel } from "./FileCodePanel";
> 4 | import { ForkPaths } from "./ForkPaths";
    | ^^^^^^^^^^^^^^^^^^^^^^^^^^^^^^^^^^^^^^^^
  5 |
  6 | export function StepDetail({
  7 |   session,

Import trace:
  Server Component:
    ./app/hand-tracking/components/StepDetail.tsx
    ./app/hand-tracking/[stepId]/page.tsx

https://nextjs.org/docs/messages/module-not-found @ http://localhost:3000/_next/static/chunks/node_modules_next_dist_1e8vcs8._.js:1052
[ 1044056ms] [ERROR] ./app/hand-tracking/components/StepDetail.tsx:4:1
Error: Module not found: Can't resolve './ForkPaths'
  2 | import { CommandBlockView } from "./CommandBlockView";
  3 | import { FileCodePanel } from "./FileCodePanel";
> 4 | import { ForkPaths } from "./ForkPaths";
    | ^^^^^^^^^^^^^^^^^^^^^^^^^^^^^^^^^^^^^^^^
  5 |
  6 | export function StepDetail({
  7 |   session,

Import trace:
  Server Component:
    ./app/hand-tracking/components/StepDetail.tsx
    ./app/hand-tracking/[stepId]/page.tsx

https://nextjs.org/docs/messages/module-not-found @ http://localhost:3000/_next/static/chunks/node_modules_next_dist_1e8vcs8._.js:1052
[ 1044118ms] [ERROR] ./app/hand-tracking/components/StepDetail.tsx:4:1
Error: Module not found: Can't resolve './ForkPaths'
  2 | import { CommandBlockView } from "./CommandBlockView";
  3 | import { FileCodePanel } from "./FileCodePanel";
> 4 | import { ForkPaths } from "./ForkPaths";
    | ^^^^^^^^^^^^^^^^^^^^^^^^^^^^^^^^^^^^^^^^
  5 |
  6 | export function StepDetail({
  7 |   session,

Import trace:
  Server Component:
    ./app/hand-tracking/components/StepDetail.tsx
    ./app/hand-tracking/[stepId]/page.tsx

https://nextjs.org/docs/messages/module-not-found @ http://localhost:3000/_next/static/chunks/node_modules_next_dist_1e8vcs8._.js:1052
[ 1044179ms] [ERROR] ./app/hand-tracking/components/StepDetail.tsx:4:1
Error: Module not found: Can't resolve './ForkPaths'
  2 | import { CommandBlockView } from "./CommandBlockView";
  3 | import { FileCodePanel } from "./FileCodePanel";
> 4 | import { ForkPaths } from "./ForkPaths";
    | ^^^^^^^^^^^^^^^^^^^^^^^^^^^^^^^^^^^^^^^^
  5 |
  6 | export function StepDetail({
  7 |   session,

Import trace:
  Server Component:
    ./app/hand-tracking/components/StepDetail.tsx
    ./app/hand-tracking/[stepId]/page.tsx

https://nextjs.org/docs/messages/module-not-found @ http://localhost:3000/_next/static/chunks/node_modules_next_dist_1e8vcs8._.js:1052
[ 1044241ms] [ERROR] ./app/hand-tracking/components/StepDetail.tsx:4:1
Error: Module not found: Can't resolve './ForkPaths'
  2 | import { CommandBlockView } from "./CommandBlockView";
  3 | import { FileCodePanel } from "./FileCodePanel";
> 4 | import { ForkPaths } from "./ForkPaths";
    | ^^^^^^^^^^^^^^^^^^^^^^^^^^^^^^^^^^^^^^^^
  5 |
  6 | export function StepDetail({
  7 |   session,

Import trace:
  Server Component:
    ./app/hand-tracking/components/StepDetail.tsx
    ./app/hand-tracking/[stepId]/page.tsx

https://nextjs.org/docs/messages/module-not-found @ http://localhost:3000/_next/static/chunks/node_modules_next_dist_1e8vcs8._.js:1052
[ 1044304ms] [ERROR] ./app/hand-tracking/components/StepDetail.tsx:4:1
Error: Module not found: Can't resolve './ForkPaths'
  2 | import { CommandBlockView } from "./CommandBlockView";
  3 | import { FileCodePanel } from "./FileCodePanel";
> 4 | import { ForkPaths } from "./ForkPaths";
    | ^^^^^^^^^^^^^^^^^^^^^^^^^^^^^^^^^^^^^^^^
  5 |
  6 | export function StepDetail({
  7 |   session,

Import trace:
  Server Component:
    ./app/hand-tracking/components/StepDetail.tsx
    ./app/hand-tracking/[stepId]/page.tsx

https://nextjs.org/docs/messages/module-not-found @ http://localhost:3000/_next/static/chunks/node_modules_next_dist_1e8vcs8._.js:1052
[ 1044368ms] [ERROR] ./app/hand-tracking/components/StepDetail.tsx:4:1
Error: Module not found: Can't resolve './ForkPaths'
  2 | import { CommandBlockView } from "./CommandBlockView";
  3 | import { FileCodePanel } from "./FileCodePanel";
> 4 | import { ForkPaths } from "./ForkPaths";
    | ^^^^^^^^^^^^^^^^^^^^^^^^^^^^^^^^^^^^^^^^
  5 |
  6 | export function StepDetail({
  7 |   session,

Import trace:
  Server Component:
    ./app/hand-tracking/components/StepDetail.tsx
    ./app/hand-tracking/[stepId]/page.tsx

https://nextjs.org/docs/messages/module-not-found @ http://localhost:3000/_next/static/chunks/node_modules_next_dist_1e8vcs8._.js:1052
[ 1044429ms] [ERROR] ./app/hand-tracking/components/StepDetail.tsx:4:1
Error: Module not found: Can't resolve './ForkPaths'
  2 | import { CommandBlockView } from "./CommandBlockView";
  3 | import { FileCodePanel } from "./FileCodePanel";
> 4 | import { ForkPaths } from "./ForkPaths";
    | ^^^^^^^^^^^^^^^^^^^^^^^^^^^^^^^^^^^^^^^^
  5 |
  6 | export function StepDetail({
  7 |   session,

Import trace:
  Server Component:
    ./app/hand-tracking/components/StepDetail.tsx
    ./app/hand-tracking/[stepId]/page.tsx

https://nextjs.org/docs/messages/module-not-found @ http://localhost:3000/_next/static/chunks/node_modules_next_dist_1e8vcs8._.js:1052
[ 1044491ms] [ERROR] ./app/hand-tracking/components/StepDetail.tsx:4:1
Error: Module not found: Can't resolve './ForkPaths'
  2 | import { CommandBlockView } from "./CommandBlockView";
  3 | import { FileCodePanel } from "./FileCodePanel";
> 4 | import { ForkPaths } from "./ForkPaths";
    | ^^^^^^^^^^^^^^^^^^^^^^^^^^^^^^^^^^^^^^^^
  5 |
  6 | export function StepDetail({
  7 |   session,

Import trace:
  Server Component:
    ./app/hand-tracking/components/StepDetail.tsx
    ./app/hand-tracking/[stepId]/page.tsx

https://nextjs.org/docs/messages/module-not-found @ http://localhost:3000/_next/static/chunks/node_modules_next_dist_1e8vcs8._.js:1052
[ 1044553ms] [ERROR] ./app/hand-tracking/components/StepDetail.tsx:4:1
Error: Module not found: Can't resolve './ForkPaths'
  2 | import { CommandBlockView } from "./CommandBlockView";
  3 | import { FileCodePanel } from "./FileCodePanel";
> 4 | import { ForkPaths } from "./ForkPaths";
    | ^^^^^^^^^^^^^^^^^^^^^^^^^^^^^^^^^^^^^^^^
  5 |
  6 | export function StepDetail({
  7 |   session,

Import trace:
  Server Component:
    ./app/hand-tracking/components/StepDetail.tsx
    ./app/hand-tracking/[stepId]/page.tsx

https://nextjs.org/docs/messages/module-not-found @ http://localhost:3000/_next/static/chunks/node_modules_next_dist_1e8vcs8._.js:1052
[ 1044617ms] [ERROR] ./app/hand-tracking/components/StepDetail.tsx:4:1
Error: Module not found: Can't resolve './ForkPaths'
  2 | import { CommandBlockView } from "./CommandBlockView";
  3 | import { FileCodePanel } from "./FileCodePanel";
> 4 | import { ForkPaths } from "./ForkPaths";
    | ^^^^^^^^^^^^^^^^^^^^^^^^^^^^^^^^^^^^^^^^
  5 |
  6 | export function StepDetail({
  7 |   session,

Import trace:
  Server Component:
    ./app/hand-tracking/components/StepDetail.tsx
    ./app/hand-tracking/[stepId]/page.tsx

https://nextjs.org/docs/messages/module-not-found @ http://localhost:3000/_next/static/chunks/node_modules_next_dist_1e8vcs8._.js:1052
[ 1044678ms] [ERROR] ./app/hand-tracking/components/StepDetail.tsx:4:1
Error: Module not found: Can't resolve './ForkPaths'
  2 | import { CommandBlockView } from "./CommandBlockView";
  3 | import { FileCodePanel } from "./FileCodePanel";
> 4 | import { ForkPaths } from "./ForkPaths";
    | ^^^^^^^^^^^^^^^^^^^^^^^^^^^^^^^^^^^^^^^^
  5 |
  6 | export function StepDetail({
  7 |   session,

Import trace:
  Server Component:
    ./app/hand-tracking/components/StepDetail.tsx
    ./app/hand-tracking/[stepId]/page.tsx

https://nextjs.org/docs/messages/module-not-found @ http://localhost:3000/_next/static/chunks/node_modules_next_dist_1e8vcs8._.js:1052
[ 1044742ms] [ERROR] ./app/hand-tracking/components/StepDetail.tsx:4:1
Error: Module not found: Can't resolve './ForkPaths'
  2 | import { CommandBlockView } from "./CommandBlockView";
  3 | import { FileCodePanel } from "./FileCodePanel";
> 4 | import { ForkPaths } from "./ForkPaths";
    | ^^^^^^^^^^^^^^^^^^^^^^^^^^^^^^^^^^^^^^^^
  5 |
  6 | export function StepDetail({
  7 |   session,

Import trace:
  Server Component:
    ./app/hand-tracking/components/StepDetail.tsx
    ./app/hand-tracking/[stepId]/page.tsx

https://nextjs.org/docs/messages/module-not-found @ http://localhost:3000/_next/static/chunks/node_modules_next_dist_1e8vcs8._.js:1052
[ 1044803ms] [ERROR] ./app/hand-tracking/components/StepDetail.tsx:4:1
Error: Module not found: Can't resolve './ForkPaths'
  2 | import { CommandBlockView } from "./CommandBlockView";
  3 | import { FileCodePanel } from "./FileCodePanel";
> 4 | import { ForkPaths } from "./ForkPaths";
    | ^^^^^^^^^^^^^^^^^^^^^^^^^^^^^^^^^^^^^^^^
  5 |
  6 | export function StepDetail({
  7 |   session,

Import trace:
  Server Component:
    ./app/hand-tracking/components/StepDetail.tsx
    ./app/hand-tracking/[stepId]/page.tsx

https://nextjs.org/docs/messages/module-not-found @ http://localhost:3000/_next/static/chunks/node_modules_next_dist_1e8vcs8._.js:1052
[ 1044868ms] [ERROR] ./app/hand-tracking/components/StepDetail.tsx:4:1
Error: Module not found: Can't resolve './ForkPaths'
  2 | import { CommandBlockView } from "./CommandBlockView";
  3 | import { FileCodePanel } from "./FileCodePanel";
> 4 | import { ForkPaths } from "./ForkPaths";
    | ^^^^^^^^^^^^^^^^^^^^^^^^^^^^^^^^^^^^^^^^
  5 |
  6 | export function StepDetail({
  7 |   session,

Import trace:
  Server Component:
    ./app/hand-tracking/components/StepDetail.tsx
    ./app/hand-tracking/[stepId]/page.tsx

https://nextjs.org/docs/messages/module-not-found @ http://localhost:3000/_next/static/chunks/node_modules_next_dist_1e8vcs8._.js:1052
[ 1044928ms] [ERROR] ./app/hand-tracking/components/StepDetail.tsx:4:1
Error: Module not found: Can't resolve './ForkPaths'
  2 | import { CommandBlockView } from "./CommandBlockView";
  3 | import { FileCodePanel } from "./FileCodePanel";
> 4 | import { ForkPaths } from "./ForkPaths";
    | ^^^^^^^^^^^^^^^^^^^^^^^^^^^^^^^^^^^^^^^^
  5 |
  6 | export function StepDetail({
  7 |   session,

Import trace:
  Server Component:
    ./app/hand-tracking/components/StepDetail.tsx
    ./app/hand-tracking/[stepId]/page.tsx

https://nextjs.org/docs/messages/module-not-found @ http://localhost:3000/_next/static/chunks/node_modules_next_dist_1e8vcs8._.js:1052
[ 1044992ms] [ERROR] ./app/hand-tracking/components/StepDetail.tsx:4:1
Error: Module not found: Can't resolve './ForkPaths'
  2 | import { CommandBlockView } from "./CommandBlockView";
  3 | import { FileCodePanel } from "./FileCodePanel";
> 4 | import { ForkPaths } from "./ForkPaths";
    | ^^^^^^^^^^^^^^^^^^^^^^^^^^^^^^^^^^^^^^^^
  5 |
  6 | export function StepDetail({
  7 |   session,

Import trace:
  Server Component:
    ./app/hand-tracking/components/StepDetail.tsx
    ./app/hand-tracking/[stepId]/page.tsx

https://nextjs.org/docs/messages/module-not-found @ http://localhost:3000/_next/static/chunks/node_modules_next_dist_1e8vcs8._.js:1052
[ 1045054ms] [ERROR] ./app/hand-tracking/components/StepDetail.tsx:4:1
Error: Module not found: Can't resolve './ForkPaths'
  2 | import { CommandBlockView } from "./CommandBlockView";
  3 | import { FileCodePanel } from "./FileCodePanel";
> 4 | import { ForkPaths } from "./ForkPaths";
    | ^^^^^^^^^^^^^^^^^^^^^^^^^^^^^^^^^^^^^^^^
  5 |
  6 | export function StepDetail({
  7 |   session,

Import trace:
  Server Component:
    ./app/hand-tracking/components/StepDetail.tsx
    ./app/hand-tracking/[stepId]/page.tsx

https://nextjs.org/docs/messages/module-not-found @ http://localhost:3000/_next/static/chunks/node_modules_next_dist_1e8vcs8._.js:1052
[ 1045118ms] [ERROR] ./app/hand-tracking/components/StepDetail.tsx:4:1
Error: Module not found: Can't resolve './ForkPaths'
  2 | import { CommandBlockView } from "./CommandBlockView";
  3 | import { FileCodePanel } from "./FileCodePanel";
> 4 | import { ForkPaths } from "./ForkPaths";
    | ^^^^^^^^^^^^^^^^^^^^^^^^^^^^^^^^^^^^^^^^
  5 |
  6 | export function StepDetail({
  7 |   session,

Import trace:
  Server Component:
    ./app/hand-tracking/components/StepDetail.tsx
    ./app/hand-tracking/[stepId]/page.tsx

https://nextjs.org/docs/messages/module-not-found @ http://localhost:3000/_next/static/chunks/node_modules_next_dist_1e8vcs8._.js:1052
[ 1045188ms] [ERROR] ./app/hand-tracking/components/StepDetail.tsx:4:1
Error: Module not found: Can't resolve './ForkPaths'
  2 | import { CommandBlockView } from "./CommandBlockView";
  3 | import { FileCodePanel } from "./FileCodePanel";
> 4 | import { ForkPaths } from "./ForkPaths";
    | ^^^^^^^^^^^^^^^^^^^^^^^^^^^^^^^^^^^^^^^^
  5 |
  6 | export function StepDetail({
  7 |   session,

Import trace:
  Server Component:
    ./app/hand-tracking/components/StepDetail.tsx
    ./app/hand-tracking/[stepId]/page.tsx

https://nextjs.org/docs/messages/module-not-found @ http://localhost:3000/_next/static/chunks/node_modules_next_dist_1e8vcs8._.js:1052
[ 1045258ms] [ERROR] ./app/hand-tracking/components/StepDetail.tsx:4:1
Error: Module not found: Can't resolve './ForkPaths'
  2 | import { CommandBlockView } from "./CommandBlockView";
  3 | import { FileCodePanel } from "./FileCodePanel";
> 4 | import { ForkPaths } from "./ForkPaths";
    | ^^^^^^^^^^^^^^^^^^^^^^^^^^^^^^^^^^^^^^^^
  5 |
  6 | export function StepDetail({
  7 |   session,

Import trace:
  Server Component:
    ./app/hand-tracking/components/StepDetail.tsx
    ./app/hand-tracking/[stepId]/page.tsx

https://nextjs.org/docs/messages/module-not-found @ http://localhost:3000/_next/static/chunks/node_modules_next_dist_1e8vcs8._.js:1052
[ 1045336ms] [ERROR] ./app/hand-tracking/components/StepDetail.tsx:4:1
Error: Module not found: Can't resolve './ForkPaths'
  2 | import { CommandBlockView } from "./CommandBlockView";
  3 | import { FileCodePanel } from "./FileCodePanel";
> 4 | import { ForkPaths } from "./ForkPaths";
    | ^^^^^^^^^^^^^^^^^^^^^^^^^^^^^^^^^^^^^^^^
  5 |
  6 | export function StepDetail({
  7 |   session,

Import trace:
  Server Component:
    ./app/hand-tracking/components/StepDetail.tsx
    ./app/hand-tracking/[stepId]/page.tsx

https://nextjs.org/docs/messages/module-not-found @ http://localhost:3000/_next/static/chunks/node_modules_next_dist_1e8vcs8._.js:1052
[ 1045400ms] [ERROR] ./app/hand-tracking/components/StepDetail.tsx:4:1
Error: Module not found: Can't resolve './ForkPaths'
  2 | import { CommandBlockView } from "./CommandBlockView";
  3 | import { FileCodePanel } from "./FileCodePanel";
> 4 | import { ForkPaths } from "./ForkPaths";
    | ^^^^^^^^^^^^^^^^^^^^^^^^^^^^^^^^^^^^^^^^
  5 |
  6 | export function StepDetail({
  7 |   session,

Import trace:
  Server Component:
    ./app/hand-tracking/components/StepDetail.tsx
    ./app/hand-tracking/[stepId]/page.tsx

https://nextjs.org/docs/messages/module-not-found @ http://localhost:3000/_next/static/chunks/node_modules_next_dist_1e8vcs8._.js:1052
[ 1045461ms] [ERROR] ./app/hand-tracking/components/StepDetail.tsx:4:1
Error: Module not found: Can't resolve './ForkPaths'
  2 | import { CommandBlockView } from "./CommandBlockView";
  3 | import { FileCodePanel } from "./FileCodePanel";
> 4 | import { ForkPaths } from "./ForkPaths";
    | ^^^^^^^^^^^^^^^^^^^^^^^^^^^^^^^^^^^^^^^^
  5 |
  6 | export function StepDetail({
  7 |   session,

Import trace:
  Server Component:
    ./app/hand-tracking/components/StepDetail.tsx
    ./app/hand-tracking/[stepId]/page.tsx

https://nextjs.org/docs/messages/module-not-found @ http://localhost:3000/_next/static/chunks/node_modules_next_dist_1e8vcs8._.js:1052
[ 1045524ms] [ERROR] ./app/hand-tracking/components/StepDetail.tsx:4:1
Error: Module not found: Can't resolve './ForkPaths'
  2 | import { CommandBlockView } from "./CommandBlockView";
  3 | import { FileCodePanel } from "./FileCodePanel";
> 4 | import { ForkPaths } from "./ForkPaths";
    | ^^^^^^^^^^^^^^^^^^^^^^^^^^^^^^^^^^^^^^^^
  5 |
  6 | export function StepDetail({
  7 |   session,

Import trace:
  Server Component:
    ./app/hand-tracking/components/StepDetail.tsx
    ./app/hand-tracking/[stepId]/page.tsx

https://nextjs.org/docs/messages/module-not-found @ http://localhost:3000/_next/static/chunks/node_modules_next_dist_1e8vcs8._.js:1052
[ 1045585ms] [ERROR] ./app/hand-tracking/components/StepDetail.tsx:4:1
Error: Module not found: Can't resolve './ForkPaths'
  2 | import { CommandBlockView } from "./CommandBlockView";
  3 | import { FileCodePanel } from "./FileCodePanel";
> 4 | import { ForkPaths } from "./ForkPaths";
    | ^^^^^^^^^^^^^^^^^^^^^^^^^^^^^^^^^^^^^^^^
  5 |
  6 | export function StepDetail({
  7 |   session,

Import trace:
  Server Component:
    ./app/hand-tracking/components/StepDetail.tsx
    ./app/hand-tracking/[stepId]/page.tsx

https://nextjs.org/docs/messages/module-not-found @ http://localhost:3000/_next/static/chunks/node_modules_next_dist_1e8vcs8._.js:1052
[ 1045647ms] [ERROR] ./app/hand-tracking/components/StepDetail.tsx:4:1
Error: Module not found: Can't resolve './ForkPaths'
  2 | import { CommandBlockView } from "./CommandBlockView";
  3 | import { FileCodePanel } from "./FileCodePanel";
> 4 | import { ForkPaths } from "./ForkPaths";
    | ^^^^^^^^^^^^^^^^^^^^^^^^^^^^^^^^^^^^^^^^
  5 |
  6 | export function StepDetail({
  7 |   session,

Import trace:
  Server Component:
    ./app/hand-tracking/components/StepDetail.tsx
    ./app/hand-tracking/[stepId]/page.tsx

https://nextjs.org/docs/messages/module-not-found @ http://localhost:3000/_next/static/chunks/node_modules_next_dist_1e8vcs8._.js:1052
[ 1045709ms] [ERROR] ./app/hand-tracking/components/StepDetail.tsx:4:1
Error: Module not found: Can't resolve './ForkPaths'
  2 | import { CommandBlockView } from "./CommandBlockView";
  3 | import { FileCodePanel } from "./FileCodePanel";
> 4 | import { ForkPaths } from "./ForkPaths";
    | ^^^^^^^^^^^^^^^^^^^^^^^^^^^^^^^^^^^^^^^^
  5 |
  6 | export function StepDetail({
  7 |   session,

Import trace:
  Server Component:
    ./app/hand-tracking/components/StepDetail.tsx
    ./app/hand-tracking/[stepId]/page.tsx

https://nextjs.org/docs/messages/module-not-found @ http://localhost:3000/_next/static/chunks/node_modules_next_dist_1e8vcs8._.js:1052
[ 1045772ms] [ERROR] ./app/hand-tracking/components/StepDetail.tsx:4:1
Error: Module not found: Can't resolve './ForkPaths'
  2 | import { CommandBlockView } from "./CommandBlockView";
  3 | import { FileCodePanel } from "./FileCodePanel";
> 4 | import { ForkPaths } from "./ForkPaths";
    | ^^^^^^^^^^^^^^^^^^^^^^^^^^^^^^^^^^^^^^^^
  5 |
  6 | export function StepDetail({
  7 |   session,

Import trace:
  Server Component:
    ./app/hand-tracking/components/StepDetail.tsx
    ./app/hand-tracking/[stepId]/page.tsx

https://nextjs.org/docs/messages/module-not-found @ http://localhost:3000/_next/static/chunks/node_modules_next_dist_1e8vcs8._.js:1052
[ 1045834ms] [ERROR] ./app/hand-tracking/components/StepDetail.tsx:4:1
Error: Module not found: Can't resolve './ForkPaths'
  2 | import { CommandBlockView } from "./CommandBlockView";
  3 | import { FileCodePanel } from "./FileCodePanel";
> 4 | import { ForkPaths } from "./ForkPaths";
    | ^^^^^^^^^^^^^^^^^^^^^^^^^^^^^^^^^^^^^^^^
  5 |
  6 | export function StepDetail({
  7 |   session,

Import trace:
  Server Component:
    ./app/hand-tracking/components/StepDetail.tsx
    ./app/hand-tracking/[stepId]/page.tsx

https://nextjs.org/docs/messages/module-not-found @ http://localhost:3000/_next/static/chunks/node_modules_next_dist_1e8vcs8._.js:1052
[ 1045896ms] [ERROR] ./app/hand-tracking/components/StepDetail.tsx:4:1
Error: Module not found: Can't resolve './ForkPaths'
  2 | import { CommandBlockView } from "./CommandBlockView";
  3 | import { FileCodePanel } from "./FileCodePanel";
> 4 | import { ForkPaths } from "./ForkPaths";
    | ^^^^^^^^^^^^^^^^^^^^^^^^^^^^^^^^^^^^^^^^
  5 |
  6 | export function StepDetail({
  7 |   session,

Import trace:
  Server Component:
    ./app/hand-tracking/components/StepDetail.tsx
    ./app/hand-tracking/[stepId]/page.tsx

https://nextjs.org/docs/messages/module-not-found @ http://localhost:3000/_next/static/chunks/node_modules_next_dist_1e8vcs8._.js:1052
[ 1045958ms] [ERROR] ./app/hand-tracking/components/StepDetail.tsx:4:1
Error: Module not found: Can't resolve './ForkPaths'
  2 | import { CommandBlockView } from "./CommandBlockView";
  3 | import { FileCodePanel } from "./FileCodePanel";
> 4 | import { ForkPaths } from "./ForkPaths";
    | ^^^^^^^^^^^^^^^^^^^^^^^^^^^^^^^^^^^^^^^^
  5 |
  6 | export function StepDetail({
  7 |   session,

Import trace:
  Server Component:
    ./app/hand-tracking/components/StepDetail.tsx
    ./app/hand-tracking/[stepId]/page.tsx

https://nextjs.org/docs/messages/module-not-found @ http://localhost:3000/_next/static/chunks/node_modules_next_dist_1e8vcs8._.js:1052
[ 1046019ms] [ERROR] ./app/hand-tracking/components/StepDetail.tsx:4:1
Error: Module not found: Can't resolve './ForkPaths'
  2 | import { CommandBlockView } from "./CommandBlockView";
  3 | import { FileCodePanel } from "./FileCodePanel";
> 4 | import { ForkPaths } from "./ForkPaths";
    | ^^^^^^^^^^^^^^^^^^^^^^^^^^^^^^^^^^^^^^^^
  5 |
  6 | export function StepDetail({
  7 |   session,

Import trace:
  Server Component:
    ./app/hand-tracking/components/StepDetail.tsx
    ./app/hand-tracking/[stepId]/page.tsx

https://nextjs.org/docs/messages/module-not-found @ http://localhost:3000/_next/static/chunks/node_modules_next_dist_1e8vcs8._.js:1052
[ 1046084ms] [ERROR] ./app/hand-tracking/components/StepDetail.tsx:4:1
Error: Module not found: Can't resolve './ForkPaths'
  2 | import { CommandBlockView } from "./CommandBlockView";
  3 | import { FileCodePanel } from "./FileCodePanel";
> 4 | import { ForkPaths } from "./ForkPaths";
    | ^^^^^^^^^^^^^^^^^^^^^^^^^^^^^^^^^^^^^^^^
  5 |
  6 | export function StepDetail({
  7 |   session,

Import trace:
  Server Component:
    ./app/hand-tracking/components/StepDetail.tsx
    ./app/hand-tracking/[stepId]/page.tsx

https://nextjs.org/docs/messages/module-not-found @ http://localhost:3000/_next/static/chunks/node_modules_next_dist_1e8vcs8._.js:1052
[ 1046144ms] [ERROR] ./app/hand-tracking/components/StepDetail.tsx:4:1
Error: Module not found: Can't resolve './ForkPaths'
  2 | import { CommandBlockView } from "./CommandBlockView";
  3 | import { FileCodePanel } from "./FileCodePanel";
> 4 | import { ForkPaths } from "./ForkPaths";
    | ^^^^^^^^^^^^^^^^^^^^^^^^^^^^^^^^^^^^^^^^
  5 |
  6 | export function StepDetail({
  7 |   session,

Import trace:
  Server Component:
    ./app/hand-tracking/components/StepDetail.tsx
    ./app/hand-tracking/[stepId]/page.tsx

https://nextjs.org/docs/messages/module-not-found @ http://localhost:3000/_next/static/chunks/node_modules_next_dist_1e8vcs8._.js:1052
[ 1046206ms] [ERROR] ./app/hand-tracking/components/StepDetail.tsx:4:1
Error: Module not found: Can't resolve './ForkPaths'
  2 | import { CommandBlockView } from "./CommandBlockView";
  3 | import { FileCodePanel } from "./FileCodePanel";
> 4 | import { ForkPaths } from "./ForkPaths";
    | ^^^^^^^^^^^^^^^^^^^^^^^^^^^^^^^^^^^^^^^^
  5 |
  6 | export function StepDetail({
  7 |   session,

Import trace:
  Server Component:
    ./app/hand-tracking/components/StepDetail.tsx
    ./app/hand-tracking/[stepId]/page.tsx

https://nextjs.org/docs/messages/module-not-found @ http://localhost:3000/_next/static/chunks/node_modules_next_dist_1e8vcs8._.js:1052
[ 1046267ms] [ERROR] ./app/hand-tracking/components/StepDetail.tsx:4:1
Error: Module not found: Can't resolve './ForkPaths'
  2 | import { CommandBlockView } from "./CommandBlockView";
  3 | import { FileCodePanel } from "./FileCodePanel";
> 4 | import { ForkPaths } from "./ForkPaths";
    | ^^^^^^^^^^^^^^^^^^^^^^^^^^^^^^^^^^^^^^^^
  5 |
  6 | export function StepDetail({
  7 |   session,

Import trace:
  Server Component:
    ./app/hand-tracking/components/StepDetail.tsx
    ./app/hand-tracking/[stepId]/page.tsx

https://nextjs.org/docs/messages/module-not-found @ http://localhost:3000/_next/static/chunks/node_modules_next_dist_1e8vcs8._.js:1052
[ 1046327ms] [ERROR] ./app/hand-tracking/components/StepDetail.tsx:4:1
Error: Module not found: Can't resolve './ForkPaths'
  2 | import { CommandBlockView } from "./CommandBlockView";
  3 | import { FileCodePanel } from "./FileCodePanel";
> 4 | import { ForkPaths } from "./ForkPaths";
    | ^^^^^^^^^^^^^^^^^^^^^^^^^^^^^^^^^^^^^^^^
  5 |
  6 | export function StepDetail({
  7 |   session,

Import trace:
  Server Component:
    ./app/hand-tracking/components/StepDetail.tsx
    ./app/hand-tracking/[stepId]/page.tsx

https://nextjs.org/docs/messages/module-not-found @ http://localhost:3000/_next/static/chunks/node_modules_next_dist_1e8vcs8._.js:1052
[ 1046389ms] [ERROR] ./app/hand-tracking/components/StepDetail.tsx:4:1
Error: Module not found: Can't resolve './ForkPaths'
  2 | import { CommandBlockView } from "./CommandBlockView";
  3 | import { FileCodePanel } from "./FileCodePanel";
> 4 | import { ForkPaths } from "./ForkPaths";
    | ^^^^^^^^^^^^^^^^^^^^^^^^^^^^^^^^^^^^^^^^
  5 |
  6 | export function StepDetail({
  7 |   session,

Import trace:
  Server Component:
    ./app/hand-tracking/components/StepDetail.tsx
    ./app/hand-tracking/[stepId]/page.tsx

https://nextjs.org/docs/messages/module-not-found @ http://localhost:3000/_next/static/chunks/node_modules_next_dist_1e8vcs8._.js:1052
[ 1046451ms] [ERROR] ./app/hand-tracking/components/StepDetail.tsx:4:1
Error: Module not found: Can't resolve './ForkPaths'
  2 | import { CommandBlockView } from "./CommandBlockView";
  3 | import { FileCodePanel } from "./FileCodePanel";
> 4 | import { ForkPaths } from "./ForkPaths";
    | ^^^^^^^^^^^^^^^^^^^^^^^^^^^^^^^^^^^^^^^^
  5 |
  6 | export function StepDetail({
  7 |   session,

Import trace:
  Server Component:
    ./app/hand-tracking/components/StepDetail.tsx
    ./app/hand-tracking/[stepId]/page.tsx

https://nextjs.org/docs/messages/module-not-found @ http://localhost:3000/_next/static/chunks/node_modules_next_dist_1e8vcs8._.js:1052
[ 1046513ms] [ERROR] ./app/hand-tracking/components/StepDetail.tsx:4:1
Error: Module not found: Can't resolve './ForkPaths'
  2 | import { CommandBlockView } from "./CommandBlockView";
  3 | import { FileCodePanel } from "./FileCodePanel";
> 4 | import { ForkPaths } from "./ForkPaths";
    | ^^^^^^^^^^^^^^^^^^^^^^^^^^^^^^^^^^^^^^^^
  5 |
  6 | export function StepDetail({
  7 |   session,

Import trace:
  Server Component:
    ./app/hand-tracking/components/StepDetail.tsx
    ./app/hand-tracking/[stepId]/page.tsx

https://nextjs.org/docs/messages/module-not-found @ http://localhost:3000/_next/static/chunks/node_modules_next_dist_1e8vcs8._.js:1052
[ 1046573ms] [ERROR] ./app/hand-tracking/components/StepDetail.tsx:4:1
Error: Module not found: Can't resolve './ForkPaths'
  2 | import { CommandBlockView } from "./CommandBlockView";
  3 | import { FileCodePanel } from "./FileCodePanel";
> 4 | import { ForkPaths } from "./ForkPaths";
    | ^^^^^^^^^^^^^^^^^^^^^^^^^^^^^^^^^^^^^^^^
  5 |
  6 | export function StepDetail({
  7 |   session,

Import trace:
  Server Component:
    ./app/hand-tracking/components/StepDetail.tsx
    ./app/hand-tracking/[stepId]/page.tsx

https://nextjs.org/docs/messages/module-not-found @ http://localhost:3000/_next/static/chunks/node_modules_next_dist_1e8vcs8._.js:1052
[ 1046621ms] [ERROR] ./app/hand-tracking/components/StepDetail.tsx:4:1
Error: Module not found: Can't resolve './ForkPaths'
  2 | import { CommandBlockView } from "./CommandBlockView";
  3 | import { FileCodePanel } from "./FileCodePanel";
> 4 | import { ForkPaths } from "./ForkPaths";
    | ^^^^^^^^^^^^^^^^^^^^^^^^^^^^^^^^^^^^^^^^
  5 |
  6 | export function StepDetail({
  7 |   session,

Import trace:
  Server Component:
    ./app/hand-tracking/components/StepDetail.tsx
    ./app/hand-tracking/[stepId]/page.tsx

https://nextjs.org/docs/messages/module-not-found @ http://localhost:3000/_next/static/chunks/node_modules_next_dist_1e8vcs8._.js:1052
[ 1046683ms] [ERROR] ./app/hand-tracking/components/StepDetail.tsx:4:1
Error: Module not found: Can't resolve './ForkPaths'
  2 | import { CommandBlockView } from "./CommandBlockView";
  3 | import { FileCodePanel } from "./FileCodePanel";
> 4 | import { ForkPaths } from "./ForkPaths";
    | ^^^^^^^^^^^^^^^^^^^^^^^^^^^^^^^^^^^^^^^^
  5 |
  6 | export function StepDetail({
  7 |   session,

Import trace:
  Server Component:
    ./app/hand-tracking/components/StepDetail.tsx
    ./app/hand-tracking/[stepId]/page.tsx

https://nextjs.org/docs/messages/module-not-found @ http://localhost:3000/_next/static/chunks/node_modules_next_dist_1e8vcs8._.js:1052
[ 1046746ms] [ERROR] ./app/hand-tracking/components/StepDetail.tsx:4:1
Error: Module not found: Can't resolve './ForkPaths'
  2 | import { CommandBlockView } from "./CommandBlockView";
  3 | import { FileCodePanel } from "./FileCodePanel";
> 4 | import { ForkPaths } from "./ForkPaths";
    | ^^^^^^^^^^^^^^^^^^^^^^^^^^^^^^^^^^^^^^^^
  5 |
  6 | export function StepDetail({
  7 |   session,

Import trace:
  Server Component:
    ./app/hand-tracking/components/StepDetail.tsx
    ./app/hand-tracking/[stepId]/page.tsx

https://nextjs.org/docs/messages/module-not-found @ http://localhost:3000/_next/static/chunks/node_modules_next_dist_1e8vcs8._.js:1052
[ 1046808ms] [ERROR] ./app/hand-tracking/components/StepDetail.tsx:4:1
Error: Module not found: Can't resolve './ForkPaths'
  2 | import { CommandBlockView } from "./CommandBlockView";
  3 | import { FileCodePanel } from "./FileCodePanel";
> 4 | import { ForkPaths } from "./ForkPaths";
    | ^^^^^^^^^^^^^^^^^^^^^^^^^^^^^^^^^^^^^^^^
  5 |
  6 | export function StepDetail({
  7 |   session,

Import trace:
  Server Component:
    ./app/hand-tracking/components/StepDetail.tsx
    ./app/hand-tracking/[stepId]/page.tsx

https://nextjs.org/docs/messages/module-not-found @ http://localhost:3000/_next/static/chunks/node_modules_next_dist_1e8vcs8._.js:1052
[ 1046891ms] [ERROR] ./app/hand-tracking/components/StepDetail.tsx:4:1
Error: Module not found: Can't resolve './ForkPaths'
  2 | import { CommandBlockView } from "./CommandBlockView";
  3 | import { FileCodePanel } from "./FileCodePanel";
> 4 | import { ForkPaths } from "./ForkPaths";
    | ^^^^^^^^^^^^^^^^^^^^^^^^^^^^^^^^^^^^^^^^
  5 |
  6 | export function StepDetail({
  7 |   session,

Import trace:
  Server Component:
    ./app/hand-tracking/components/StepDetail.tsx
    ./app/hand-tracking/[stepId]/page.tsx

https://nextjs.org/docs/messages/module-not-found @ http://localhost:3000/_next/static/chunks/node_modules_next_dist_1e8vcs8._.js:1052
[ 1046964ms] [ERROR] ./app/hand-tracking/components/StepDetail.tsx:4:1
Error: Module not found: Can't resolve './ForkPaths'
  2 | import { CommandBlockView } from "./CommandBlockView";
  3 | import { FileCodePanel } from "./FileCodePanel";
> 4 | import { ForkPaths } from "./ForkPaths";
    | ^^^^^^^^^^^^^^^^^^^^^^^^^^^^^^^^^^^^^^^^
  5 |
  6 | export function StepDetail({
  7 |   session,

Import trace:
  Server Component:
    ./app/hand-tracking/components/StepDetail.tsx
    ./app/hand-tracking/[stepId]/page.tsx

https://nextjs.org/docs/messages/module-not-found @ http://localhost:3000/_next/static/chunks/node_modules_next_dist_1e8vcs8._.js:1052
[ 1047026ms] [ERROR] ./app/hand-tracking/components/StepDetail.tsx:4:1
Error: Module not found: Can't resolve './ForkPaths'
  2 | import { CommandBlockView } from "./CommandBlockView";
  3 | import { FileCodePanel } from "./FileCodePanel";
> 4 | import { ForkPaths } from "./ForkPaths";
    | ^^^^^^^^^^^^^^^^^^^^^^^^^^^^^^^^^^^^^^^^
  5 |
  6 | export function StepDetail({
  7 |   session,

Import trace:
  Server Component:
    ./app/hand-tracking/components/StepDetail.tsx
    ./app/hand-tracking/[stepId]/page.tsx

https://nextjs.org/docs/messages/module-not-found @ http://localhost:3000/_next/static/chunks/node_modules_next_dist_1e8vcs8._.js:1052
[ 1047088ms] [ERROR] ./app/hand-tracking/components/StepDetail.tsx:4:1
Error: Module not found: Can't resolve './ForkPaths'
  2 | import { CommandBlockView } from "./CommandBlockView";
  3 | import { FileCodePanel } from "./FileCodePanel";
> 4 | import { ForkPaths } from "./ForkPaths";
    | ^^^^^^^^^^^^^^^^^^^^^^^^^^^^^^^^^^^^^^^^
  5 |
  6 | export function StepDetail({
  7 |   session,

Import trace:
  Server Component:
    ./app/hand-tracking/components/StepDetail.tsx
    ./app/hand-tracking/[stepId]/page.tsx

https://nextjs.org/docs/messages/module-not-found @ http://localhost:3000/_next/static/chunks/node_modules_next_dist_1e8vcs8._.js:1052
[ 1047150ms] [ERROR] ./app/hand-tracking/components/StepDetail.tsx:4:1
Error: Module not found: Can't resolve './ForkPaths'
  2 | import { CommandBlockView } from "./CommandBlockView";
  3 | import { FileCodePanel } from "./FileCodePanel";
> 4 | import { ForkPaths } from "./ForkPaths";
    | ^^^^^^^^^^^^^^^^^^^^^^^^^^^^^^^^^^^^^^^^
  5 |
  6 | export function StepDetail({
  7 |   session,

Import trace:
  Server Component:
    ./app/hand-tracking/components/StepDetail.tsx
    ./app/hand-tracking/[stepId]/page.tsx

https://nextjs.org/docs/messages/module-not-found @ http://localhost:3000/_next/static/chunks/node_modules_next_dist_1e8vcs8._.js:1052
[ 1047212ms] [ERROR] ./app/hand-tracking/components/StepDetail.tsx:4:1
Error: Module not found: Can't resolve './ForkPaths'
  2 | import { CommandBlockView } from "./CommandBlockView";
  3 | import { FileCodePanel } from "./FileCodePanel";
> 4 | import { ForkPaths } from "./ForkPaths";
    | ^^^^^^^^^^^^^^^^^^^^^^^^^^^^^^^^^^^^^^^^
  5 |
  6 | export function StepDetail({
  7 |   session,

Import trace:
  Server Component:
    ./app/hand-tracking/components/StepDetail.tsx
    ./app/hand-tracking/[stepId]/page.tsx

https://nextjs.org/docs/messages/module-not-found @ http://localhost:3000/_next/static/chunks/node_modules_next_dist_1e8vcs8._.js:1052
[ 1047275ms] [ERROR] ./app/hand-tracking/components/StepDetail.tsx:4:1
Error: Module not found: Can't resolve './ForkPaths'
  2 | import { CommandBlockView } from "./CommandBlockView";
  3 | import { FileCodePanel } from "./FileCodePanel";
> 4 | import { ForkPaths } from "./ForkPaths";
    | ^^^^^^^^^^^^^^^^^^^^^^^^^^^^^^^^^^^^^^^^
  5 |
  6 | export function StepDetail({
  7 |   session,

Import trace:
  Server Component:
    ./app/hand-tracking/components/StepDetail.tsx
    ./app/hand-tracking/[stepId]/page.tsx

https://nextjs.org/docs/messages/module-not-found @ http://localhost:3000/_next/static/chunks/node_modules_next_dist_1e8vcs8._.js:1052
[ 1047338ms] [ERROR] ./app/hand-tracking/components/StepDetail.tsx:4:1
Error: Module not found: Can't resolve './ForkPaths'
  2 | import { CommandBlockView } from "./CommandBlockView";
  3 | import { FileCodePanel } from "./FileCodePanel";
> 4 | import { ForkPaths } from "./ForkPaths";
    | ^^^^^^^^^^^^^^^^^^^^^^^^^^^^^^^^^^^^^^^^
  5 |
  6 | export function StepDetail({
  7 |   session,

Import trace:
  Server Component:
    ./app/hand-tracking/components/StepDetail.tsx
    ./app/hand-tracking/[stepId]/page.tsx

https://nextjs.org/docs/messages/module-not-found @ http://localhost:3000/_next/static/chunks/node_modules_next_dist_1e8vcs8._.js:1052
[ 1047401ms] [ERROR] ./app/hand-tracking/components/StepDetail.tsx:4:1
Error: Module not found: Can't resolve './ForkPaths'
  2 | import { CommandBlockView } from "./CommandBlockView";
  3 | import { FileCodePanel } from "./FileCodePanel";
> 4 | import { ForkPaths } from "./ForkPaths";
    | ^^^^^^^^^^^^^^^^^^^^^^^^^^^^^^^^^^^^^^^^
  5 |
  6 | export function StepDetail({
  7 |   session,

Import trace:
  Server Component:
    ./app/hand-tracking/components/StepDetail.tsx
    ./app/hand-tracking/[stepId]/page.tsx

https://nextjs.org/docs/messages/module-not-found @ http://localhost:3000/_next/static/chunks/node_modules_next_dist_1e8vcs8._.js:1052
[ 1047462ms] [ERROR] ./app/hand-tracking/components/StepDetail.tsx:4:1
Error: Module not found: Can't resolve './ForkPaths'
  2 | import { CommandBlockView } from "./CommandBlockView";
  3 | import { FileCodePanel } from "./FileCodePanel";
> 4 | import { ForkPaths } from "./ForkPaths";
    | ^^^^^^^^^^^^^^^^^^^^^^^^^^^^^^^^^^^^^^^^
  5 |
  6 | export function StepDetail({
  7 |   session,

Import trace:
  Server Component:
    ./app/hand-tracking/components/StepDetail.tsx
    ./app/hand-tracking/[stepId]/page.tsx

https://nextjs.org/docs/messages/module-not-found @ http://localhost:3000/_next/static/chunks/node_modules_next_dist_1e8vcs8._.js:1052
[ 1047525ms] [ERROR] ./app/hand-tracking/components/StepDetail.tsx:4:1
Error: Module not found: Can't resolve './ForkPaths'
  2 | import { CommandBlockView } from "./CommandBlockView";
  3 | import { FileCodePanel } from "./FileCodePanel";
> 4 | import { ForkPaths } from "./ForkPaths";
    | ^^^^^^^^^^^^^^^^^^^^^^^^^^^^^^^^^^^^^^^^
  5 |
  6 | export function StepDetail({
  7 |   session,

Import trace:
  Server Component:
    ./app/hand-tracking/components/StepDetail.tsx
    ./app/hand-tracking/[stepId]/page.tsx

https://nextjs.org/docs/messages/module-not-found @ http://localhost:3000/_next/static/chunks/node_modules_next_dist_1e8vcs8._.js:1052
[ 1047585ms] [ERROR] ./app/hand-tracking/components/StepDetail.tsx:4:1
Error: Module not found: Can't resolve './ForkPaths'
  2 | import { CommandBlockView } from "./CommandBlockView";
  3 | import { FileCodePanel } from "./FileCodePanel";
> 4 | import { ForkPaths } from "./ForkPaths";
    | ^^^^^^^^^^^^^^^^^^^^^^^^^^^^^^^^^^^^^^^^
  5 |
  6 | export function StepDetail({
  7 |   session,

Import trace:
  Server Component:
    ./app/hand-tracking/components/StepDetail.tsx
    ./app/hand-tracking/[stepId]/page.tsx

https://nextjs.org/docs/messages/module-not-found @ http://localhost:3000/_next/static/chunks/node_modules_next_dist_1e8vcs8._.js:1052
[ 1047651ms] [ERROR] ./app/hand-tracking/components/StepDetail.tsx:4:1
Error: Module not found: Can't resolve './ForkPaths'
  2 | import { CommandBlockView } from "./CommandBlockView";
  3 | import { FileCodePanel } from "./FileCodePanel";
> 4 | import { ForkPaths } from "./ForkPaths";
    | ^^^^^^^^^^^^^^^^^^^^^^^^^^^^^^^^^^^^^^^^
  5 |
  6 | export function StepDetail({
  7 |   session,

Import trace:
  Server Component:
    ./app/hand-tracking/components/StepDetail.tsx
    ./app/hand-tracking/[stepId]/page.tsx

https://nextjs.org/docs/messages/module-not-found @ http://localhost:3000/_next/static/chunks/node_modules_next_dist_1e8vcs8._.js:1052
[ 1047710ms] [ERROR] ./app/hand-tracking/components/StepDetail.tsx:4:1
Error: Module not found: Can't resolve './ForkPaths'
  2 | import { CommandBlockView } from "./CommandBlockView";
  3 | import { FileCodePanel } from "./FileCodePanel";
> 4 | import { ForkPaths } from "./ForkPaths";
    | ^^^^^^^^^^^^^^^^^^^^^^^^^^^^^^^^^^^^^^^^
  5 |
  6 | export function StepDetail({
  7 |   session,

Import trace:
  Server Component:
    ./app/hand-tracking/components/StepDetail.tsx
    ./app/hand-tracking/[stepId]/page.tsx

https://nextjs.org/docs/messages/module-not-found @ http://localhost:3000/_next/static/chunks/node_modules_next_dist_1e8vcs8._.js:1052
[ 1047772ms] [ERROR] ./app/hand-tracking/components/StepDetail.tsx:4:1
Error: Module not found: Can't resolve './ForkPaths'
  2 | import { CommandBlockView } from "./CommandBlockView";
  3 | import { FileCodePanel } from "./FileCodePanel";
> 4 | import { ForkPaths } from "./ForkPaths";
    | ^^^^^^^^^^^^^^^^^^^^^^^^^^^^^^^^^^^^^^^^
  5 |
  6 | export function StepDetail({
  7 |   session,

Import trace:
  Server Component:
    ./app/hand-tracking/components/StepDetail.tsx
    ./app/hand-tracking/[stepId]/page.tsx

https://nextjs.org/docs/messages/module-not-found @ http://localhost:3000/_next/static/chunks/node_modules_next_dist_1e8vcs8._.js:1052
[ 1047834ms] [ERROR] ./app/hand-tracking/components/StepDetail.tsx:4:1
Error: Module not found: Can't resolve './ForkPaths'
  2 | import { CommandBlockView } from "./CommandBlockView";
  3 | import { FileCodePanel } from "./FileCodePanel";
> 4 | import { ForkPaths } from "./ForkPaths";
    | ^^^^^^^^^^^^^^^^^^^^^^^^^^^^^^^^^^^^^^^^
  5 |
  6 | export function StepDetail({
  7 |   session,

Import trace:
  Server Component:
    ./app/hand-tracking/components/StepDetail.tsx
    ./app/hand-tracking/[stepId]/page.tsx

https://nextjs.org/docs/messages/module-not-found @ http://localhost:3000/_next/static/chunks/node_modules_next_dist_1e8vcs8._.js:1052
[ 1047901ms] [ERROR] ./app/hand-tracking/components/StepDetail.tsx:4:1
Error: Module not found: Can't resolve './ForkPaths'
  2 | import { CommandBlockView } from "./CommandBlockView";
  3 | import { FileCodePanel } from "./FileCodePanel";
> 4 | import { ForkPaths } from "./ForkPaths";
    | ^^^^^^^^^^^^^^^^^^^^^^^^^^^^^^^^^^^^^^^^
  5 |
  6 | export function StepDetail({
  7 |   session,

Import trace:
  Server Component:
    ./app/hand-tracking/components/StepDetail.tsx
    ./app/hand-tracking/[stepId]/page.tsx

https://nextjs.org/docs/messages/module-not-found @ http://localhost:3000/_next/static/chunks/node_modules_next_dist_1e8vcs8._.js:1052
[ 1047959ms] [ERROR] ./app/hand-tracking/components/StepDetail.tsx:4:1
Error: Module not found: Can't resolve './ForkPaths'
  2 | import { CommandBlockView } from "./CommandBlockView";
  3 | import { FileCodePanel } from "./FileCodePanel";
> 4 | import { ForkPaths } from "./ForkPaths";
    | ^^^^^^^^^^^^^^^^^^^^^^^^^^^^^^^^^^^^^^^^
  5 |
  6 | export function StepDetail({
  7 |   session,

Import trace:
  Server Component:
    ./app/hand-tracking/components/StepDetail.tsx
    ./app/hand-tracking/[stepId]/page.tsx

https://nextjs.org/docs/messages/module-not-found @ http://localhost:3000/_next/static/chunks/node_modules_next_dist_1e8vcs8._.js:1052
[ 1048021ms] [ERROR] ./app/hand-tracking/components/StepDetail.tsx:4:1
Error: Module not found: Can't resolve './ForkPaths'
  2 | import { CommandBlockView } from "./CommandBlockView";
  3 | import { FileCodePanel } from "./FileCodePanel";
> 4 | import { ForkPaths } from "./ForkPaths";
    | ^^^^^^^^^^^^^^^^^^^^^^^^^^^^^^^^^^^^^^^^
  5 |
  6 | export function StepDetail({
  7 |   session,

Import trace:
  Server Component:
    ./app/hand-tracking/components/StepDetail.tsx
    ./app/hand-tracking/[stepId]/page.tsx

https://nextjs.org/docs/messages/module-not-found @ http://localhost:3000/_next/static/chunks/node_modules_next_dist_1e8vcs8._.js:1052
[ 1048085ms] [ERROR] ./app/hand-tracking/components/StepDetail.tsx:4:1
Error: Module not found: Can't resolve './ForkPaths'
  2 | import { CommandBlockView } from "./CommandBlockView";
  3 | import { FileCodePanel } from "./FileCodePanel";
> 4 | import { ForkPaths } from "./ForkPaths";
    | ^^^^^^^^^^^^^^^^^^^^^^^^^^^^^^^^^^^^^^^^
  5 |
  6 | export function StepDetail({
  7 |   session,

Import trace:
  Server Component:
    ./app/hand-tracking/components/StepDetail.tsx
    ./app/hand-tracking/[stepId]/page.tsx

https://nextjs.org/docs/messages/module-not-found @ http://localhost:3000/_next/static/chunks/node_modules_next_dist_1e8vcs8._.js:1052
[ 1048144ms] [ERROR] ./app/hand-tracking/components/StepDetail.tsx:4:1
Error: Module not found: Can't resolve './ForkPaths'
  2 | import { CommandBlockView } from "./CommandBlockView";
  3 | import { FileCodePanel } from "./FileCodePanel";
> 4 | import { ForkPaths } from "./ForkPaths";
    | ^^^^^^^^^^^^^^^^^^^^^^^^^^^^^^^^^^^^^^^^
  5 |
  6 | export function StepDetail({
  7 |   session,

Import trace:
  Server Component:
    ./app/hand-tracking/components/StepDetail.tsx
    ./app/hand-tracking/[stepId]/page.tsx

https://nextjs.org/docs/messages/module-not-found @ http://localhost:3000/_next/static/chunks/node_modules_next_dist_1e8vcs8._.js:1052
[ 1048208ms] [ERROR] ./app/hand-tracking/components/StepDetail.tsx:4:1
Error: Module not found: Can't resolve './ForkPaths'
  2 | import { CommandBlockView } from "./CommandBlockView";
  3 | import { FileCodePanel } from "./FileCodePanel";
> 4 | import { ForkPaths } from "./ForkPaths";
    | ^^^^^^^^^^^^^^^^^^^^^^^^^^^^^^^^^^^^^^^^
  5 |
  6 | export function StepDetail({
  7 |   session,

Import trace:
  Server Component:
    ./app/hand-tracking/components/StepDetail.tsx
    ./app/hand-tracking/[stepId]/page.tsx

https://nextjs.org/docs/messages/module-not-found @ http://localhost:3000/_next/static/chunks/node_modules_next_dist_1e8vcs8._.js:1052
[ 1048270ms] [ERROR] ./app/hand-tracking/components/StepDetail.tsx:4:1
Error: Module not found: Can't resolve './ForkPaths'
  2 | import { CommandBlockView } from "./CommandBlockView";
  3 | import { FileCodePanel } from "./FileCodePanel";
> 4 | import { ForkPaths } from "./ForkPaths";
    | ^^^^^^^^^^^^^^^^^^^^^^^^^^^^^^^^^^^^^^^^
  5 |
  6 | export function StepDetail({
  7 |   session,

Import trace:
  Server Component:
    ./app/hand-tracking/components/StepDetail.tsx
    ./app/hand-tracking/[stepId]/page.tsx

https://nextjs.org/docs/messages/module-not-found @ http://localhost:3000/_next/static/chunks/node_modules_next_dist_1e8vcs8._.js:1052
[ 1048334ms] [ERROR] ./app/hand-tracking/components/StepDetail.tsx:4:1
Error: Module not found: Can't resolve './ForkPaths'
  2 | import { CommandBlockView } from "./CommandBlockView";
  3 | import { FileCodePanel } from "./FileCodePanel";
> 4 | import { ForkPaths } from "./ForkPaths";
    | ^^^^^^^^^^^^^^^^^^^^^^^^^^^^^^^^^^^^^^^^
  5 |
  6 | export function StepDetail({
  7 |   session,

Import trace:
  Server Component:
    ./app/hand-tracking/components/StepDetail.tsx
    ./app/hand-tracking/[stepId]/page.tsx

https://nextjs.org/docs/messages/module-not-found @ http://localhost:3000/_next/static/chunks/node_modules_next_dist_1e8vcs8._.js:1052
[ 1048394ms] [ERROR] ./app/hand-tracking/components/StepDetail.tsx:4:1
Error: Module not found: Can't resolve './ForkPaths'
  2 | import { CommandBlockView } from "./CommandBlockView";
  3 | import { FileCodePanel } from "./FileCodePanel";
> 4 | import { ForkPaths } from "./ForkPaths";
    | ^^^^^^^^^^^^^^^^^^^^^^^^^^^^^^^^^^^^^^^^
  5 |
  6 | export function StepDetail({
  7 |   session,

Import trace:
  Server Component:
    ./app/hand-tracking/components/StepDetail.tsx
    ./app/hand-tracking/[stepId]/page.tsx

https://nextjs.org/docs/messages/module-not-found @ http://localhost:3000/_next/static/chunks/node_modules_next_dist_1e8vcs8._.js:1052
[ 1048458ms] [ERROR] ./app/hand-tracking/components/StepDetail.tsx:4:1
Error: Module not found: Can't resolve './ForkPaths'
  2 | import { CommandBlockView } from "./CommandBlockView";
  3 | import { FileCodePanel } from "./FileCodePanel";
> 4 | import { ForkPaths } from "./ForkPaths";
    | ^^^^^^^^^^^^^^^^^^^^^^^^^^^^^^^^^^^^^^^^
  5 |
  6 | export function StepDetail({
  7 |   session,

Import trace:
  Server Component:
    ./app/hand-tracking/components/StepDetail.tsx
    ./app/hand-tracking/[stepId]/page.tsx

https://nextjs.org/docs/messages/module-not-found @ http://localhost:3000/_next/static/chunks/node_modules_next_dist_1e8vcs8._.js:1052
[ 1048521ms] [ERROR] ./app/hand-tracking/components/StepDetail.tsx:4:1
Error: Module not found: Can't resolve './ForkPaths'
  2 | import { CommandBlockView } from "./CommandBlockView";
  3 | import { FileCodePanel } from "./FileCodePanel";
> 4 | import { ForkPaths } from "./ForkPaths";
    | ^^^^^^^^^^^^^^^^^^^^^^^^^^^^^^^^^^^^^^^^
  5 |
  6 | export function StepDetail({
  7 |   session,

Import trace:
  Server Component:
    ./app/hand-tracking/components/StepDetail.tsx
    ./app/hand-tracking/[stepId]/page.tsx

https://nextjs.org/docs/messages/module-not-found @ http://localhost:3000/_next/static/chunks/node_modules_next_dist_1e8vcs8._.js:1052
[ 1048585ms] [ERROR] ./app/hand-tracking/components/StepDetail.tsx:4:1
Error: Module not found: Can't resolve './ForkPaths'
  2 | import { CommandBlockView } from "./CommandBlockView";
  3 | import { FileCodePanel } from "./FileCodePanel";
> 4 | import { ForkPaths } from "./ForkPaths";
    | ^^^^^^^^^^^^^^^^^^^^^^^^^^^^^^^^^^^^^^^^
  5 |
  6 | export function StepDetail({
  7 |   session,

Import trace:
  Server Component:
    ./app/hand-tracking/components/StepDetail.tsx
    ./app/hand-tracking/[stepId]/page.tsx

https://nextjs.org/docs/messages/module-not-found @ http://localhost:3000/_next/static/chunks/node_modules_next_dist_1e8vcs8._.js:1052
[ 1048646ms] [ERROR] ./app/hand-tracking/components/StepDetail.tsx:4:1
Error: Module not found: Can't resolve './ForkPaths'
  2 | import { CommandBlockView } from "./CommandBlockView";
  3 | import { FileCodePanel } from "./FileCodePanel";
> 4 | import { ForkPaths } from "./ForkPaths";
    | ^^^^^^^^^^^^^^^^^^^^^^^^^^^^^^^^^^^^^^^^
  5 |
  6 | export function StepDetail({
  7 |   session,

Import trace:
  Server Component:
    ./app/hand-tracking/components/StepDetail.tsx
    ./app/hand-tracking/[stepId]/page.tsx

https://nextjs.org/docs/messages/module-not-found @ http://localhost:3000/_next/static/chunks/node_modules_next_dist_1e8vcs8._.js:1052
[ 1048866ms] [LOG] [Fast Refresh] rebuilding @ http://localhost:3000/_next/static/chunks/node_modules_next_dist_1e8vcs8._.js:776
[ 1048928ms] [ERROR] ./app/hand-tracking/components/StepDetail.tsx:4:1
Error: Module not found: Can't resolve './ForkPaths'
  2 | import { CommandBlockView } from "./CommandBlockView";
  3 | import { FileCodePanel } from "./FileCodePanel";
> 4 | import { ForkPaths } from "./ForkPaths";
    | ^^^^^^^^^^^^^^^^^^^^^^^^^^^^^^^^^^^^^^^^
  5 |
  6 | export function StepDetail({
  7 |   session,

Import trace:
  Server Component:
    ./app/hand-tracking/components/StepDetail.tsx
    ./app/hand-tracking/[stepId]/page.tsx

https://nextjs.org/docs/messages/module-not-found @ http://localhost:3000/_next/static/chunks/node_modules_next_dist_1e8vcs8._.js:1052
[ 1048989ms] [ERROR] ./app/hand-tracking/components/StepDetail.tsx:4:1
Error: Module not found: Can't resolve './ForkPaths'
  2 | import { CommandBlockView } from "./CommandBlockView";
  3 | import { FileCodePanel } from "./FileCodePanel";
> 4 | import { ForkPaths } from "./ForkPaths";
    | ^^^^^^^^^^^^^^^^^^^^^^^^^^^^^^^^^^^^^^^^
  5 |
  6 | export function StepDetail({
  7 |   session,

Import trace:
  Server Component:
    ./app/hand-tracking/components/StepDetail.tsx
    ./app/hand-tracking/[stepId]/page.tsx

https://nextjs.org/docs/messages/module-not-found @ http://localhost:3000/_next/static/chunks/node_modules_next_dist_1e8vcs8._.js:1052
[ 1049052ms] [ERROR] ./app/hand-tracking/components/StepDetail.tsx:4:1
Error: Module not found: Can't resolve './ForkPaths'
  2 | import { CommandBlockView } from "./CommandBlockView";
  3 | import { FileCodePanel } from "./FileCodePanel";
> 4 | import { ForkPaths } from "./ForkPaths";
    | ^^^^^^^^^^^^^^^^^^^^^^^^^^^^^^^^^^^^^^^^
  5 |
  6 | export function StepDetail({
  7 |   session,

Import trace:
  Server Component:
    ./app/hand-tracking/components/StepDetail.tsx
    ./app/hand-tracking/[stepId]/page.tsx

https://nextjs.org/docs/messages/module-not-found @ http://localhost:3000/_next/static/chunks/node_modules_next_dist_1e8vcs8._.js:1052
[ 1049117ms] [ERROR] ./app/hand-tracking/components/StepDetail.tsx:4:1
Error: Module not found: Can't resolve './ForkPaths'
  2 | import { CommandBlockView } from "./CommandBlockView";
  3 | import { FileCodePanel } from "./FileCodePanel";
> 4 | import { ForkPaths } from "./ForkPaths";
    | ^^^^^^^^^^^^^^^^^^^^^^^^^^^^^^^^^^^^^^^^
  5 |
  6 | export function StepDetail({
  7 |   session,

Import trace:
  Server Component:
    ./app/hand-tracking/components/StepDetail.tsx
    ./app/hand-tracking/[stepId]/page.tsx

https://nextjs.org/docs/messages/module-not-found @ http://localhost:3000/_next/static/chunks/node_modules_next_dist_1e8vcs8._.js:1052
[ 1049177ms] [ERROR] ./app/hand-tracking/components/StepDetail.tsx:4:1
Error: Module not found: Can't resolve './ForkPaths'
  2 | import { CommandBlockView } from "./CommandBlockView";
  3 | import { FileCodePanel } from "./FileCodePanel";
> 4 | import { ForkPaths } from "./ForkPaths";
    | ^^^^^^^^^^^^^^^^^^^^^^^^^^^^^^^^^^^^^^^^
  5 |
  6 | export function StepDetail({
  7 |   session,

Import trace:
  Server Component:
    ./app/hand-tracking/components/StepDetail.tsx
    ./app/hand-tracking/[stepId]/page.tsx

https://nextjs.org/docs/messages/module-not-found @ http://localhost:3000/_next/static/chunks/node_modules_next_dist_1e8vcs8._.js:1052
[ 1049241ms] [ERROR] ./app/hand-tracking/components/StepDetail.tsx:4:1
Error: Module not found: Can't resolve './ForkPaths'
  2 | import { CommandBlockView } from "./CommandBlockView";
  3 | import { FileCodePanel } from "./FileCodePanel";
> 4 | import { ForkPaths } from "./ForkPaths";
    | ^^^^^^^^^^^^^^^^^^^^^^^^^^^^^^^^^^^^^^^^
  5 |
  6 | export function StepDetail({
  7 |   session,

Import trace:
  Server Component:
    ./app/hand-tracking/components/StepDetail.tsx
    ./app/hand-tracking/[stepId]/page.tsx

https://nextjs.org/docs/messages/module-not-found @ http://localhost:3000/_next/static/chunks/node_modules_next_dist_1e8vcs8._.js:1052
[ 1049302ms] [ERROR] ./app/hand-tracking/components/StepDetail.tsx:4:1
Error: Module not found: Can't resolve './ForkPaths'
  2 | import { CommandBlockView } from "./CommandBlockView";
  3 | import { FileCodePanel } from "./FileCodePanel";
> 4 | import { ForkPaths } from "./ForkPaths";
    | ^^^^^^^^^^^^^^^^^^^^^^^^^^^^^^^^^^^^^^^^
  5 |
  6 | export function StepDetail({
  7 |   session,

Import trace:
  Server Component:
    ./app/hand-tracking/components/StepDetail.tsx
    ./app/hand-tracking/[stepId]/page.tsx

https://nextjs.org/docs/messages/module-not-found @ http://localhost:3000/_next/static/chunks/node_modules_next_dist_1e8vcs8._.js:1052
[ 1049367ms] [ERROR] ./app/hand-tracking/components/StepDetail.tsx:4:1
Error: Module not found: Can't resolve './ForkPaths'
  2 | import { CommandBlockView } from "./CommandBlockView";
  3 | import { FileCodePanel } from "./FileCodePanel";
> 4 | import { ForkPaths } from "./ForkPaths";
    | ^^^^^^^^^^^^^^^^^^^^^^^^^^^^^^^^^^^^^^^^
  5 |
  6 | export function StepDetail({
  7 |   session,

Import trace:
  Server Component:
    ./app/hand-tracking/components/StepDetail.tsx
    ./app/hand-tracking/[stepId]/page.tsx

https://nextjs.org/docs/messages/module-not-found @ http://localhost:3000/_next/static/chunks/node_modules_next_dist_1e8vcs8._.js:1052
[ 1049427ms] [ERROR] ./app/hand-tracking/components/StepDetail.tsx:4:1
Error: Module not found: Can't resolve './ForkPaths'
  2 | import { CommandBlockView } from "./CommandBlockView";
  3 | import { FileCodePanel } from "./FileCodePanel";
> 4 | import { ForkPaths } from "./ForkPaths";
    | ^^^^^^^^^^^^^^^^^^^^^^^^^^^^^^^^^^^^^^^^
  5 |
  6 | export function StepDetail({
  7 |   session,

Import trace:
  Server Component:
    ./app/hand-tracking/components/StepDetail.tsx
    ./app/hand-tracking/[stepId]/page.tsx

https://nextjs.org/docs/messages/module-not-found @ http://localhost:3000/_next/static/chunks/node_modules_next_dist_1e8vcs8._.js:1052
[ 1049491ms] [ERROR] ./app/hand-tracking/components/StepDetail.tsx:4:1
Error: Module not found: Can't resolve './ForkPaths'
  2 | import { CommandBlockView } from "./CommandBlockView";
  3 | import { FileCodePanel } from "./FileCodePanel";
> 4 | import { ForkPaths } from "./ForkPaths";
    | ^^^^^^^^^^^^^^^^^^^^^^^^^^^^^^^^^^^^^^^^
  5 |
  6 | export function StepDetail({
  7 |   session,

Import trace:
  Server Component:
    ./app/hand-tracking/components/StepDetail.tsx
    ./app/hand-tracking/[stepId]/page.tsx

https://nextjs.org/docs/messages/module-not-found @ http://localhost:3000/_next/static/chunks/node_modules_next_dist_1e8vcs8._.js:1052
[ 1049553ms] [ERROR] ./app/hand-tracking/components/StepDetail.tsx:4:1
Error: Module not found: Can't resolve './ForkPaths'
  2 | import { CommandBlockView } from "./CommandBlockView";
  3 | import { FileCodePanel } from "./FileCodePanel";
> 4 | import { ForkPaths } from "./ForkPaths";
    | ^^^^^^^^^^^^^^^^^^^^^^^^^^^^^^^^^^^^^^^^
  5 |
  6 | export function StepDetail({
  7 |   session,

Import trace:
  Server Component:
    ./app/hand-tracking/components/StepDetail.tsx
    ./app/hand-tracking/[stepId]/page.tsx

https://nextjs.org/docs/messages/module-not-found @ http://localhost:3000/_next/static/chunks/node_modules_next_dist_1e8vcs8._.js:1052
[ 1049604ms] [ERROR] ./app/hand-tracking/components/StepDetail.tsx:4:1
Error: Module not found: Can't resolve './ForkPaths'
  2 | import { CommandBlockView } from "./CommandBlockView";
  3 | import { FileCodePanel } from "./FileCodePanel";
> 4 | import { ForkPaths } from "./ForkPaths";
    | ^^^^^^^^^^^^^^^^^^^^^^^^^^^^^^^^^^^^^^^^
  5 |
  6 | export function StepDetail({
  7 |   session,

Import trace:
  Server Component:
    ./app/hand-tracking/components/StepDetail.tsx
    ./app/hand-tracking/[stepId]/page.tsx

https://nextjs.org/docs/messages/module-not-found @ http://localhost:3000/_next/static/chunks/node_modules_next_dist_1e8vcs8._.js:1052
[ 1049710ms] [ERROR] ./app/hand-tracking/components/StepDetail.tsx:4:1
Error: Module not found: Can't resolve './ForkPaths'
  2 | import { CommandBlockView } from "./CommandBlockView";
  3 | import { FileCodePanel } from "./FileCodePanel";
> 4 | import { ForkPaths } from "./ForkPaths";
    | ^^^^^^^^^^^^^^^^^^^^^^^^^^^^^^^^^^^^^^^^
  5 |
  6 | export function StepDetail({
  7 |   session,

Import trace:
  Server Component:
    ./app/hand-tracking/components/StepDetail.tsx
    ./app/hand-tracking/[stepId]/page.tsx

https://nextjs.org/docs/messages/module-not-found @ http://localhost:3000/_next/static/chunks/node_modules_next_dist_1e8vcs8._.js:1052
[ 1049770ms] [ERROR] ./app/hand-tracking/components/StepDetail.tsx:4:1
Error: Module not found: Can't resolve './ForkPaths'
  2 | import { CommandBlockView } from "./CommandBlockView";
  3 | import { FileCodePanel } from "./FileCodePanel";
> 4 | import { ForkPaths } from "./ForkPaths";
    | ^^^^^^^^^^^^^^^^^^^^^^^^^^^^^^^^^^^^^^^^
  5 |
  6 | export function StepDetail({
  7 |   session,

Import trace:
  Server Component:
    ./app/hand-tracking/components/StepDetail.tsx
    ./app/hand-tracking/[stepId]/page.tsx

https://nextjs.org/docs/messages/module-not-found @ http://localhost:3000/_next/static/chunks/node_modules_next_dist_1e8vcs8._.js:1052
[ 1049815ms] [LOG] [Fast Refresh] rebuilding @ http://localhost:3000/_next/static/chunks/node_modules_next_dist_1e8vcs8._.js:776
[ 1049835ms] [ERROR] ./app/hand-tracking/components/StepDetail.tsx:4:1
Error: Module not found: Can't resolve './ForkPaths'
  2 | import { CommandBlockView } from "./CommandBlockView";
  3 | import { FileCodePanel } from "./FileCodePanel";
> 4 | import { ForkPaths } from "./ForkPaths";
    | ^^^^^^^^^^^^^^^^^^^^^^^^^^^^^^^^^^^^^^^^
  5 |
  6 | export function StepDetail({
  7 |   session,

Import trace:
  Server Component:
    ./app/hand-tracking/components/StepDetail.tsx
    ./app/hand-tracking/[stepId]/page.tsx

https://nextjs.org/docs/messages/module-not-found @ http://localhost:3000/_next/static/chunks/node_modules_next_dist_1e8vcs8._.js:1052
[ 1049874ms] [ERROR] ./app/hand-tracking/components/StepDetail.tsx:4:1
Error: Module not found: Can't resolve './ForkPaths'
  2 | import { CommandBlockView } from "./CommandBlockView";
  3 | import { FileCodePanel } from "./FileCodePanel";
> 4 | import { ForkPaths } from "./ForkPaths";
    | ^^^^^^^^^^^^^^^^^^^^^^^^^^^^^^^^^^^^^^^^
  5 |
  6 | export function StepDetail({
  7 |   session,

Import trace:
  Server Component:
    ./app/hand-tracking/components/StepDetail.tsx
    ./app/hand-tracking/[stepId]/page.tsx

https://nextjs.org/docs/messages/module-not-found @ http://localhost:3000/_next/static/chunks/node_modules_next_dist_1e8vcs8._.js:1052
[ 1050090ms] [LOG] [Fast Refresh] rebuilding @ http://localhost:3000/_next/static/chunks/node_modules_next_dist_1e8vcs8._.js:776
[ 1050326ms] [LOG] [Fast Refresh] done in 115ms @ http://localhost:3000/_next/static/chunks/node_modules_next_dist_1e8vcs8._.js:776
[ 1050714ms] ReferenceError: ForkPaths is not defined
    at StepDetail (about://React/Server/file:///D:/Program%2520Projects/React/python-cv-iot-guide/.next/dev/server/chunks/ssr/%255Broot-of-the-server%255D__1wql76-._.js?id=%255Bproject%255D/app/hand-tracking/components/StepDetail.tsx+%255Bapp-rsc%255D+(ecmascript)?85:178:285)
    at resolveErrorDev (http://localhost:3000/_next/static/chunks/node_modules_next_dist_compiled_react-server-dom-turbopack_164kp-6._.js:1937:150)
    at processFullStringRow (http://localhost:3000/_next/static/chunks/node_modules_next_dist_compiled_react-server-dom-turbopack_164kp-6._.js:2456:29)
    at processFullBinaryRow (http://localhost:3000/_next/static/chunks/node_modules_next_dist_compiled_react-server-dom-turbopack_164kp-6._.js:2415:9)
    at processBinaryChunk (http://localhost:3000/_next/static/chunks/node_modules_next_dist_compiled_react-server-dom-turbopack_164kp-6._.js:2524:221)
    at progress (http://localhost:3000/_next/static/chunks/node_modules_next_dist_compiled_react-server-dom-turbopack_164kp-6._.js:2711:13)
[ 1055454ms] [LOG] [Fast Refresh] rebuilding @ http://localhost:3000/_next/static/chunks/node_modules_next_dist_1e8vcs8._.js:776
[ 1055815ms] [WARNING] [Fast Refresh] performing full reload because your application had an unrecoverable error @ http://localhost:3000/_next/static/chunks/node_modules_next_dist_1e8vcs8._.js:776
[ 1055825ms] [LOG] [Fast Refresh] done in 466ms @ http://localhost:3000/_next/static/chunks/node_modules_next_dist_1e8vcs8._.js:776
[ 1056066ms] [LOG] [Fast Refresh] done in 466ms @ http://localhost:3000/_next/static/chunks/node_modules_next_dist_1e8vcs8._.js:776
[ 1056555ms] [INFO] %cDownload the React DevTools for a better development experience: https://react.dev/link/react-devtools font-weight:bold @ http://localhost:3000/_next/static/chunks/node_modules_next_dist_1e8vcs8._.js:776
[ 1056641ms] [LOG] [HMR] connected @ http://localhost:3000/_next/static/chunks/node_modules_next_dist_1e8vcs8._.js:776
[ 1063532ms] [LOG] [Fast Refresh] rebuilding @ http://localhost:3000/_next/static/chunks/node_modules_next_dist_1e8vcs8._.js:776
[ 1063584ms] [LOG] [Fast Refresh] done in 157ms @ http://localhost:3000/_next/static/chunks/node_modules_next_dist_1e8vcs8._.js:776
[ 1073575ms] [LOG] [Fast Refresh] rebuilding @ http://localhost:3000/_next/static/chunks/node_modules_next_dist_1e8vcs8._.js:776
[ 1073727ms] [LOG] [Fast Refresh] done in 225ms @ http://localhost:3000/_next/static/chunks/node_modules_next_dist_1e8vcs8._.js:776
[ 1073786ms] [LOG] [Fast Refresh] done in 225ms @ http://localhost:3000/_next/static/chunks/node_modules_next_dist_1e8vcs8._.js:776
[ 1073845ms] [LOG] [Fast Refresh] done in 225ms @ http://localhost:3000/_next/static/chunks/node_modules_next_dist_1e8vcs8._.js:776
[ 1073909ms] [LOG] [Fast Refresh] done in 225ms @ http://localhost:3000/_next/static/chunks/node_modules_next_dist_1e8vcs8._.js:776
[ 1073970ms] [LOG] [Fast Refresh] done in 225ms @ http://localhost:3000/_next/static/chunks/node_modules_next_dist_1e8vcs8._.js:776
[ 1074032ms] [LOG] [Fast Refresh] done in 225ms @ http://localhost:3000/_next/static/chunks/node_modules_next_dist_1e8vcs8._.js:776
[ 1074094ms] [LOG] [Fast Refresh] done in 225ms @ http://localhost:3000/_next/static/chunks/node_modules_next_dist_1e8vcs8._.js:776
[ 1074158ms] [LOG] [Fast Refresh] done in 225ms @ http://localhost:3000/_next/static/chunks/node_modules_next_dist_1e8vcs8._.js:776
[ 1074217ms] [LOG] [Fast Refresh] done in 225ms @ http://localhost:3000/_next/static/chunks/node_modules_next_dist_1e8vcs8._.js:776
[ 1074279ms] [LOG] [Fast Refresh] done in 225ms @ http://localhost:3000/_next/static/chunks/node_modules_next_dist_1e8vcs8._.js:776
[ 1074327ms] [LOG] [Fast Refresh] done in 225ms @ http://localhost:3000/_next/static/chunks/node_modules_next_dist_1e8vcs8._.js:776
[ 1074388ms] [LOG] [Fast Refresh] done in 225ms @ http://localhost:3000/_next/static/chunks/node_modules_next_dist_1e8vcs8._.js:776
[ 1074449ms] [LOG] [Fast Refresh] done in 225ms @ http://localhost:3000/_next/static/chunks/node_modules_next_dist_1e8vcs8._.js:776
[ 1074511ms] [LOG] [Fast Refresh] done in 225ms @ http://localhost:3000/_next/static/chunks/node_modules_next_dist_1e8vcs8._.js:776
[ 1074575ms] [LOG] [Fast Refresh] done in 225ms @ http://localhost:3000/_next/static/chunks/node_modules_next_dist_1e8vcs8._.js:776
[ 1074635ms] [LOG] [Fast Refresh] done in 225ms @ http://localhost:3000/_next/static/chunks/node_modules_next_dist_1e8vcs8._.js:776
[ 1074699ms] [LOG] [Fast Refresh] done in 225ms @ http://localhost:3000/_next/static/chunks/node_modules_next_dist_1e8vcs8._.js:776
[ 1074760ms] [LOG] [Fast Refresh] done in 225ms @ http://localhost:3000/_next/static/chunks/node_modules_next_dist_1e8vcs8._.js:776
[ 1074824ms] [LOG] [Fast Refresh] done in 225ms @ http://localhost:3000/_next/static/chunks/node_modules_next_dist_1e8vcs8._.js:776
[ 1074884ms] [LOG] [Fast Refresh] done in 225ms @ http://localhost:3000/_next/static/chunks/node_modules_next_dist_1e8vcs8._.js:776
[ 1074952ms] [LOG] [Fast Refresh] done in 225ms @ http://localhost:3000/_next/static/chunks/node_modules_next_dist_1e8vcs8._.js:776
[ 1075008ms] [LOG] [Fast Refresh] done in 225ms @ http://localhost:3000/_next/static/chunks/node_modules_next_dist_1e8vcs8._.js:776
[ 1075071ms] [LOG] [Fast Refresh] done in 225ms @ http://localhost:3000/_next/static/chunks/node_modules_next_dist_1e8vcs8._.js:776
[ 1075133ms] [LOG] [Fast Refresh] done in 225ms @ http://localhost:3000/_next/static/chunks/node_modules_next_dist_1e8vcs8._.js:776
[ 1075195ms] [LOG] [Fast Refresh] done in 225ms @ http://localhost:3000/_next/static/chunks/node_modules_next_dist_1e8vcs8._.js:776
[ 1075258ms] [LOG] [Fast Refresh] done in 225ms @ http://localhost:3000/_next/static/chunks/node_modules_next_dist_1e8vcs8._.js:776
[ 1075319ms] [LOG] [Fast Refresh] done in 225ms @ http://localhost:3000/_next/static/chunks/node_modules_next_dist_1e8vcs8._.js:776
[ 1075382ms] [LOG] [Fast Refresh] done in 225ms @ http://localhost:3000/_next/static/chunks/node_modules_next_dist_1e8vcs8._.js:776
[ 1075444ms] [LOG] [Fast Refresh] done in 225ms @ http://localhost:3000/_next/static/chunks/node_modules_next_dist_1e8vcs8._.js:776
[ 1075508ms] [LOG] [Fast Refresh] done in 225ms @ http://localhost:3000/_next/static/chunks/node_modules_next_dist_1e8vcs8._.js:776
[ 1075569ms] [LOG] [Fast Refresh] done in 225ms @ http://localhost:3000/_next/static/chunks/node_modules_next_dist_1e8vcs8._.js:776
[ 1075633ms] [LOG] [Fast Refresh] done in 225ms @ http://localhost:3000/_next/static/chunks/node_modules_next_dist_1e8vcs8._.js:776
[ 1075695ms] [LOG] [Fast Refresh] done in 225ms @ http://localhost:3000/_next/static/chunks/node_modules_next_dist_1e8vcs8._.js:776
[ 1075759ms] [LOG] [Fast Refresh] done in 225ms @ http://localhost:3000/_next/static/chunks/node_modules_next_dist_1e8vcs8._.js:776
[ 1075838ms] [LOG] [Fast Refresh] done in 225ms @ http://localhost:3000/_next/static/chunks/node_modules_next_dist_1e8vcs8._.js:776
[ 1075932ms] [LOG] [Fast Refresh] done in 225ms @ http://localhost:3000/_next/static/chunks/node_modules_next_dist_1e8vcs8._.js:776
[ 1075991ms] [LOG] [Fast Refresh] done in 225ms @ http://localhost:3000/_next/static/chunks/node_modules_next_dist_1e8vcs8._.js:776
[ 1076050ms] [LOG] [Fast Refresh] done in 225ms @ http://localhost:3000/_next/static/chunks/node_modules_next_dist_1e8vcs8._.js:776
[ 1076112ms] [LOG] [Fast Refresh] done in 225ms @ http://localhost:3000/_next/static/chunks/node_modules_next_dist_1e8vcs8._.js:776
[ 1076175ms] [LOG] [Fast Refresh] done in 225ms @ http://localhost:3000/_next/static/chunks/node_modules_next_dist_1e8vcs8._.js:776
[ 1076236ms] [LOG] [Fast Refresh] done in 225ms @ http://localhost:3000/_next/static/chunks/node_modules_next_dist_1e8vcs8._.js:776
[ 1076300ms] [LOG] [Fast Refresh] done in 225ms @ http://localhost:3000/_next/static/chunks/node_modules_next_dist_1e8vcs8._.js:776
[ 1076360ms] [LOG] [Fast Refresh] done in 225ms @ http://localhost:3000/_next/static/chunks/node_modules_next_dist_1e8vcs8._.js:776
[ 1076425ms] [LOG] [Fast Refresh] done in 225ms @ http://localhost:3000/_next/static/chunks/node_modules_next_dist_1e8vcs8._.js:776
[ 1076486ms] [LOG] [Fast Refresh] done in 225ms @ http://localhost:3000/_next/static/chunks/node_modules_next_dist_1e8vcs8._.js:776
[ 1076533ms] [LOG] [Fast Refresh] done in 225ms @ http://localhost:3000/_next/static/chunks/node_modules_next_dist_1e8vcs8._.js:776
[ 1076596ms] [LOG] [Fast Refresh] done in 225ms @ http://localhost:3000/_next/static/chunks/node_modules_next_dist_1e8vcs8._.js:776
[ 1076659ms] [LOG] [Fast Refresh] done in 225ms @ http://localhost:3000/_next/static/chunks/node_modules_next_dist_1e8vcs8._.js:776
[ 1076721ms] [LOG] [Fast Refresh] done in 225ms @ http://localhost:3000/_next/static/chunks/node_modules_next_dist_1e8vcs8._.js:776
[ 1076784ms] [LOG] [Fast Refresh] done in 225ms @ http://localhost:3000/_next/static/chunks/node_modules_next_dist_1e8vcs8._.js:776
[ 1076846ms] [LOG] [Fast Refresh] done in 225ms @ http://localhost:3000/_next/static/chunks/node_modules_next_dist_1e8vcs8._.js:776
[ 1076909ms] [LOG] [Fast Refresh] done in 225ms @ http://localhost:3000/_next/static/chunks/node_modules_next_dist_1e8vcs8._.js:776
[ 1076972ms] [LOG] [Fast Refresh] done in 225ms @ http://localhost:3000/_next/static/chunks/node_modules_next_dist_1e8vcs8._.js:776
[ 1077034ms] [LOG] [Fast Refresh] done in 225ms @ http://localhost:3000/_next/static/chunks/node_modules_next_dist_1e8vcs8._.js:776
[ 1077096ms] [LOG] [Fast Refresh] done in 225ms @ http://localhost:3000/_next/static/chunks/node_modules_next_dist_1e8vcs8._.js:776
[ 1077158ms] [LOG] [Fast Refresh] done in 225ms @ http://localhost:3000/_next/static/chunks/node_modules_next_dist_1e8vcs8._.js:776
[ 1077221ms] [LOG] [Fast Refresh] done in 225ms @ http://localhost:3000/_next/static/chunks/node_modules_next_dist_1e8vcs8._.js:776
[ 1077283ms] [LOG] [Fast Refresh] done in 225ms @ http://localhost:3000/_next/static/chunks/node_modules_next_dist_1e8vcs8._.js:776
[ 1077344ms] [LOG] [Fast Refresh] done in 225ms @ http://localhost:3000/_next/static/chunks/node_modules_next_dist_1e8vcs8._.js:776
[ 1077405ms] [LOG] [Fast Refresh] done in 225ms @ http://localhost:3000/_next/static/chunks/node_modules_next_dist_1e8vcs8._.js:776
[ 1077468ms] [LOG] [Fast Refresh] done in 225ms @ http://localhost:3000/_next/static/chunks/node_modules_next_dist_1e8vcs8._.js:776
[ 1077536ms] [LOG] [Fast Refresh] done in 225ms @ http://localhost:3000/_next/static/chunks/node_modules_next_dist_1e8vcs8._.js:776
[ 1077593ms] [LOG] [Fast Refresh] done in 225ms @ http://localhost:3000/_next/static/chunks/node_modules_next_dist_1e8vcs8._.js:776
[ 1077656ms] [LOG] [Fast Refresh] done in 225ms @ http://localhost:3000/_next/static/chunks/node_modules_next_dist_1e8vcs8._.js:776
[ 1077719ms] [LOG] [Fast Refresh] done in 225ms @ http://localhost:3000/_next/static/chunks/node_modules_next_dist_1e8vcs8._.js:776
[ 1077782ms] [LOG] [Fast Refresh] done in 225ms @ http://localhost:3000/_next/static/chunks/node_modules_next_dist_1e8vcs8._.js:776
[ 1077845ms] [LOG] [Fast Refresh] done in 225ms @ http://localhost:3000/_next/static/chunks/node_modules_next_dist_1e8vcs8._.js:776
[ 1077909ms] [LOG] [Fast Refresh] done in 225ms @ http://localhost:3000/_next/static/chunks/node_modules_next_dist_1e8vcs8._.js:776
[ 1077970ms] [LOG] [Fast Refresh] done in 225ms @ http://localhost:3000/_next/static/chunks/node_modules_next_dist_1e8vcs8._.js:776
[ 1078031ms] [LOG] [Fast Refresh] done in 225ms @ http://localhost:3000/_next/static/chunks/node_modules_next_dist_1e8vcs8._.js:776
[ 1078093ms] [LOG] [Fast Refresh] done in 225ms @ http://localhost:3000/_next/static/chunks/node_modules_next_dist_1e8vcs8._.js:776
[ 1078156ms] [LOG] [Fast Refresh] done in 225ms @ http://localhost:3000/_next/static/chunks/node_modules_next_dist_1e8vcs8._.js:776
[ 1078270ms] [LOG] [Fast Refresh] done in 225ms @ http://localhost:3000/_next/static/chunks/node_modules_next_dist_1e8vcs8._.js:776
[ 1078326ms] [LOG] [Fast Refresh] done in 225ms @ http://localhost:3000/_next/static/chunks/node_modules_next_dist_1e8vcs8._.js:776
[ 1078386ms] [LOG] [Fast Refresh] done in 225ms @ http://localhost:3000/_next/static/chunks/node_modules_next_dist_1e8vcs8._.js:776
[ 1078447ms] [LOG] [Fast Refresh] done in 225ms @ http://localhost:3000/_next/static/chunks/node_modules_next_dist_1e8vcs8._.js:776
[ 1078509ms] [LOG] [Fast Refresh] done in 225ms @ http://localhost:3000/_next/static/chunks/node_modules_next_dist_1e8vcs8._.js:776
[ 1078558ms] [LOG] [Fast Refresh] done in 225ms @ http://localhost:3000/_next/static/chunks/node_modules_next_dist_1e8vcs8._.js:776
[ 1078619ms] [LOG] [Fast Refresh] done in 225ms @ http://localhost:3000/_next/static/chunks/node_modules_next_dist_1e8vcs8._.js:776
[ 1078681ms] [LOG] [Fast Refresh] done in 225ms @ http://localhost:3000/_next/static/chunks/node_modules_next_dist_1e8vcs8._.js:776
[ 1078742ms] [LOG] [Fast Refresh] done in 225ms @ http://localhost:3000/_next/static/chunks/node_modules_next_dist_1e8vcs8._.js:776
[ 1078804ms] [LOG] [Fast Refresh] done in 225ms @ http://localhost:3000/_next/static/chunks/node_modules_next_dist_1e8vcs8._.js:776
[ 1078866ms] [LOG] [Fast Refresh] done in 225ms @ http://localhost:3000/_next/static/chunks/node_modules_next_dist_1e8vcs8._.js:776
[ 1078928ms] [LOG] [Fast Refresh] done in 225ms @ http://localhost:3000/_next/static/chunks/node_modules_next_dist_1e8vcs8._.js:776
[ 1104675ms] [LOG] [Fast Refresh] rebuilding @ http://localhost:3000/_next/static/chunks/node_modules_next_dist_1e8vcs8._.js:776
[ 1105065ms] [LOG] [Fast Refresh] done in 138ms @ http://localhost:3000/_next/static/chunks/node_modules_next_dist_1e8vcs8._.js:776
[ 1105151ms] [LOG] [Fast Refresh] done in 138ms @ http://localhost:3000/_next/static/chunks/node_modules_next_dist_1e8vcs8._.js:776
[ 1105216ms] [LOG] [Fast Refresh] done in 138ms @ http://localhost:3000/_next/static/chunks/node_modules_next_dist_1e8vcs8._.js:776
[ 1105278ms] [LOG] [Fast Refresh] done in 138ms @ http://localhost:3000/_next/static/chunks/node_modules_next_dist_1e8vcs8._.js:776
[ 1105340ms] [LOG] [Fast Refresh] done in 138ms @ http://localhost:3000/_next/static/chunks/node_modules_next_dist_1e8vcs8._.js:776
[ 1105403ms] [LOG] [Fast Refresh] done in 138ms @ http://localhost:3000/_next/static/chunks/node_modules_next_dist_1e8vcs8._.js:776
[ 1105467ms] [LOG] [Fast Refresh] done in 138ms @ http://localhost:3000/_next/static/chunks/node_modules_next_dist_1e8vcs8._.js:776
[ 1105526ms] [LOG] [Fast Refresh] done in 138ms @ http://localhost:3000/_next/static/chunks/node_modules_next_dist_1e8vcs8._.js:776
[ 1105592ms] [LOG] [Fast Refresh] done in 138ms @ http://localhost:3000/_next/static/chunks/node_modules_next_dist_1e8vcs8._.js:776
[ 1105653ms] [LOG] [Fast Refresh] done in 138ms @ http://localhost:3000/_next/static/chunks/node_modules_next_dist_1e8vcs8._.js:776
[ 1105717ms] [LOG] [Fast Refresh] done in 138ms @ http://localhost:3000/_next/static/chunks/node_modules_next_dist_1e8vcs8._.js:776
[ 1105777ms] [LOG] [Fast Refresh] done in 138ms @ http://localhost:3000/_next/static/chunks/node_modules_next_dist_1e8vcs8._.js:776
[ 1105841ms] [LOG] [Fast Refresh] done in 138ms @ http://localhost:3000/_next/static/chunks/node_modules_next_dist_1e8vcs8._.js:776
[ 1105902ms] [LOG] [Fast Refresh] done in 138ms @ http://localhost:3000/_next/static/chunks/node_modules_next_dist_1e8vcs8._.js:776
[ 1105963ms] [LOG] [Fast Refresh] done in 138ms @ http://localhost:3000/_next/static/chunks/node_modules_next_dist_1e8vcs8._.js:776
[ 1106026ms] [LOG] [Fast Refresh] done in 138ms @ http://localhost:3000/_next/static/chunks/node_modules_next_dist_1e8vcs8._.js:776
[ 1106088ms] [LOG] [Fast Refresh] done in 138ms @ http://localhost:3000/_next/static/chunks/node_modules_next_dist_1e8vcs8._.js:776
[ 1106151ms] [LOG] [Fast Refresh] done in 138ms @ http://localhost:3000/_next/static/chunks/node_modules_next_dist_1e8vcs8._.js:776
[ 1106215ms] [LOG] [Fast Refresh] done in 138ms @ http://localhost:3000/_next/static/chunks/node_modules_next_dist_1e8vcs8._.js:776
[ 1106275ms] [LOG] [Fast Refresh] done in 138ms @ http://localhost:3000/_next/static/chunks/node_modules_next_dist_1e8vcs8._.js:776
[ 1106337ms] [LOG] [Fast Refresh] done in 138ms @ http://localhost:3000/_next/static/chunks/node_modules_next_dist_1e8vcs8._.js:776
[ 1106399ms] [LOG] [Fast Refresh] done in 138ms @ http://localhost:3000/_next/static/chunks/node_modules_next_dist_1e8vcs8._.js:776
[ 1106475ms] [LOG] [Fast Refresh] done in 138ms @ http://localhost:3000/_next/static/chunks/node_modules_next_dist_1e8vcs8._.js:776
[ 1106541ms] [LOG] [Fast Refresh] done in 138ms @ http://localhost:3000/_next/static/chunks/node_modules_next_dist_1e8vcs8._.js:776
[ 1106603ms] [LOG] [Fast Refresh] done in 138ms @ http://localhost:3000/_next/static/chunks/node_modules_next_dist_1e8vcs8._.js:776
[ 1106666ms] [LOG] [Fast Refresh] done in 138ms @ http://localhost:3000/_next/static/chunks/node_modules_next_dist_1e8vcs8._.js:776
[ 1106729ms] [LOG] [Fast Refresh] done in 138ms @ http://localhost:3000/_next/static/chunks/node_modules_next_dist_1e8vcs8._.js:776
[ 1106791ms] [LOG] [Fast Refresh] done in 138ms @ http://localhost:3000/_next/static/chunks/node_modules_next_dist_1e8vcs8._.js:776
[ 1106854ms] [LOG] [Fast Refresh] done in 138ms @ http://localhost:3000/_next/static/chunks/node_modules_next_dist_1e8vcs8._.js:776
[ 1106916ms] [LOG] [Fast Refresh] done in 138ms @ http://localhost:3000/_next/static/chunks/node_modules_next_dist_1e8vcs8._.js:776
[ 1106979ms] [LOG] [Fast Refresh] done in 138ms @ http://localhost:3000/_next/static/chunks/node_modules_next_dist_1e8vcs8._.js:776
[ 1107042ms] [LOG] [Fast Refresh] done in 138ms @ http://localhost:3000/_next/static/chunks/node_modules_next_dist_1e8vcs8._.js:776
[ 1107103ms] [LOG] [Fast Refresh] done in 138ms @ http://localhost:3000/_next/static/chunks/node_modules_next_dist_1e8vcs8._.js:776
[ 1107165ms] [LOG] [Fast Refresh] done in 138ms @ http://localhost:3000/_next/static/chunks/node_modules_next_dist_1e8vcs8._.js:776
[ 1107227ms] [LOG] [Fast Refresh] done in 138ms @ http://localhost:3000/_next/static/chunks/node_modules_next_dist_1e8vcs8._.js:776
[ 1107291ms] [LOG] [Fast Refresh] done in 138ms @ http://localhost:3000/_next/static/chunks/node_modules_next_dist_1e8vcs8._.js:776
[ 1107352ms] [LOG] [Fast Refresh] done in 138ms @ http://localhost:3000/_next/static/chunks/node_modules_next_dist_1e8vcs8._.js:776
[ 1107415ms] [LOG] [Fast Refresh] done in 138ms @ http://localhost:3000/_next/static/chunks/node_modules_next_dist_1e8vcs8._.js:776
[ 1107479ms] [LOG] [Fast Refresh] done in 138ms @ http://localhost:3000/_next/static/chunks/node_modules_next_dist_1e8vcs8._.js:776
[ 1107541ms] [LOG] [Fast Refresh] done in 138ms @ http://localhost:3000/_next/static/chunks/node_modules_next_dist_1e8vcs8._.js:776
[ 1107604ms] [LOG] [Fast Refresh] done in 138ms @ http://localhost:3000/_next/static/chunks/node_modules_next_dist_1e8vcs8._.js:776
[ 1107666ms] [LOG] [Fast Refresh] done in 138ms @ http://localhost:3000/_next/static/chunks/node_modules_next_dist_1e8vcs8._.js:776
[ 1107730ms] [LOG] [Fast Refresh] done in 138ms @ http://localhost:3000/_next/static/chunks/node_modules_next_dist_1e8vcs8._.js:776
[ 1107791ms] [LOG] [Fast Refresh] done in 138ms @ http://localhost:3000/_next/static/chunks/node_modules_next_dist_1e8vcs8._.js:776
[ 1107852ms] [LOG] [Fast Refresh] done in 138ms @ http://localhost:3000/_next/static/chunks/node_modules_next_dist_1e8vcs8._.js:776
[ 1107915ms] [LOG] [Fast Refresh] done in 138ms @ http://localhost:3000/_next/static/chunks/node_modules_next_dist_1e8vcs8._.js:776
[ 1107978ms] [LOG] [Fast Refresh] done in 138ms @ http://localhost:3000/_next/static/chunks/node_modules_next_dist_1e8vcs8._.js:776
[ 1108041ms] [LOG] [Fast Refresh] done in 138ms @ http://localhost:3000/_next/static/chunks/node_modules_next_dist_1e8vcs8._.js:776
[ 1108106ms] [LOG] [Fast Refresh] done in 138ms @ http://localhost:3000/_next/static/chunks/node_modules_next_dist_1e8vcs8._.js:776
[ 1108167ms] [LOG] [Fast Refresh] done in 138ms @ http://localhost:3000/_next/static/chunks/node_modules_next_dist_1e8vcs8._.js:776
[ 1108228ms] [LOG] [Fast Refresh] done in 138ms @ http://localhost:3000/_next/static/chunks/node_modules_next_dist_1e8vcs8._.js:776
[ 1108291ms] [LOG] [Fast Refresh] done in 138ms @ http://localhost:3000/_next/static/chunks/node_modules_next_dist_1e8vcs8._.js:776
[ 1108349ms] [LOG] [Fast Refresh] done in 138ms @ http://localhost:3000/_next/static/chunks/node_modules_next_dist_1e8vcs8._.js:776
[ 1108409ms] [LOG] [Fast Refresh] done in 138ms @ http://localhost:3000/_next/static/chunks/node_modules_next_dist_1e8vcs8._.js:776
[ 1108471ms] [LOG] [Fast Refresh] done in 138ms @ http://localhost:3000/_next/static/chunks/node_modules_next_dist_1e8vcs8._.js:776
[ 1108532ms] [LOG] [Fast Refresh] done in 138ms @ http://localhost:3000/_next/static/chunks/node_modules_next_dist_1e8vcs8._.js:776
[ 1108592ms] [LOG] [Fast Refresh] done in 138ms @ http://localhost:3000/_next/static/chunks/node_modules_next_dist_1e8vcs8._.js:776
[ 1108656ms] [LOG] [Fast Refresh] done in 138ms @ http://localhost:3000/_next/static/chunks/node_modules_next_dist_1e8vcs8._.js:776
[ 1108719ms] [LOG] [Fast Refresh] done in 138ms @ http://localhost:3000/_next/static/chunks/node_modules_next_dist_1e8vcs8._.js:776
[ 1108796ms] [LOG] [Fast Refresh] done in 138ms @ http://localhost:3000/_next/static/chunks/node_modules_next_dist_1e8vcs8._.js:776
[ 1108858ms] [LOG] [Fast Refresh] done in 138ms @ http://localhost:3000/_next/static/chunks/node_modules_next_dist_1e8vcs8._.js:776
[ 1108919ms] [LOG] [Fast Refresh] done in 138ms @ http://localhost:3000/_next/static/chunks/node_modules_next_dist_1e8vcs8._.js:776
[ 1108980ms] [LOG] [Fast Refresh] done in 138ms @ http://localhost:3000/_next/static/chunks/node_modules_next_dist_1e8vcs8._.js:776
[ 1109042ms] [LOG] [Fast Refresh] done in 138ms @ http://localhost:3000/_next/static/chunks/node_modules_next_dist_1e8vcs8._.js:776
[ 1109106ms] [LOG] [Fast Refresh] done in 138ms @ http://localhost:3000/_next/static/chunks/node_modules_next_dist_1e8vcs8._.js:776
[ 1109168ms] [LOG] [Fast Refresh] done in 138ms @ http://localhost:3000/_next/static/chunks/node_modules_next_dist_1e8vcs8._.js:776
[ 1109230ms] [LOG] [Fast Refresh] done in 138ms @ http://localhost:3000/_next/static/chunks/node_modules_next_dist_1e8vcs8._.js:776
[ 1109292ms] [LOG] [Fast Refresh] done in 138ms @ http://localhost:3000/_next/static/chunks/node_modules_next_dist_1e8vcs8._.js:776
[ 1109354ms] [LOG] [Fast Refresh] done in 138ms @ http://localhost:3000/_next/static/chunks/node_modules_next_dist_1e8vcs8._.js:776
[ 1109416ms] [LOG] [Fast Refresh] done in 138ms @ http://localhost:3000/_next/static/chunks/node_modules_next_dist_1e8vcs8._.js:776
[ 1109479ms] [LOG] [Fast Refresh] done in 138ms @ http://localhost:3000/_next/static/chunks/node_modules_next_dist_1e8vcs8._.js:776
[ 1109541ms] [LOG] [Fast Refresh] done in 138ms @ http://localhost:3000/_next/static/chunks/node_modules_next_dist_1e8vcs8._.js:776
[ 1109603ms] [LOG] [Fast Refresh] done in 138ms @ http://localhost:3000/_next/static/chunks/node_modules_next_dist_1e8vcs8._.js:776
[ 1109666ms] [LOG] [Fast Refresh] done in 138ms @ http://localhost:3000/_next/static/chunks/node_modules_next_dist_1e8vcs8._.js:776
[ 1109727ms] [LOG] [Fast Refresh] done in 138ms @ http://localhost:3000/_next/static/chunks/node_modules_next_dist_1e8vcs8._.js:776
[ 1109791ms] [LOG] [Fast Refresh] done in 138ms @ http://localhost:3000/_next/static/chunks/node_modules_next_dist_1e8vcs8._.js:776
[ 1109852ms] [LOG] [Fast Refresh] done in 138ms @ http://localhost:3000/_next/static/chunks/node_modules_next_dist_1e8vcs8._.js:776
[ 1109916ms] [LOG] [Fast Refresh] done in 138ms @ http://localhost:3000/_next/static/chunks/node_modules_next_dist_1e8vcs8._.js:776
[ 1109978ms] [LOG] [Fast Refresh] done in 138ms @ http://localhost:3000/_next/static/chunks/node_modules_next_dist_1e8vcs8._.js:776
[ 1110041ms] [LOG] [Fast Refresh] done in 138ms @ http://localhost:3000/_next/static/chunks/node_modules_next_dist_1e8vcs8._.js:776
[ 1110103ms] [LOG] [Fast Refresh] done in 138ms @ http://localhost:3000/_next/static/chunks/node_modules_next_dist_1e8vcs8._.js:776
[ 1110166ms] [LOG] [Fast Refresh] done in 138ms @ http://localhost:3000/_next/static/chunks/node_modules_next_dist_1e8vcs8._.js:776
[ 1110228ms] [LOG] [Fast Refresh] done in 138ms @ http://localhost:3000/_next/static/chunks/node_modules_next_dist_1e8vcs8._.js:776
[ 1110292ms] [LOG] [Fast Refresh] done in 138ms @ http://localhost:3000/_next/static/chunks/node_modules_next_dist_1e8vcs8._.js:776
[ 1110354ms] [LOG] [Fast Refresh] done in 138ms @ http://localhost:3000/_next/static/chunks/node_modules_next_dist_1e8vcs8._.js:776
[ 1110416ms] [LOG] [Fast Refresh] done in 138ms @ http://localhost:3000/_next/static/chunks/node_modules_next_dist_1e8vcs8._.js:776
[ 1110479ms] [LOG] [Fast Refresh] done in 138ms @ http://localhost:3000/_next/static/chunks/node_modules_next_dist_1e8vcs8._.js:776
[ 1110542ms] [LOG] [Fast Refresh] done in 138ms @ http://localhost:3000/_next/static/chunks/node_modules_next_dist_1e8vcs8._.js:776
[ 1110603ms] [LOG] [Fast Refresh] done in 138ms @ http://localhost:3000/_next/static/chunks/node_modules_next_dist_1e8vcs8._.js:776
[ 1110666ms] [LOG] [Fast Refresh] done in 138ms @ http://localhost:3000/_next/static/chunks/node_modules_next_dist_1e8vcs8._.js:776
[ 1110727ms] [LOG] [Fast Refresh] done in 138ms @ http://localhost:3000/_next/static/chunks/node_modules_next_dist_1e8vcs8._.js:776
[ 1110787ms] [LOG] [Fast Refresh] done in 138ms @ http://localhost:3000/_next/static/chunks/node_modules_next_dist_1e8vcs8._.js:776
[ 1110850ms] [LOG] [Fast Refresh] done in 138ms @ http://localhost:3000/_next/static/chunks/node_modules_next_dist_1e8vcs8._.js:776
[ 1110912ms] [LOG] [Fast Refresh] done in 138ms @ http://localhost:3000/_next/static/chunks/node_modules_next_dist_1e8vcs8._.js:776
[ 1110976ms] [LOG] [Fast Refresh] done in 138ms @ http://localhost:3000/_next/static/chunks/node_modules_next_dist_1e8vcs8._.js:776
[ 1111036ms] [LOG] [Fast Refresh] done in 138ms @ http://localhost:3000/_next/static/chunks/node_modules_next_dist_1e8vcs8._.js:776
[ 1111118ms] [LOG] [Fast Refresh] done in 138ms @ http://localhost:3000/_next/static/chunks/node_modules_next_dist_1e8vcs8._.js:776
[ 1111177ms] [LOG] [Fast Refresh] done in 138ms @ http://localhost:3000/_next/static/chunks/node_modules_next_dist_1e8vcs8._.js:776
[ 1111241ms] [LOG] [Fast Refresh] done in 138ms @ http://localhost:3000/_next/static/chunks/node_modules_next_dist_1e8vcs8._.js:776
[ 1111300ms] [LOG] [Fast Refresh] done in 138ms @ http://localhost:3000/_next/static/chunks/node_modules_next_dist_1e8vcs8._.js:776
[ 1111362ms] [LOG] [Fast Refresh] done in 138ms @ http://localhost:3000/_next/static/chunks/node_modules_next_dist_1e8vcs8._.js:776
[ 1111410ms] [LOG] [Fast Refresh] done in 138ms @ http://localhost:3000/_next/static/chunks/node_modules_next_dist_1e8vcs8._.js:776
[ 1111470ms] [LOG] [Fast Refresh] done in 138ms @ http://localhost:3000/_next/static/chunks/node_modules_next_dist_1e8vcs8._.js:776
[ 1111519ms] [LOG] [Fast Refresh] done in 138ms @ http://localhost:3000/_next/static/chunks/node_modules_next_dist_1e8vcs8._.js:776
[ 1111580ms] [LOG] [Fast Refresh] done in 138ms @ http://localhost:3000/_next/static/chunks/node_modules_next_dist_1e8vcs8._.js:776
[ 1111643ms] [LOG] [Fast Refresh] done in 138ms @ http://localhost:3000/_next/static/chunks/node_modules_next_dist_1e8vcs8._.js:776
[ 1111705ms] [LOG] [Fast Refresh] done in 138ms @ http://localhost:3000/_next/static/chunks/node_modules_next_dist_1e8vcs8._.js:776
[ 1111768ms] [LOG] [Fast Refresh] done in 138ms @ http://localhost:3000/_next/static/chunks/node_modules_next_dist_1e8vcs8._.js:776
[ 1111816ms] [LOG] [Fast Refresh] done in 138ms @ http://localhost:3000/_next/static/chunks/node_modules_next_dist_1e8vcs8._.js:776
[ 1111878ms] [LOG] [Fast Refresh] done in 138ms @ http://localhost:3000/_next/static/chunks/node_modules_next_dist_1e8vcs8._.js:776
[ 1111926ms] [LOG] [Fast Refresh] done in 138ms @ http://localhost:3000/_next/static/chunks/node_modules_next_dist_1e8vcs8._.js:776
[ 1111988ms] [LOG] [Fast Refresh] done in 138ms @ http://localhost:3000/_next/static/chunks/node_modules_next_dist_1e8vcs8._.js:776
[ 1112050ms] [LOG] [Fast Refresh] done in 138ms @ http://localhost:3000/_next/static/chunks/node_modules_next_dist_1e8vcs8._.js:776
[ 1112113ms] [LOG] [Fast Refresh] done in 138ms @ http://localhost:3000/_next/static/chunks/node_modules_next_dist_1e8vcs8._.js:776
[ 1112178ms] [LOG] [Fast Refresh] done in 138ms @ http://localhost:3000/_next/static/chunks/node_modules_next_dist_1e8vcs8._.js:776
[ 1112241ms] [LOG] [Fast Refresh] done in 138ms @ http://localhost:3000/_next/static/chunks/node_modules_next_dist_1e8vcs8._.js:776
[ 1112302ms] [LOG] [Fast Refresh] done in 138ms @ http://localhost:3000/_next/static/chunks/node_modules_next_dist_1e8vcs8._.js:776
[ 1112365ms] [LOG] [Fast Refresh] done in 138ms @ http://localhost:3000/_next/static/chunks/node_modules_next_dist_1e8vcs8._.js:776
[ 1112427ms] [LOG] [Fast Refresh] done in 138ms @ http://localhost:3000/_next/static/chunks/node_modules_next_dist_1e8vcs8._.js:776
[ 1112492ms] [LOG] [Fast Refresh] done in 138ms @ http://localhost:3000/_next/static/chunks/node_modules_next_dist_1e8vcs8._.js:776
[ 1112553ms] [LOG] [Fast Refresh] done in 138ms @ http://localhost:3000/_next/static/chunks/node_modules_next_dist_1e8vcs8._.js:776
[ 1112617ms] [LOG] [Fast Refresh] done in 138ms @ http://localhost:3000/_next/static/chunks/node_modules_next_dist_1e8vcs8._.js:776
[ 1112674ms] [LOG] [Fast Refresh] done in 138ms @ http://localhost:3000/_next/static/chunks/node_modules_next_dist_1e8vcs8._.js:776
[ 1112769ms] [LOG] [Fast Refresh] done in 138ms @ http://localhost:3000/_next/static/chunks/node_modules_next_dist_1e8vcs8._.js:776
[ 1112821ms] [LOG] [Fast Refresh] done in 138ms @ http://localhost:3000/_next/static/chunks/node_modules_next_dist_1e8vcs8._.js:776
[ 1112884ms] [LOG] [Fast Refresh] done in 138ms @ http://localhost:3000/_next/static/chunks/node_modules_next_dist_1e8vcs8._.js:776
[ 1112947ms] [LOG] [Fast Refresh] done in 138ms @ http://localhost:3000/_next/static/chunks/node_modules_next_dist_1e8vcs8._.js:776
[ 1113010ms] [LOG] [Fast Refresh] done in 138ms @ http://localhost:3000/_next/static/chunks/node_modules_next_dist_1e8vcs8._.js:776
[ 1113073ms] [LOG] [Fast Refresh] done in 138ms @ http://localhost:3000/_next/static/chunks/node_modules_next_dist_1e8vcs8._.js:776
[ 1113134ms] [LOG] [Fast Refresh] done in 138ms @ http://localhost:3000/_next/static/chunks/node_modules_next_dist_1e8vcs8._.js:776
[ 1113197ms] [LOG] [Fast Refresh] done in 138ms @ http://localhost:3000/_next/static/chunks/node_modules_next_dist_1e8vcs8._.js:776
[ 1113260ms] [LOG] [Fast Refresh] done in 138ms @ http://localhost:3000/_next/static/chunks/node_modules_next_dist_1e8vcs8._.js:776
[ 1113328ms] [LOG] [Fast Refresh] done in 138ms @ http://localhost:3000/_next/static/chunks/node_modules_next_dist_1e8vcs8._.js:776
[ 1113386ms] [LOG] [Fast Refresh] done in 138ms @ http://localhost:3000/_next/static/chunks/node_modules_next_dist_1e8vcs8._.js:776
[ 1113450ms] [LOG] [Fast Refresh] done in 138ms @ http://localhost:3000/_next/static/chunks/node_modules_next_dist_1e8vcs8._.js:776
[ 1113513ms] [LOG] [Fast Refresh] done in 138ms @ http://localhost:3000/_next/static/chunks/node_modules_next_dist_1e8vcs8._.js:776
[ 1113576ms] [LOG] [Fast Refresh] done in 138ms @ http://localhost:3000/_next/static/chunks/node_modules_next_dist_1e8vcs8._.js:776
[ 1113639ms] [LOG] [Fast Refresh] done in 138ms @ http://localhost:3000/_next/static/chunks/node_modules_next_dist_1e8vcs8._.js:776
[ 1113700ms] [LOG] [Fast Refresh] done in 138ms @ http://localhost:3000/_next/static/chunks/node_modules_next_dist_1e8vcs8._.js:776
[ 1113762ms] [LOG] [Fast Refresh] done in 138ms @ http://localhost:3000/_next/static/chunks/node_modules_next_dist_1e8vcs8._.js:776
[ 1113824ms] [LOG] [Fast Refresh] done in 138ms @ http://localhost:3000/_next/static/chunks/node_modules_next_dist_1e8vcs8._.js:776
[ 1113884ms] [LOG] [Fast Refresh] done in 138ms @ http://localhost:3000/_next/static/chunks/node_modules_next_dist_1e8vcs8._.js:776
[ 1113946ms] [LOG] [Fast Refresh] done in 138ms @ http://localhost:3000/_next/static/chunks/node_modules_next_dist_1e8vcs8._.js:776
[ 1114010ms] [LOG] [Fast Refresh] done in 138ms @ http://localhost:3000/_next/static/chunks/node_modules_next_dist_1e8vcs8._.js:776
[ 1114242ms] [LOG] [Fast Refresh] done in 138ms @ http://localhost:3000/_next/static/chunks/node_modules_next_dist_1e8vcs8._.js:776
[ 1114303ms] [LOG] [Fast Refresh] done in 138ms @ http://localhost:3000/_next/static/chunks/node_modules_next_dist_1e8vcs8._.js:776
[ 1114366ms] [LOG] [Fast Refresh] done in 138ms @ http://localhost:3000/_next/static/chunks/node_modules_next_dist_1e8vcs8._.js:776
[ 1114428ms] [LOG] [Fast Refresh] done in 138ms @ http://localhost:3000/_next/static/chunks/node_modules_next_dist_1e8vcs8._.js:776
[ 1114491ms] [LOG] [Fast Refresh] done in 138ms @ http://localhost:3000/_next/static/chunks/node_modules_next_dist_1e8vcs8._.js:776
[ 1114554ms] [LOG] [Fast Refresh] done in 138ms @ http://localhost:3000/_next/static/chunks/node_modules_next_dist_1e8vcs8._.js:776
[ 1114616ms] [LOG] [Fast Refresh] done in 138ms @ http://localhost:3000/_next/static/chunks/node_modules_next_dist_1e8vcs8._.js:776
[ 1114678ms] [LOG] [Fast Refresh] done in 138ms @ http://localhost:3000/_next/static/chunks/node_modules_next_dist_1e8vcs8._.js:776
[ 1114741ms] [LOG] [Fast Refresh] done in 138ms @ http://localhost:3000/_next/static/chunks/node_modules_next_dist_1e8vcs8._.js:776
[ 1114802ms] [LOG] [Fast Refresh] done in 138ms @ http://localhost:3000/_next/static/chunks/node_modules_next_dist_1e8vcs8._.js:776
[ 1114866ms] [LOG] [Fast Refresh] done in 138ms @ http://localhost:3000/_next/static/chunks/node_modules_next_dist_1e8vcs8._.js:776
[ 1114927ms] [LOG] [Fast Refresh] done in 138ms @ http://localhost:3000/_next/static/chunks/node_modules_next_dist_1e8vcs8._.js:776
[ 1114989ms] [LOG] [Fast Refresh] done in 138ms @ http://localhost:3000/_next/static/chunks/node_modules_next_dist_1e8vcs8._.js:776
[ 1115051ms] [LOG] [Fast Refresh] done in 138ms @ http://localhost:3000/_next/static/chunks/node_modules_next_dist_1e8vcs8._.js:776
[ 1115113ms] [LOG] [Fast Refresh] done in 138ms @ http://localhost:3000/_next/static/chunks/node_modules_next_dist_1e8vcs8._.js:776
[ 1115177ms] [LOG] [Fast Refresh] done in 138ms @ http://localhost:3000/_next/static/chunks/node_modules_next_dist_1e8vcs8._.js:776
[ 1115240ms] [LOG] [Fast Refresh] done in 138ms @ http://localhost:3000/_next/static/chunks/node_modules_next_dist_1e8vcs8._.js:776
[ 1115300ms] [LOG] [Fast Refresh] done in 138ms @ http://localhost:3000/_next/static/chunks/node_modules_next_dist_1e8vcs8._.js:776
[ 1115362ms] [LOG] [Fast Refresh] done in 138ms @ http://localhost:3000/_next/static/chunks/node_modules_next_dist_1e8vcs8._.js:776
[ 1115424ms] [LOG] [Fast Refresh] done in 138ms @ http://localhost:3000/_next/static/chunks/node_modules_next_dist_1e8vcs8._.js:776
[ 1115485ms] [LOG] [Fast Refresh] done in 138ms @ http://localhost:3000/_next/static/chunks/node_modules_next_dist_1e8vcs8._.js:776
[ 1115549ms] [LOG] [Fast Refresh] done in 138ms @ http://localhost:3000/_next/static/chunks/node_modules_next_dist_1e8vcs8._.js:776
[ 1115608ms] [LOG] [Fast Refresh] done in 138ms @ http://localhost:3000/_next/static/chunks/node_modules_next_dist_1e8vcs8._.js:776
[ 1115672ms] [LOG] [Fast Refresh] done in 138ms @ http://localhost:3000/_next/static/chunks/node_modules_next_dist_1e8vcs8._.js:776
[ 1115734ms] [LOG] [Fast Refresh] done in 138ms @ http://localhost:3000/_next/static/chunks/node_modules_next_dist_1e8vcs8._.js:776
[ 1115802ms] [LOG] [Fast Refresh] done in 138ms @ http://localhost:3000/_next/static/chunks/node_modules_next_dist_1e8vcs8._.js:776
[ 1115865ms] [LOG] [Fast Refresh] done in 138ms @ http://localhost:3000/_next/static/chunks/node_modules_next_dist_1e8vcs8._.js:776
[ 1115924ms] [LOG] [Fast Refresh] done in 138ms @ http://localhost:3000/_next/static/chunks/node_modules_next_dist_1e8vcs8._.js:776
[ 1115984ms] [LOG] [Fast Refresh] done in 138ms @ http://localhost:3000/_next/static/chunks/node_modules_next_dist_1e8vcs8._.js:776
[ 1116046ms] [LOG] [Fast Refresh] done in 138ms @ http://localhost:3000/_next/static/chunks/node_modules_next_dist_1e8vcs8._.js:776
[ 1116109ms] [LOG] [Fast Refresh] done in 138ms @ http://localhost:3000/_next/static/chunks/node_modules_next_dist_1e8vcs8._.js:776
[ 1116171ms] [LOG] [Fast Refresh] done in 138ms @ http://localhost:3000/_next/static/chunks/node_modules_next_dist_1e8vcs8._.js:776
[ 1116233ms] [LOG] [Fast Refresh] done in 138ms @ http://localhost:3000/_next/static/chunks/node_modules_next_dist_1e8vcs8._.js:776
[ 1116296ms] [LOG] [Fast Refresh] done in 138ms @ http://localhost:3000/_next/static/chunks/node_modules_next_dist_1e8vcs8._.js:776
[ 1116359ms] [LOG] [Fast Refresh] done in 138ms @ http://localhost:3000/_next/static/chunks/node_modules_next_dist_1e8vcs8._.js:776
[ 1116420ms] [LOG] [Fast Refresh] done in 138ms @ http://localhost:3000/_next/static/chunks/node_modules_next_dist_1e8vcs8._.js:776
[ 1116483ms] [LOG] [Fast Refresh] done in 138ms @ http://localhost:3000/_next/static/chunks/node_modules_next_dist_1e8vcs8._.js:776
[ 1116545ms] [LOG] [Fast Refresh] done in 138ms @ http://localhost:3000/_next/static/chunks/node_modules_next_dist_1e8vcs8._.js:776
[ 1116609ms] [LOG] [Fast Refresh] done in 138ms @ http://localhost:3000/_next/static/chunks/node_modules_next_dist_1e8vcs8._.js:776
[ 1116671ms] [LOG] [Fast Refresh] done in 138ms @ http://localhost:3000/_next/static/chunks/node_modules_next_dist_1e8vcs8._.js:776
[ 1116732ms] [LOG] [Fast Refresh] done in 138ms @ http://localhost:3000/_next/static/chunks/node_modules_next_dist_1e8vcs8._.js:776
[ 1116796ms] [LOG] [Fast Refresh] done in 138ms @ http://localhost:3000/_next/static/chunks/node_modules_next_dist_1e8vcs8._.js:776
[ 1116857ms] [LOG] [Fast Refresh] done in 138ms @ http://localhost:3000/_next/static/chunks/node_modules_next_dist_1e8vcs8._.js:776
[ 1116918ms] [LOG] [Fast Refresh] done in 138ms @ http://localhost:3000/_next/static/chunks/node_modules_next_dist_1e8vcs8._.js:776
[ 1116980ms] [LOG] [Fast Refresh] done in 138ms @ http://localhost:3000/_next/static/chunks/node_modules_next_dist_1e8vcs8._.js:776
[ 1117042ms] [LOG] [Fast Refresh] done in 138ms @ http://localhost:3000/_next/static/chunks/node_modules_next_dist_1e8vcs8._.js:776
[ 1117105ms] [LOG] [Fast Refresh] done in 138ms @ http://localhost:3000/_next/static/chunks/node_modules_next_dist_1e8vcs8._.js:776
[ 1117166ms] [LOG] [Fast Refresh] done in 138ms @ http://localhost:3000/_next/static/chunks/node_modules_next_dist_1e8vcs8._.js:776
[ 1117230ms] [LOG] [Fast Refresh] done in 138ms @ http://localhost:3000/_next/static/chunks/node_modules_next_dist_1e8vcs8._.js:776
[ 1117293ms] [LOG] [Fast Refresh] done in 138ms @ http://localhost:3000/_next/static/chunks/node_modules_next_dist_1e8vcs8._.js:776
[ 1117355ms] [LOG] [Fast Refresh] done in 138ms @ http://localhost:3000/_next/static/chunks/node_modules_next_dist_1e8vcs8._.js:776
[ 1117417ms] [LOG] [Fast Refresh] done in 138ms @ http://localhost:3000/_next/static/chunks/node_modules_next_dist_1e8vcs8._.js:776
[ 1117480ms] [LOG] [Fast Refresh] done in 138ms @ http://localhost:3000/_next/static/chunks/node_modules_next_dist_1e8vcs8._.js:776
[ 1117542ms] [LOG] [Fast Refresh] done in 138ms @ http://localhost:3000/_next/static/chunks/node_modules_next_dist_1e8vcs8._.js:776
[ 1117605ms] [LOG] [Fast Refresh] done in 138ms @ http://localhost:3000/_next/static/chunks/node_modules_next_dist_1e8vcs8._.js:776
[ 1117668ms] [LOG] [Fast Refresh] done in 138ms @ http://localhost:3000/_next/static/chunks/node_modules_next_dist_1e8vcs8._.js:776
[ 1117731ms] [LOG] [Fast Refresh] done in 138ms @ http://localhost:3000/_next/static/chunks/node_modules_next_dist_1e8vcs8._.js:776
[ 1117793ms] [LOG] [Fast Refresh] done in 138ms @ http://localhost:3000/_next/static/chunks/node_modules_next_dist_1e8vcs8._.js:776
[ 1117892ms] [LOG] [Fast Refresh] done in 138ms @ http://localhost:3000/_next/static/chunks/node_modules_next_dist_1e8vcs8._.js:776
[ 1117951ms] [LOG] [Fast Refresh] done in 138ms @ http://localhost:3000/_next/static/chunks/node_modules_next_dist_1e8vcs8._.js:776
[ 1118011ms] [LOG] [Fast Refresh] done in 138ms @ http://localhost:3000/_next/static/chunks/node_modules_next_dist_1e8vcs8._.js:776
[ 1118073ms] [LOG] [Fast Refresh] done in 138ms @ http://localhost:3000/_next/static/chunks/node_modules_next_dist_1e8vcs8._.js:776
[ 1118134ms] [LOG] [Fast Refresh] done in 138ms @ http://localhost:3000/_next/static/chunks/node_modules_next_dist_1e8vcs8._.js:776
[ 1118197ms] [LOG] [Fast Refresh] done in 138ms @ http://localhost:3000/_next/static/chunks/node_modules_next_dist_1e8vcs8._.js:776
[ 1118260ms] [LOG] [Fast Refresh] done in 138ms @ http://localhost:3000/_next/static/chunks/node_modules_next_dist_1e8vcs8._.js:776
[ 1118322ms] [LOG] [Fast Refresh] done in 138ms @ http://localhost:3000/_next/static/chunks/node_modules_next_dist_1e8vcs8._.js:776
[ 1118384ms] [LOG] [Fast Refresh] done in 138ms @ http://localhost:3000/_next/static/chunks/node_modules_next_dist_1e8vcs8._.js:776
[ 1118449ms] [LOG] [Fast Refresh] done in 138ms @ http://localhost:3000/_next/static/chunks/node_modules_next_dist_1e8vcs8._.js:776
[ 1118510ms] [LOG] [Fast Refresh] done in 138ms @ http://localhost:3000/_next/static/chunks/node_modules_next_dist_1e8vcs8._.js:776
[ 1118572ms] [LOG] [Fast Refresh] done in 138ms @ http://localhost:3000/_next/static/chunks/node_modules_next_dist_1e8vcs8._.js:776
[ 1118635ms] [LOG] [Fast Refresh] done in 138ms @ http://localhost:3000/_next/static/chunks/node_modules_next_dist_1e8vcs8._.js:776
[ 1118698ms] [LOG] [Fast Refresh] done in 138ms @ http://localhost:3000/_next/static/chunks/node_modules_next_dist_1e8vcs8._.js:776
[ 1118759ms] [LOG] [Fast Refresh] done in 138ms @ http://localhost:3000/_next/static/chunks/node_modules_next_dist_1e8vcs8._.js:776
[ 1118821ms] [LOG] [Fast Refresh] done in 138ms @ http://localhost:3000/_next/static/chunks/node_modules_next_dist_1e8vcs8._.js:776
[ 1118884ms] [LOG] [Fast Refresh] done in 138ms @ http://localhost:3000/_next/static/chunks/node_modules_next_dist_1e8vcs8._.js:776
[ 1118951ms] [LOG] [Fast Refresh] done in 138ms @ http://localhost:3000/_next/static/chunks/node_modules_next_dist_1e8vcs8._.js:776
[ 1119009ms] [LOG] [Fast Refresh] done in 138ms @ http://localhost:3000/_next/static/chunks/node_modules_next_dist_1e8vcs8._.js:776
[ 1119071ms] [LOG] [Fast Refresh] done in 138ms @ http://localhost:3000/_next/static/chunks/node_modules_next_dist_1e8vcs8._.js:776
[ 1119134ms] [LOG] [Fast Refresh] done in 138ms @ http://localhost:3000/_next/static/chunks/node_modules_next_dist_1e8vcs8._.js:776
[ 1119201ms] [LOG] [Fast Refresh] done in 138ms @ http://localhost:3000/_next/static/chunks/node_modules_next_dist_1e8vcs8._.js:776
[ 1119275ms] [LOG] [Fast Refresh] done in 138ms @ http://localhost:3000/_next/static/chunks/node_modules_next_dist_1e8vcs8._.js:776
[ 1119339ms] [LOG] [Fast Refresh] done in 138ms @ http://localhost:3000/_next/static/chunks/node_modules_next_dist_1e8vcs8._.js:776
[ 1119401ms] [LOG] [Fast Refresh] done in 138ms @ http://localhost:3000/_next/static/chunks/node_modules_next_dist_1e8vcs8._.js:776
[ 1119466ms] [LOG] [Fast Refresh] done in 138ms @ http://localhost:3000/_next/static/chunks/node_modules_next_dist_1e8vcs8._.js:776
[ 1119527ms] [LOG] [Fast Refresh] done in 138ms @ http://localhost:3000/_next/static/chunks/node_modules_next_dist_1e8vcs8._.js:776
[ 1119590ms] [LOG] [Fast Refresh] done in 138ms @ http://localhost:3000/_next/static/chunks/node_modules_next_dist_1e8vcs8._.js:776
[ 1119653ms] [LOG] [Fast Refresh] done in 138ms @ http://localhost:3000/_next/static/chunks/node_modules_next_dist_1e8vcs8._.js:776
[ 1119717ms] [LOG] [Fast Refresh] done in 138ms @ http://localhost:3000/_next/static/chunks/node_modules_next_dist_1e8vcs8._.js:776
[ 1119778ms] [LOG] [Fast Refresh] done in 138ms @ http://localhost:3000/_next/static/chunks/node_modules_next_dist_1e8vcs8._.js:776
[ 1119840ms] [LOG] [Fast Refresh] done in 138ms @ http://localhost:3000/_next/static/chunks/node_modules_next_dist_1e8vcs8._.js:776
[ 1119902ms] [LOG] [Fast Refresh] done in 138ms @ http://localhost:3000/_next/static/chunks/node_modules_next_dist_1e8vcs8._.js:776
[ 1120041ms] [LOG] [Fast Refresh] done in 138ms @ http://localhost:3000/_next/static/chunks/node_modules_next_dist_1e8vcs8._.js:776
[ 1120103ms] [LOG] [Fast Refresh] done in 138ms @ http://localhost:3000/_next/static/chunks/node_modules_next_dist_1e8vcs8._.js:776
[ 1120173ms] [LOG] [Fast Refresh] done in 138ms @ http://localhost:3000/_next/static/chunks/node_modules_next_dist_1e8vcs8._.js:776
[ 1120228ms] [LOG] [Fast Refresh] done in 138ms @ http://localhost:3000/_next/static/chunks/node_modules_next_dist_1e8vcs8._.js:776
[ 1120290ms] [LOG] [Fast Refresh] done in 138ms @ http://localhost:3000/_next/static/chunks/node_modules_next_dist_1e8vcs8._.js:776
[ 1120351ms] [LOG] [Fast Refresh] done in 138ms @ http://localhost:3000/_next/static/chunks/node_modules_next_dist_1e8vcs8._.js:776
[ 1120417ms] [LOG] [Fast Refresh] done in 138ms @ http://localhost:3000/_next/static/chunks/node_modules_next_dist_1e8vcs8._.js:776
[ 1120478ms] [LOG] [Fast Refresh] done in 138ms @ http://localhost:3000/_next/static/chunks/node_modules_next_dist_1e8vcs8._.js:776
[ 1120541ms] [LOG] [Fast Refresh] done in 138ms @ http://localhost:3000/_next/static/chunks/node_modules_next_dist_1e8vcs8._.js:776
[ 1120602ms] [LOG] [Fast Refresh] done in 138ms @ http://localhost:3000/_next/static/chunks/node_modules_next_dist_1e8vcs8._.js:776
[ 1120666ms] [LOG] [Fast Refresh] done in 138ms @ http://localhost:3000/_next/static/chunks/node_modules_next_dist_1e8vcs8._.js:776
[ 1120728ms] [LOG] [Fast Refresh] done in 138ms @ http://localhost:3000/_next/static/chunks/node_modules_next_dist_1e8vcs8._.js:776
[ 1120792ms] [LOG] [Fast Refresh] done in 138ms @ http://localhost:3000/_next/static/chunks/node_modules_next_dist_1e8vcs8._.js:776
[ 1120854ms] [LOG] [Fast Refresh] done in 138ms @ http://localhost:3000/_next/static/chunks/node_modules_next_dist_1e8vcs8._.js:776
[ 1120919ms] [LOG] [Fast Refresh] done in 138ms @ http://localhost:3000/_next/static/chunks/node_modules_next_dist_1e8vcs8._.js:776
[ 1120982ms] [LOG] [Fast Refresh] done in 138ms @ http://localhost:3000/_next/static/chunks/node_modules_next_dist_1e8vcs8._.js:776
[ 1121042ms] [LOG] [Fast Refresh] done in 138ms @ http://localhost:3000/_next/static/chunks/node_modules_next_dist_1e8vcs8._.js:776
[ 1121104ms] [LOG] [Fast Refresh] done in 138ms @ http://localhost:3000/_next/static/chunks/node_modules_next_dist_1e8vcs8._.js:776
[ 1121167ms] [LOG] [Fast Refresh] done in 138ms @ http://localhost:3000/_next/static/chunks/node_modules_next_dist_1e8vcs8._.js:776
[ 1121229ms] [LOG] [Fast Refresh] done in 138ms @ http://localhost:3000/_next/static/chunks/node_modules_next_dist_1e8vcs8._.js:776
[ 1121292ms] [LOG] [Fast Refresh] done in 138ms @ http://localhost:3000/_next/static/chunks/node_modules_next_dist_1e8vcs8._.js:776
[ 1121356ms] [LOG] [Fast Refresh] done in 138ms @ http://localhost:3000/_next/static/chunks/node_modules_next_dist_1e8vcs8._.js:776
[ 1121417ms] [LOG] [Fast Refresh] done in 138ms @ http://localhost:3000/_next/static/chunks/node_modules_next_dist_1e8vcs8._.js:776
[ 1121482ms] [LOG] [Fast Refresh] done in 138ms @ http://localhost:3000/_next/static/chunks/node_modules_next_dist_1e8vcs8._.js:776
[ 1121543ms] [LOG] [Fast Refresh] done in 138ms @ http://localhost:3000/_next/static/chunks/node_modules_next_dist_1e8vcs8._.js:776
[ 1121604ms] [LOG] [Fast Refresh] done in 138ms @ http://localhost:3000/_next/static/chunks/node_modules_next_dist_1e8vcs8._.js:776
[ 1121667ms] [LOG] [Fast Refresh] done in 138ms @ http://localhost:3000/_next/static/chunks/node_modules_next_dist_1e8vcs8._.js:776
[ 1121774ms] [LOG] [Fast Refresh] done in 138ms @ http://localhost:3000/_next/static/chunks/node_modules_next_dist_1e8vcs8._.js:776
[ 1121842ms] [LOG] [Fast Refresh] done in 138ms @ http://localhost:3000/_next/static/chunks/node_modules_next_dist_1e8vcs8._.js:776
[ 1121903ms] [LOG] [Fast Refresh] done in 138ms @ http://localhost:3000/_next/static/chunks/node_modules_next_dist_1e8vcs8._.js:776
[ 1122115ms] [LOG] [Fast Refresh] rebuilding @ http://localhost:3000/_next/static/chunks/node_modules_next_dist_1e8vcs8._.js:776
[ 1122183ms] [LOG] [Fast Refresh] done in 172ms @ http://localhost:3000/_next/static/chunks/node_modules_next_dist_1e8vcs8._.js:776
[ 1123920ms] [LOG] [Fast Refresh] rebuilding @ http://localhost:3000/_next/static/chunks/node_modules_next_dist_1e8vcs8._.js:776
[ 1123951ms] [LOG] [Fast Refresh] done in 14ms @ http://localhost:3000/_next/static/chunks/node_modules_next_dist_1e8vcs8._.js:776
[ 1124005ms] [LOG] [Fast Refresh] done in 14ms @ http://localhost:3000/_next/static/chunks/node_modules_next_dist_1e8vcs8._.js:776
[ 1129954ms] [LOG] [Fast Refresh] rebuilding @ http://localhost:3000/_next/static/chunks/node_modules_next_dist_1e8vcs8._.js:776
[ 1130113ms] [LOG] [Fast Refresh] done in 95ms @ http://localhost:3000/_next/static/chunks/node_modules_next_dist_1e8vcs8._.js:776
[ 1135884ms] [LOG] [Fast Refresh] rebuilding @ http://localhost:3000/_next/static/chunks/node_modules_next_dist_1e8vcs8._.js:776
[ 1135947ms] [LOG] [Fast Refresh] done in 29ms @ http://localhost:3000/_next/static/chunks/node_modules_next_dist_1e8vcs8._.js:776
[ 1136011ms] [LOG] [Fast Refresh] done in 29ms @ http://localhost:3000/_next/static/chunks/node_modules_next_dist_1e8vcs8._.js:776
[ 1136073ms] [LOG] [Fast Refresh] done in 29ms @ http://localhost:3000/_next/static/chunks/node_modules_next_dist_1e8vcs8._.js:776
[ 1136136ms] [LOG] [Fast Refresh] done in 29ms @ http://localhost:3000/_next/static/chunks/node_modules_next_dist_1e8vcs8._.js:776
[ 1136200ms] [LOG] [Fast Refresh] done in 29ms @ http://localhost:3000/_next/static/chunks/node_modules_next_dist_1e8vcs8._.js:776
[ 1136260ms] [LOG] [Fast Refresh] done in 29ms @ http://localhost:3000/_next/static/chunks/node_modules_next_dist_1e8vcs8._.js:776
[ 1136321ms] [LOG] [Fast Refresh] done in 29ms @ http://localhost:3000/_next/static/chunks/node_modules_next_dist_1e8vcs8._.js:776
[ 1136383ms] [LOG] [Fast Refresh] done in 29ms @ http://localhost:3000/_next/static/chunks/node_modules_next_dist_1e8vcs8._.js:776
[ 1136446ms] [LOG] [Fast Refresh] done in 29ms @ http://localhost:3000/_next/static/chunks/node_modules_next_dist_1e8vcs8._.js:776
[ 1136508ms] [LOG] [Fast Refresh] done in 29ms @ http://localhost:3000/_next/static/chunks/node_modules_next_dist_1e8vcs8._.js:776
[ 1136571ms] [LOG] [Fast Refresh] done in 29ms @ http://localhost:3000/_next/static/chunks/node_modules_next_dist_1e8vcs8._.js:776
[ 1136634ms] [LOG] [Fast Refresh] done in 29ms @ http://localhost:3000/_next/static/chunks/node_modules_next_dist_1e8vcs8._.js:776
[ 1136699ms] [LOG] [Fast Refresh] done in 29ms @ http://localhost:3000/_next/static/chunks/node_modules_next_dist_1e8vcs8._.js:776
[ 1136760ms] [LOG] [Fast Refresh] done in 29ms @ http://localhost:3000/_next/static/chunks/node_modules_next_dist_1e8vcs8._.js:776
[ 1136822ms] [LOG] [Fast Refresh] done in 29ms @ http://localhost:3000/_next/static/chunks/node_modules_next_dist_1e8vcs8._.js:776
[ 1136884ms] [LOG] [Fast Refresh] done in 29ms @ http://localhost:3000/_next/static/chunks/node_modules_next_dist_1e8vcs8._.js:776
[ 1136949ms] [LOG] [Fast Refresh] done in 29ms @ http://localhost:3000/_next/static/chunks/node_modules_next_dist_1e8vcs8._.js:776
[ 1137010ms] [LOG] [Fast Refresh] done in 29ms @ http://localhost:3000/_next/static/chunks/node_modules_next_dist_1e8vcs8._.js:776
[ 1137071ms] [LOG] [Fast Refresh] done in 29ms @ http://localhost:3000/_next/static/chunks/node_modules_next_dist_1e8vcs8._.js:776
[ 1137133ms] [LOG] [Fast Refresh] done in 29ms @ http://localhost:3000/_next/static/chunks/node_modules_next_dist_1e8vcs8._.js:776
[ 1137196ms] [LOG] [Fast Refresh] done in 29ms @ http://localhost:3000/_next/static/chunks/node_modules_next_dist_1e8vcs8._.js:776
[ 1137259ms] [LOG] [Fast Refresh] done in 29ms @ http://localhost:3000/_next/static/chunks/node_modules_next_dist_1e8vcs8._.js:776
[ 1137320ms] [LOG] [Fast Refresh] done in 29ms @ http://localhost:3000/_next/static/chunks/node_modules_next_dist_1e8vcs8._.js:776
[ 1137383ms] [LOG] [Fast Refresh] done in 29ms @ http://localhost:3000/_next/static/chunks/node_modules_next_dist_1e8vcs8._.js:776
[ 1137445ms] [LOG] [Fast Refresh] done in 29ms @ http://localhost:3000/_next/static/chunks/node_modules_next_dist_1e8vcs8._.js:776
[ 1137509ms] [LOG] [Fast Refresh] done in 29ms @ http://localhost:3000/_next/static/chunks/node_modules_next_dist_1e8vcs8._.js:776
[ 1137570ms] [LOG] [Fast Refresh] done in 29ms @ http://localhost:3000/_next/static/chunks/node_modules_next_dist_1e8vcs8._.js:776
[ 1137638ms] [LOG] [Fast Refresh] done in 29ms @ http://localhost:3000/_next/static/chunks/node_modules_next_dist_1e8vcs8._.js:776
[ 1137712ms] [LOG] [Fast Refresh] done in 29ms @ http://localhost:3000/_next/static/chunks/node_modules_next_dist_1e8vcs8._.js:776
[ 1137774ms] [LOG] [Fast Refresh] done in 29ms @ http://localhost:3000/_next/static/chunks/node_modules_next_dist_1e8vcs8._.js:776
[ 1137836ms] [LOG] [Fast Refresh] done in 29ms @ http://localhost:3000/_next/static/chunks/node_modules_next_dist_1e8vcs8._.js:776
[ 1137899ms] [LOG] [Fast Refresh] done in 29ms @ http://localhost:3000/_next/static/chunks/node_modules_next_dist_1e8vcs8._.js:776
[ 1137959ms] [LOG] [Fast Refresh] done in 29ms @ http://localhost:3000/_next/static/chunks/node_modules_next_dist_1e8vcs8._.js:776
[ 1138021ms] [LOG] [Fast Refresh] done in 29ms @ http://localhost:3000/_next/static/chunks/node_modules_next_dist_1e8vcs8._.js:776
[ 1138084ms] [LOG] [Fast Refresh] done in 29ms @ http://localhost:3000/_next/static/chunks/node_modules_next_dist_1e8vcs8._.js:776
[ 1138146ms] [LOG] [Fast Refresh] done in 29ms @ http://localhost:3000/_next/static/chunks/node_modules_next_dist_1e8vcs8._.js:776
[ 1138208ms] [LOG] [Fast Refresh] done in 29ms @ http://localhost:3000/_next/static/chunks/node_modules_next_dist_1e8vcs8._.js:776
[ 1138270ms] [LOG] [Fast Refresh] done in 29ms @ http://localhost:3000/_next/static/chunks/node_modules_next_dist_1e8vcs8._.js:776
[ 1138333ms] [LOG] [Fast Refresh] done in 29ms @ http://localhost:3000/_next/static/chunks/node_modules_next_dist_1e8vcs8._.js:776
[ 1138397ms] [LOG] [Fast Refresh] done in 29ms @ http://localhost:3000/_next/static/chunks/node_modules_next_dist_1e8vcs8._.js:776
[ 1138457ms] [LOG] [Fast Refresh] done in 29ms @ http://localhost:3000/_next/static/chunks/node_modules_next_dist_1e8vcs8._.js:776
[ 1138519ms] [LOG] [Fast Refresh] done in 29ms @ http://localhost:3000/_next/static/chunks/node_modules_next_dist_1e8vcs8._.js:776
[ 1138583ms] [LOG] [Fast Refresh] done in 29ms @ http://localhost:3000/_next/static/chunks/node_modules_next_dist_1e8vcs8._.js:776
[ 1138644ms] [LOG] [Fast Refresh] done in 29ms @ http://localhost:3000/_next/static/chunks/node_modules_next_dist_1e8vcs8._.js:776
[ 1138705ms] [LOG] [Fast Refresh] done in 29ms @ http://localhost:3000/_next/static/chunks/node_modules_next_dist_1e8vcs8._.js:776
[ 1138767ms] [LOG] [Fast Refresh] done in 29ms @ http://localhost:3000/_next/static/chunks/node_modules_next_dist_1e8vcs8._.js:776
[ 1138833ms] [LOG] [Fast Refresh] done in 29ms @ http://localhost:3000/_next/static/chunks/node_modules_next_dist_1e8vcs8._.js:776
[ 1138893ms] [LOG] [Fast Refresh] done in 29ms @ http://localhost:3000/_next/static/chunks/node_modules_next_dist_1e8vcs8._.js:776
[ 1138957ms] [LOG] [Fast Refresh] done in 29ms @ http://localhost:3000/_next/static/chunks/node_modules_next_dist_1e8vcs8._.js:776
[ 1139017ms] [LOG] [Fast Refresh] done in 29ms @ http://localhost:3000/_next/static/chunks/node_modules_next_dist_1e8vcs8._.js:776
[ 1139080ms] [LOG] [Fast Refresh] done in 29ms @ http://localhost:3000/_next/static/chunks/node_modules_next_dist_1e8vcs8._.js:776
[ 1139141ms] [LOG] [Fast Refresh] done in 29ms @ http://localhost:3000/_next/static/chunks/node_modules_next_dist_1e8vcs8._.js:776
[ 1139203ms] [LOG] [Fast Refresh] done in 29ms @ http://localhost:3000/_next/static/chunks/node_modules_next_dist_1e8vcs8._.js:776
[ 1139266ms] [LOG] [Fast Refresh] done in 29ms @ http://localhost:3000/_next/static/chunks/node_modules_next_dist_1e8vcs8._.js:776
[ 1139329ms] [LOG] [Fast Refresh] done in 29ms @ http://localhost:3000/_next/static/chunks/node_modules_next_dist_1e8vcs8._.js:776
[ 1139391ms] [LOG] [Fast Refresh] done in 29ms @ http://localhost:3000/_next/static/chunks/node_modules_next_dist_1e8vcs8._.js:776
[ 1139452ms] [LOG] [Fast Refresh] done in 29ms @ http://localhost:3000/_next/static/chunks/node_modules_next_dist_1e8vcs8._.js:776
[ 1139516ms] [LOG] [Fast Refresh] done in 29ms @ http://localhost:3000/_next/static/chunks/node_modules_next_dist_1e8vcs8._.js:776
[ 1139578ms] [LOG] [Fast Refresh] done in 29ms @ http://localhost:3000/_next/static/chunks/node_modules_next_dist_1e8vcs8._.js:776
[ 1139640ms] [LOG] [Fast Refresh] done in 29ms @ http://localhost:3000/_next/static/chunks/node_modules_next_dist_1e8vcs8._.js:776
[ 1139703ms] [LOG] [Fast Refresh] done in 29ms @ http://localhost:3000/_next/static/chunks/node_modules_next_dist_1e8vcs8._.js:776
[ 1139767ms] [LOG] [Fast Refresh] done in 29ms @ http://localhost:3000/_next/static/chunks/node_modules_next_dist_1e8vcs8._.js:776
[ 1139829ms] [LOG] [Fast Refresh] done in 29ms @ http://localhost:3000/_next/static/chunks/node_modules_next_dist_1e8vcs8._.js:776
[ 1139891ms] [LOG] [Fast Refresh] done in 29ms @ http://localhost:3000/_next/static/chunks/node_modules_next_dist_1e8vcs8._.js:776
[ 1139952ms] [LOG] [Fast Refresh] done in 29ms @ http://localhost:3000/_next/static/chunks/node_modules_next_dist_1e8vcs8._.js:776
[ 1140015ms] [LOG] [Fast Refresh] done in 29ms @ http://localhost:3000/_next/static/chunks/node_modules_next_dist_1e8vcs8._.js:776
[ 1140076ms] [LOG] [Fast Refresh] done in 29ms @ http://localhost:3000/_next/static/chunks/node_modules_next_dist_1e8vcs8._.js:776
[ 1140138ms] [LOG] [Fast Refresh] done in 29ms @ http://localhost:3000/_next/static/chunks/node_modules_next_dist_1e8vcs8._.js:776
[ 1140201ms] [LOG] [Fast Refresh] done in 29ms @ http://localhost:3000/_next/static/chunks/node_modules_next_dist_1e8vcs8._.js:776
[ 1140265ms] [LOG] [Fast Refresh] done in 29ms @ http://localhost:3000/_next/static/chunks/node_modules_next_dist_1e8vcs8._.js:776
[ 1140326ms] [LOG] [Fast Refresh] done in 29ms @ http://localhost:3000/_next/static/chunks/node_modules_next_dist_1e8vcs8._.js:776
[ 1140393ms] [LOG] [Fast Refresh] done in 29ms @ http://localhost:3000/_next/static/chunks/node_modules_next_dist_1e8vcs8._.js:776
[ 1140467ms] [LOG] [Fast Refresh] done in 29ms @ http://localhost:3000/_next/static/chunks/node_modules_next_dist_1e8vcs8._.js:776
[ 1140527ms] [LOG] [Fast Refresh] done in 29ms @ http://localhost:3000/_next/static/chunks/node_modules_next_dist_1e8vcs8._.js:776
[ 1140588ms] [LOG] [Fast Refresh] done in 29ms @ http://localhost:3000/_next/static/chunks/node_modules_next_dist_1e8vcs8._.js:776
[ 1140652ms] [LOG] [Fast Refresh] done in 29ms @ http://localhost:3000/_next/static/chunks/node_modules_next_dist_1e8vcs8._.js:776
[ 1140715ms] [LOG] [Fast Refresh] done in 29ms @ http://localhost:3000/_next/static/chunks/node_modules_next_dist_1e8vcs8._.js:776
[ 1140818ms] [LOG] [Fast Refresh] done in 29ms @ http://localhost:3000/_next/static/chunks/node_modules_next_dist_1e8vcs8._.js:776
[ 1140892ms] [LOG] [Fast Refresh] done in 29ms @ http://localhost:3000/_next/static/chunks/node_modules_next_dist_1e8vcs8._.js:776
[ 1140949ms] [LOG] [Fast Refresh] done in 29ms @ http://localhost:3000/_next/static/chunks/node_modules_next_dist_1e8vcs8._.js:776
[ 1141011ms] [LOG] [Fast Refresh] done in 29ms @ http://localhost:3000/_next/static/chunks/node_modules_next_dist_1e8vcs8._.js:776
[ 1141074ms] [LOG] [Fast Refresh] done in 29ms @ http://localhost:3000/_next/static/chunks/node_modules_next_dist_1e8vcs8._.js:776
[ 1141136ms] [LOG] [Fast Refresh] done in 29ms @ http://localhost:3000/_next/static/chunks/node_modules_next_dist_1e8vcs8._.js:776
[ 1141199ms] [LOG] [Fast Refresh] done in 29ms @ http://localhost:3000/_next/static/chunks/node_modules_next_dist_1e8vcs8._.js:776
[ 1141262ms] [LOG] [Fast Refresh] done in 29ms @ http://localhost:3000/_next/static/chunks/node_modules_next_dist_1e8vcs8._.js:776
[ 1141323ms] [LOG] [Fast Refresh] done in 29ms @ http://localhost:3000/_next/static/chunks/node_modules_next_dist_1e8vcs8._.js:776
[ 1141387ms] [LOG] [Fast Refresh] done in 29ms @ http://localhost:3000/_next/static/chunks/node_modules_next_dist_1e8vcs8._.js:776
[ 1141449ms] [LOG] [Fast Refresh] done in 29ms @ http://localhost:3000/_next/static/chunks/node_modules_next_dist_1e8vcs8._.js:776
[ 1141511ms] [LOG] [Fast Refresh] done in 29ms @ http://localhost:3000/_next/static/chunks/node_modules_next_dist_1e8vcs8._.js:776
[ 1141574ms] [LOG] [Fast Refresh] done in 29ms @ http://localhost:3000/_next/static/chunks/node_modules_next_dist_1e8vcs8._.js:776
[ 1141636ms] [LOG] [Fast Refresh] done in 29ms @ http://localhost:3000/_next/static/chunks/node_modules_next_dist_1e8vcs8._.js:776
[ 1141699ms] [LOG] [Fast Refresh] done in 29ms @ http://localhost:3000/_next/static/chunks/node_modules_next_dist_1e8vcs8._.js:776
[ 1141760ms] [LOG] [Fast Refresh] done in 29ms @ http://localhost:3000/_next/static/chunks/node_modules_next_dist_1e8vcs8._.js:776
[ 1141825ms] [LOG] [Fast Refresh] done in 29ms @ http://localhost:3000/_next/static/chunks/node_modules_next_dist_1e8vcs8._.js:776
[ 1141886ms] [LOG] [Fast Refresh] done in 29ms @ http://localhost:3000/_next/static/chunks/node_modules_next_dist_1e8vcs8._.js:776
[ 1141949ms] [LOG] [Fast Refresh] done in 29ms @ http://localhost:3000/_next/static/chunks/node_modules_next_dist_1e8vcs8._.js:776
[ 1142012ms] [LOG] [Fast Refresh] done in 29ms @ http://localhost:3000/_next/static/chunks/node_modules_next_dist_1e8vcs8._.js:776
[ 1142074ms] [LOG] [Fast Refresh] done in 29ms @ http://localhost:3000/_next/static/chunks/node_modules_next_dist_1e8vcs8._.js:776
[ 1142137ms] [LOG] [Fast Refresh] done in 29ms @ http://localhost:3000/_next/static/chunks/node_modules_next_dist_1e8vcs8._.js:776
[ 1142201ms] [LOG] [Fast Refresh] done in 29ms @ http://localhost:3000/_next/static/chunks/node_modules_next_dist_1e8vcs8._.js:776
[ 1142263ms] [LOG] [Fast Refresh] done in 29ms @ http://localhost:3000/_next/static/chunks/node_modules_next_dist_1e8vcs8._.js:776
[ 1142324ms] [LOG] [Fast Refresh] done in 29ms @ http://localhost:3000/_next/static/chunks/node_modules_next_dist_1e8vcs8._.js:776
[ 1142386ms] [LOG] [Fast Refresh] done in 29ms @ http://localhost:3000/_next/static/chunks/node_modules_next_dist_1e8vcs8._.js:776
[ 1142449ms] [LOG] [Fast Refresh] done in 29ms @ http://localhost:3000/_next/static/chunks/node_modules_next_dist_1e8vcs8._.js:776
[ 1142512ms] [LOG] [Fast Refresh] done in 29ms @ http://localhost:3000/_next/static/chunks/node_modules_next_dist_1e8vcs8._.js:776
[ 1142574ms] [LOG] [Fast Refresh] done in 29ms @ http://localhost:3000/_next/static/chunks/node_modules_next_dist_1e8vcs8._.js:776
[ 1142634ms] [LOG] [Fast Refresh] done in 29ms @ http://localhost:3000/_next/static/chunks/node_modules_next_dist_1e8vcs8._.js:776
[ 1142709ms] [LOG] [Fast Refresh] done in 29ms @ http://localhost:3000/_next/static/chunks/node_modules_next_dist_1e8vcs8._.js:776
[ 1142776ms] [LOG] [Fast Refresh] done in 29ms @ http://localhost:3000/_next/static/chunks/node_modules_next_dist_1e8vcs8._.js:776
[ 1142838ms] [LOG] [Fast Refresh] done in 29ms @ http://localhost:3000/_next/static/chunks/node_modules_next_dist_1e8vcs8._.js:776
[ 1142900ms] [LOG] [Fast Refresh] done in 29ms @ http://localhost:3000/_next/static/chunks/node_modules_next_dist_1e8vcs8._.js:776
[ 1142962ms] [LOG] [Fast Refresh] done in 29ms @ http://localhost:3000/_next/static/chunks/node_modules_next_dist_1e8vcs8._.js:776
[ 1143024ms] [LOG] [Fast Refresh] done in 29ms @ http://localhost:3000/_next/static/chunks/node_modules_next_dist_1e8vcs8._.js:776
[ 1143086ms] [LOG] [Fast Refresh] done in 29ms @ http://localhost:3000/_next/static/chunks/node_modules_next_dist_1e8vcs8._.js:776
[ 1143148ms] [LOG] [Fast Refresh] done in 29ms @ http://localhost:3000/_next/static/chunks/node_modules_next_dist_1e8vcs8._.js:776
[ 1143209ms] [LOG] [Fast Refresh] done in 29ms @ http://localhost:3000/_next/static/chunks/node_modules_next_dist_1e8vcs8._.js:776
[ 1143271ms] [LOG] [Fast Refresh] done in 29ms @ http://localhost:3000/_next/static/chunks/node_modules_next_dist_1e8vcs8._.js:776
[ 1143334ms] [LOG] [Fast Refresh] done in 29ms @ http://localhost:3000/_next/static/chunks/node_modules_next_dist_1e8vcs8._.js:776
[ 1143396ms] [LOG] [Fast Refresh] done in 29ms @ http://localhost:3000/_next/static/chunks/node_modules_next_dist_1e8vcs8._.js:776
[ 1143458ms] [LOG] [Fast Refresh] done in 29ms @ http://localhost:3000/_next/static/chunks/node_modules_next_dist_1e8vcs8._.js:776
[ 1143521ms] [LOG] [Fast Refresh] done in 29ms @ http://localhost:3000/_next/static/chunks/node_modules_next_dist_1e8vcs8._.js:776
[ 1143582ms] [LOG] [Fast Refresh] done in 29ms @ http://localhost:3000/_next/static/chunks/node_modules_next_dist_1e8vcs8._.js:776
[ 1143644ms] [LOG] [Fast Refresh] done in 29ms @ http://localhost:3000/_next/static/chunks/node_modules_next_dist_1e8vcs8._.js:776
[ 1143707ms] [LOG] [Fast Refresh] done in 29ms @ http://localhost:3000/_next/static/chunks/node_modules_next_dist_1e8vcs8._.js:776
[ 1143768ms] [LOG] [Fast Refresh] done in 29ms @ http://localhost:3000/_next/static/chunks/node_modules_next_dist_1e8vcs8._.js:776
[ 1143816ms] [LOG] [Fast Refresh] done in 29ms @ http://localhost:3000/_next/static/chunks/node_modules_next_dist_1e8vcs8._.js:776
[ 1143877ms] [LOG] [Fast Refresh] done in 29ms @ http://localhost:3000/_next/static/chunks/node_modules_next_dist_1e8vcs8._.js:776
[ 1143924ms] [LOG] [Fast Refresh] done in 29ms @ http://localhost:3000/_next/static/chunks/node_modules_next_dist_1e8vcs8._.js:776
[ 1143987ms] [LOG] [Fast Refresh] done in 29ms @ http://localhost:3000/_next/static/chunks/node_modules_next_dist_1e8vcs8._.js:776
[ 1144048ms] [LOG] [Fast Refresh] done in 29ms @ http://localhost:3000/_next/static/chunks/node_modules_next_dist_1e8vcs8._.js:776
[ 1144111ms] [LOG] [Fast Refresh] done in 29ms @ http://localhost:3000/_next/static/chunks/node_modules_next_dist_1e8vcs8._.js:776
[ 1144173ms] [LOG] [Fast Refresh] done in 29ms @ http://localhost:3000/_next/static/chunks/node_modules_next_dist_1e8vcs8._.js:776
[ 1144233ms] [LOG] [Fast Refresh] done in 29ms @ http://localhost:3000/_next/static/chunks/node_modules_next_dist_1e8vcs8._.js:776
[ 1144296ms] [LOG] [Fast Refresh] done in 29ms @ http://localhost:3000/_next/static/chunks/node_modules_next_dist_1e8vcs8._.js:776
[ 1144357ms] [LOG] [Fast Refresh] done in 29ms @ http://localhost:3000/_next/static/chunks/node_modules_next_dist_1e8vcs8._.js:776
[ 1144420ms] [LOG] [Fast Refresh] done in 29ms @ http://localhost:3000/_next/static/chunks/node_modules_next_dist_1e8vcs8._.js:776
[ 1144482ms] [LOG] [Fast Refresh] done in 29ms @ http://localhost:3000/_next/static/chunks/node_modules_next_dist_1e8vcs8._.js:776
[ 1144543ms] [LOG] [Fast Refresh] done in 29ms @ http://localhost:3000/_next/static/chunks/node_modules_next_dist_1e8vcs8._.js:776
[ 1144608ms] [LOG] [Fast Refresh] done in 29ms @ http://localhost:3000/_next/static/chunks/node_modules_next_dist_1e8vcs8._.js:776
[ 1144668ms] [LOG] [Fast Refresh] done in 29ms @ http://localhost:3000/_next/static/chunks/node_modules_next_dist_1e8vcs8._.js:776
[ 1144730ms] [LOG] [Fast Refresh] done in 29ms @ http://localhost:3000/_next/static/chunks/node_modules_next_dist_1e8vcs8._.js:776
[ 1144792ms] [LOG] [Fast Refresh] done in 29ms @ http://localhost:3000/_next/static/chunks/node_modules_next_dist_1e8vcs8._.js:776
[ 1144854ms] [LOG] [Fast Refresh] done in 29ms @ http://localhost:3000/_next/static/chunks/node_modules_next_dist_1e8vcs8._.js:776
[ 1144918ms] [LOG] [Fast Refresh] done in 29ms @ http://localhost:3000/_next/static/chunks/node_modules_next_dist_1e8vcs8._.js:776
[ 1144980ms] [LOG] [Fast Refresh] done in 29ms @ http://localhost:3000/_next/static/chunks/node_modules_next_dist_1e8vcs8._.js:776
[ 1145042ms] [LOG] [Fast Refresh] done in 29ms @ http://localhost:3000/_next/static/chunks/node_modules_next_dist_1e8vcs8._.js:776
[ 1145111ms] [LOG] [Fast Refresh] done in 29ms @ http://localhost:3000/_next/static/chunks/node_modules_next_dist_1e8vcs8._.js:776
[ 1145185ms] [LOG] [Fast Refresh] done in 29ms @ http://localhost:3000/_next/static/chunks/node_modules_next_dist_1e8vcs8._.js:776
[ 1145243ms] [LOG] [Fast Refresh] done in 29ms @ http://localhost:3000/_next/static/chunks/node_modules_next_dist_1e8vcs8._.js:776
[ 1145305ms] [LOG] [Fast Refresh] done in 29ms @ http://localhost:3000/_next/static/chunks/node_modules_next_dist_1e8vcs8._.js:776
[ 1145368ms] [LOG] [Fast Refresh] done in 29ms @ http://localhost:3000/_next/static/chunks/node_modules_next_dist_1e8vcs8._.js:776
[ 1145430ms] [LOG] [Fast Refresh] done in 29ms @ http://localhost:3000/_next/static/chunks/node_modules_next_dist_1e8vcs8._.js:776
[ 1145492ms] [LOG] [Fast Refresh] done in 29ms @ http://localhost:3000/_next/static/chunks/node_modules_next_dist_1e8vcs8._.js:776
[ 1145556ms] [LOG] [Fast Refresh] done in 29ms @ http://localhost:3000/_next/static/chunks/node_modules_next_dist_1e8vcs8._.js:776
[ 1145618ms] [LOG] [Fast Refresh] done in 29ms @ http://localhost:3000/_next/static/chunks/node_modules_next_dist_1e8vcs8._.js:776
[ 1145682ms] [LOG] [Fast Refresh] done in 29ms @ http://localhost:3000/_next/static/chunks/node_modules_next_dist_1e8vcs8._.js:776
[ 1145742ms] [LOG] [Fast Refresh] done in 29ms @ http://localhost:3000/_next/static/chunks/node_modules_next_dist_1e8vcs8._.js:776
[ 1145806ms] [LOG] [Fast Refresh] done in 29ms @ http://localhost:3000/_next/static/chunks/node_modules_next_dist_1e8vcs8._.js:776
[ 1145866ms] [LOG] [Fast Refresh] done in 29ms @ http://localhost:3000/_next/static/chunks/node_modules_next_dist_1e8vcs8._.js:776
[ 1145929ms] [LOG] [Fast Refresh] done in 29ms @ http://localhost:3000/_next/static/chunks/node_modules_next_dist_1e8vcs8._.js:776
[ 1145991ms] [LOG] [Fast Refresh] done in 29ms @ http://localhost:3000/_next/static/chunks/node_modules_next_dist_1e8vcs8._.js:776
[ 1146053ms] [LOG] [Fast Refresh] done in 29ms @ http://localhost:3000/_next/static/chunks/node_modules_next_dist_1e8vcs8._.js:776
[ 1146115ms] [LOG] [Fast Refresh] done in 29ms @ http://localhost:3000/_next/static/chunks/node_modules_next_dist_1e8vcs8._.js:776
[ 1146176ms] [LOG] [Fast Refresh] done in 29ms @ http://localhost:3000/_next/static/chunks/node_modules_next_dist_1e8vcs8._.js:776
[ 1146236ms] [LOG] [Fast Refresh] done in 29ms @ http://localhost:3000/_next/static/chunks/node_modules_next_dist_1e8vcs8._.js:776
[ 1146298ms] [LOG] [Fast Refresh] done in 29ms @ http://localhost:3000/_next/static/chunks/node_modules_next_dist_1e8vcs8._.js:776
[ 1146361ms] [LOG] [Fast Refresh] done in 29ms @ http://localhost:3000/_next/static/chunks/node_modules_next_dist_1e8vcs8._.js:776
[ 1146424ms] [LOG] [Fast Refresh] done in 29ms @ http://localhost:3000/_next/static/chunks/node_modules_next_dist_1e8vcs8._.js:776
[ 1146483ms] [LOG] [Fast Refresh] done in 29ms @ http://localhost:3000/_next/static/chunks/node_modules_next_dist_1e8vcs8._.js:776
[ 1146546ms] [LOG] [Fast Refresh] done in 29ms @ http://localhost:3000/_next/static/chunks/node_modules_next_dist_1e8vcs8._.js:776
[ 1146594ms] [LOG] [Fast Refresh] done in 29ms @ http://localhost:3000/_next/static/chunks/node_modules_next_dist_1e8vcs8._.js:776
[ 1146657ms] [LOG] [Fast Refresh] done in 29ms @ http://localhost:3000/_next/static/chunks/node_modules_next_dist_1e8vcs8._.js:776
[ 1146717ms] [LOG] [Fast Refresh] done in 29ms @ http://localhost:3000/_next/static/chunks/node_modules_next_dist_1e8vcs8._.js:776
[ 1147048ms] [LOG] [Fast Refresh] done in 29ms @ http://localhost:3000/_next/static/chunks/node_modules_next_dist_1e8vcs8._.js:776
[ 1147109ms] [LOG] [Fast Refresh] done in 29ms @ http://localhost:3000/_next/static/chunks/node_modules_next_dist_1e8vcs8._.js:776
[ 1147174ms] [LOG] [Fast Refresh] done in 29ms @ http://localhost:3000/_next/static/chunks/node_modules_next_dist_1e8vcs8._.js:776
[ 1147234ms] [LOG] [Fast Refresh] done in 29ms @ http://localhost:3000/_next/static/chunks/node_modules_next_dist_1e8vcs8._.js:776
[ 1147295ms] [LOG] [Fast Refresh] done in 29ms @ http://localhost:3000/_next/static/chunks/node_modules_next_dist_1e8vcs8._.js:776
[ 1147358ms] [LOG] [Fast Refresh] done in 29ms @ http://localhost:3000/_next/static/chunks/node_modules_next_dist_1e8vcs8._.js:776
[ 1147421ms] [LOG] [Fast Refresh] done in 29ms @ http://localhost:3000/_next/static/chunks/node_modules_next_dist_1e8vcs8._.js:776
[ 1147482ms] [LOG] [Fast Refresh] done in 29ms @ http://localhost:3000/_next/static/chunks/node_modules_next_dist_1e8vcs8._.js:776
[ 1147544ms] [LOG] [Fast Refresh] done in 29ms @ http://localhost:3000/_next/static/chunks/node_modules_next_dist_1e8vcs8._.js:776
[ 1147607ms] [LOG] [Fast Refresh] done in 29ms @ http://localhost:3000/_next/static/chunks/node_modules_next_dist_1e8vcs8._.js:776
[ 1147668ms] [LOG] [Fast Refresh] done in 29ms @ http://localhost:3000/_next/static/chunks/node_modules_next_dist_1e8vcs8._.js:776
[ 1147729ms] [LOG] [Fast Refresh] done in 29ms @ http://localhost:3000/_next/static/chunks/node_modules_next_dist_1e8vcs8._.js:776
[ 1147792ms] [LOG] [Fast Refresh] done in 29ms @ http://localhost:3000/_next/static/chunks/node_modules_next_dist_1e8vcs8._.js:776
[ 1147854ms] [LOG] [Fast Refresh] done in 29ms @ http://localhost:3000/_next/static/chunks/node_modules_next_dist_1e8vcs8._.js:776
[ 1147917ms] [LOG] [Fast Refresh] done in 29ms @ http://localhost:3000/_next/static/chunks/node_modules_next_dist_1e8vcs8._.js:776
[ 1147980ms] [LOG] [Fast Refresh] done in 29ms @ http://localhost:3000/_next/static/chunks/node_modules_next_dist_1e8vcs8._.js:776
[ 1148043ms] [LOG] [Fast Refresh] done in 29ms @ http://localhost:3000/_next/static/chunks/node_modules_next_dist_1e8vcs8._.js:776
[ 1148105ms] [LOG] [Fast Refresh] done in 29ms @ http://localhost:3000/_next/static/chunks/node_modules_next_dist_1e8vcs8._.js:776
[ 1148168ms] [LOG] [Fast Refresh] done in 29ms @ http://localhost:3000/_next/static/chunks/node_modules_next_dist_1e8vcs8._.js:776
[ 1148230ms] [LOG] [Fast Refresh] done in 29ms @ http://localhost:3000/_next/static/chunks/node_modules_next_dist_1e8vcs8._.js:776
[ 1148293ms] [LOG] [Fast Refresh] done in 29ms @ http://localhost:3000/_next/static/chunks/node_modules_next_dist_1e8vcs8._.js:776
[ 1148355ms] [LOG] [Fast Refresh] done in 29ms @ http://localhost:3000/_next/static/chunks/node_modules_next_dist_1e8vcs8._.js:776
[ 1148418ms] [LOG] [Fast Refresh] done in 29ms @ http://localhost:3000/_next/static/chunks/node_modules_next_dist_1e8vcs8._.js:776
[ 1148479ms] [LOG] [Fast Refresh] done in 29ms @ http://localhost:3000/_next/static/chunks/node_modules_next_dist_1e8vcs8._.js:776
[ 1148553ms] [LOG] [Fast Refresh] done in 29ms @ http://localhost:3000/_next/static/chunks/node_modules_next_dist_1e8vcs8._.js:776
[ 1148620ms] [LOG] [Fast Refresh] done in 29ms @ http://localhost:3000/_next/static/chunks/node_modules_next_dist_1e8vcs8._.js:776
[ 1148682ms] [LOG] [Fast Refresh] done in 29ms @ http://localhost:3000/_next/static/chunks/node_modules_next_dist_1e8vcs8._.js:776
[ 1148743ms] [LOG] [Fast Refresh] done in 29ms @ http://localhost:3000/_next/static/chunks/node_modules_next_dist_1e8vcs8._.js:776
[ 1148807ms] [LOG] [Fast Refresh] done in 29ms @ http://localhost:3000/_next/static/chunks/node_modules_next_dist_1e8vcs8._.js:776
[ 1148868ms] [LOG] [Fast Refresh] done in 29ms @ http://localhost:3000/_next/static/chunks/node_modules_next_dist_1e8vcs8._.js:776
[ 1148929ms] [LOG] [Fast Refresh] done in 29ms @ http://localhost:3000/_next/static/chunks/node_modules_next_dist_1e8vcs8._.js:776
[ 1148991ms] [LOG] [Fast Refresh] done in 29ms @ http://localhost:3000/_next/static/chunks/node_modules_next_dist_1e8vcs8._.js:776
[ 1149053ms] [LOG] [Fast Refresh] done in 29ms @ http://localhost:3000/_next/static/chunks/node_modules_next_dist_1e8vcs8._.js:776
[ 1149115ms] [LOG] [Fast Refresh] done in 29ms @ http://localhost:3000/_next/static/chunks/node_modules_next_dist_1e8vcs8._.js:776
[ 1149176ms] [LOG] [Fast Refresh] done in 29ms @ http://localhost:3000/_next/static/chunks/node_modules_next_dist_1e8vcs8._.js:776
[ 1149241ms] [LOG] [Fast Refresh] done in 29ms @ http://localhost:3000/_next/static/chunks/node_modules_next_dist_1e8vcs8._.js:776
[ 1149301ms] [LOG] [Fast Refresh] done in 29ms @ http://localhost:3000/_next/static/chunks/node_modules_next_dist_1e8vcs8._.js:776
[ 1149364ms] [LOG] [Fast Refresh] done in 29ms @ http://localhost:3000/_next/static/chunks/node_modules_next_dist_1e8vcs8._.js:776
[ 1149426ms] [LOG] [Fast Refresh] done in 29ms @ http://localhost:3000/_next/static/chunks/node_modules_next_dist_1e8vcs8._.js:776
[ 1149490ms] [LOG] [Fast Refresh] done in 29ms @ http://localhost:3000/_next/static/chunks/node_modules_next_dist_1e8vcs8._.js:776
[ 1149550ms] [LOG] [Fast Refresh] done in 29ms @ http://localhost:3000/_next/static/chunks/node_modules_next_dist_1e8vcs8._.js:776
[ 1149613ms] [LOG] [Fast Refresh] done in 29ms @ http://localhost:3000/_next/static/chunks/node_modules_next_dist_1e8vcs8._.js:776
[ 1149676ms] [LOG] [Fast Refresh] done in 29ms @ http://localhost:3000/_next/static/chunks/node_modules_next_dist_1e8vcs8._.js:776
[ 1149738ms] [LOG] [Fast Refresh] done in 29ms @ http://localhost:3000/_next/static/chunks/node_modules_next_dist_1e8vcs8._.js:776
[ 1149801ms] [LOG] [Fast Refresh] done in 29ms @ http://localhost:3000/_next/static/chunks/node_modules_next_dist_1e8vcs8._.js:776
[ 1149864ms] [LOG] [Fast Refresh] done in 29ms @ http://localhost:3000/_next/static/chunks/node_modules_next_dist_1e8vcs8._.js:776
[ 1149926ms] [LOG] [Fast Refresh] done in 29ms @ http://localhost:3000/_next/static/chunks/node_modules_next_dist_1e8vcs8._.js:776
[ 1149990ms] [LOG] [Fast Refresh] done in 29ms @ http://localhost:3000/_next/static/chunks/node_modules_next_dist_1e8vcs8._.js:776
[ 1150050ms] [LOG] [Fast Refresh] done in 29ms @ http://localhost:3000/_next/static/chunks/node_modules_next_dist_1e8vcs8._.js:776
[ 1150112ms] [LOG] [Fast Refresh] done in 29ms @ http://localhost:3000/_next/static/chunks/node_modules_next_dist_1e8vcs8._.js:776
[ 1150173ms] [LOG] [Fast Refresh] done in 29ms @ http://localhost:3000/_next/static/chunks/node_modules_next_dist_1e8vcs8._.js:776
[ 1150236ms] [LOG] [Fast Refresh] done in 29ms @ http://localhost:3000/_next/static/chunks/node_modules_next_dist_1e8vcs8._.js:776
[ 1150298ms] [LOG] [Fast Refresh] done in 29ms @ http://localhost:3000/_next/static/chunks/node_modules_next_dist_1e8vcs8._.js:776
[ 1150360ms] [LOG] [Fast Refresh] done in 29ms @ http://localhost:3000/_next/static/chunks/node_modules_next_dist_1e8vcs8._.js:776
[ 1150424ms] [LOG] [Fast Refresh] done in 29ms @ http://localhost:3000/_next/static/chunks/node_modules_next_dist_1e8vcs8._.js:776
[ 1150484ms] [LOG] [Fast Refresh] done in 29ms @ http://localhost:3000/_next/static/chunks/node_modules_next_dist_1e8vcs8._.js:776
[ 1150545ms] [LOG] [Fast Refresh] done in 29ms @ http://localhost:3000/_next/static/chunks/node_modules_next_dist_1e8vcs8._.js:776
[ 1150608ms] [LOG] [Fast Refresh] done in 29ms @ http://localhost:3000/_next/static/chunks/node_modules_next_dist_1e8vcs8._.js:776
[ 1150671ms] [LOG] [Fast Refresh] done in 29ms @ http://localhost:3000/_next/static/chunks/node_modules_next_dist_1e8vcs8._.js:776
[ 1150733ms] [LOG] [Fast Refresh] done in 29ms @ http://localhost:3000/_next/static/chunks/node_modules_next_dist_1e8vcs8._.js:776
[ 1150797ms] [LOG] [Fast Refresh] done in 29ms @ http://localhost:3000/_next/static/chunks/node_modules_next_dist_1e8vcs8._.js:776
[ 1150858ms] [LOG] [Fast Refresh] done in 29ms @ http://localhost:3000/_next/static/chunks/node_modules_next_dist_1e8vcs8._.js:776
[ 1150915ms] [LOG] [Fast Refresh] done in 29ms @ http://localhost:3000/_next/static/chunks/node_modules_next_dist_1e8vcs8._.js:776
[ 1150983ms] [LOG] [Fast Refresh] done in 29ms @ http://localhost:3000/_next/static/chunks/node_modules_next_dist_1e8vcs8._.js:776
[ 1151045ms] [LOG] [Fast Refresh] done in 29ms @ http://localhost:3000/_next/static/chunks/node_modules_next_dist_1e8vcs8._.js:776
[ 1151108ms] [LOG] [Fast Refresh] done in 29ms @ http://localhost:3000/_next/static/chunks/node_modules_next_dist_1e8vcs8._.js:776
[ 1151170ms] [LOG] [Fast Refresh] done in 29ms @ http://localhost:3000/_next/static/chunks/node_modules_next_dist_1e8vcs8._.js:776
[ 1151217ms] [LOG] [Fast Refresh] done in 29ms @ http://localhost:3000/_next/static/chunks/node_modules_next_dist_1e8vcs8._.js:776
[ 1151265ms] [LOG] [Fast Refresh] done in 29ms @ http://localhost:3000/_next/static/chunks/node_modules_next_dist_1e8vcs8._.js:776
[ 1151328ms] [LOG] [Fast Refresh] done in 29ms @ http://localhost:3000/_next/static/chunks/node_modules_next_dist_1e8vcs8._.js:776
[ 1151390ms] [LOG] [Fast Refresh] done in 29ms @ http://localhost:3000/_next/static/chunks/node_modules_next_dist_1e8vcs8._.js:776
[ 1151452ms] [LOG] [Fast Refresh] done in 29ms @ http://localhost:3000/_next/static/chunks/node_modules_next_dist_1e8vcs8._.js:776
[ 1151514ms] [LOG] [Fast Refresh] done in 29ms @ http://localhost:3000/_next/static/chunks/node_modules_next_dist_1e8vcs8._.js:776
[ 1151575ms] [LOG] [Fast Refresh] done in 29ms @ http://localhost:3000/_next/static/chunks/node_modules_next_dist_1e8vcs8._.js:776
[ 1151638ms] [LOG] [Fast Refresh] done in 29ms @ http://localhost:3000/_next/static/chunks/node_modules_next_dist_1e8vcs8._.js:776
[ 1151700ms] [LOG] [Fast Refresh] done in 29ms @ http://localhost:3000/_next/static/chunks/node_modules_next_dist_1e8vcs8._.js:776
[ 1151762ms] [LOG] [Fast Refresh] done in 29ms @ http://localhost:3000/_next/static/chunks/node_modules_next_dist_1e8vcs8._.js:776
[ 1151825ms] [LOG] [Fast Refresh] done in 29ms @ http://localhost:3000/_next/static/chunks/node_modules_next_dist_1e8vcs8._.js:776
[ 1151887ms] [LOG] [Fast Refresh] done in 29ms @ http://localhost:3000/_next/static/chunks/node_modules_next_dist_1e8vcs8._.js:776
[ 1151949ms] [LOG] [Fast Refresh] done in 29ms @ http://localhost:3000/_next/static/chunks/node_modules_next_dist_1e8vcs8._.js:776
[ 1152010ms] [LOG] [Fast Refresh] done in 29ms @ http://localhost:3000/_next/static/chunks/node_modules_next_dist_1e8vcs8._.js:776
[ 1152073ms] [LOG] [Fast Refresh] done in 29ms @ http://localhost:3000/_next/static/chunks/node_modules_next_dist_1e8vcs8._.js:776
[ 1152135ms] [LOG] [Fast Refresh] done in 29ms @ http://localhost:3000/_next/static/chunks/node_modules_next_dist_1e8vcs8._.js:776
[ 1152198ms] [LOG] [Fast Refresh] done in 29ms @ http://localhost:3000/_next/static/chunks/node_modules_next_dist_1e8vcs8._.js:776
[ 1152275ms] [LOG] [Fast Refresh] done in 29ms @ http://localhost:3000/_next/static/chunks/node_modules_next_dist_1e8vcs8._.js:776
[ 1152339ms] [LOG] [Fast Refresh] done in 29ms @ http://localhost:3000/_next/static/chunks/node_modules_next_dist_1e8vcs8._.js:776
[ 1152401ms] [LOG] [Fast Refresh] done in 29ms @ http://localhost:3000/_next/static/chunks/node_modules_next_dist_1e8vcs8._.js:776
[ 1152465ms] [LOG] [Fast Refresh] done in 29ms @ http://localhost:3000/_next/static/chunks/node_modules_next_dist_1e8vcs8._.js:776
[ 1152525ms] [LOG] [Fast Refresh] done in 29ms @ http://localhost:3000/_next/static/chunks/node_modules_next_dist_1e8vcs8._.js:776
[ 1152587ms] [LOG] [Fast Refresh] done in 29ms @ http://localhost:3000/_next/static/chunks/node_modules_next_dist_1e8vcs8._.js:776
[ 1152635ms] [LOG] [Fast Refresh] done in 29ms @ http://localhost:3000/_next/static/chunks/node_modules_next_dist_1e8vcs8._.js:776
[ 1152699ms] [LOG] [Fast Refresh] done in 29ms @ http://localhost:3000/_next/static/chunks/node_modules_next_dist_1e8vcs8._.js:776
[ 1152759ms] [LOG] [Fast Refresh] done in 29ms @ http://localhost:3000/_next/static/chunks/node_modules_next_dist_1e8vcs8._.js:776
[ 1152823ms] [LOG] [Fast Refresh] done in 29ms @ http://localhost:3000/_next/static/chunks/node_modules_next_dist_1e8vcs8._.js:776
[ 1152884ms] [LOG] [Fast Refresh] done in 29ms @ http://localhost:3000/_next/static/chunks/node_modules_next_dist_1e8vcs8._.js:776
[ 1152946ms] [LOG] [Fast Refresh] done in 29ms @ http://localhost:3000/_next/static/chunks/node_modules_next_dist_1e8vcs8._.js:776
[ 1153009ms] [LOG] [Fast Refresh] done in 29ms @ http://localhost:3000/_next/static/chunks/node_modules_next_dist_1e8vcs8._.js:776
[ 1153071ms] [LOG] [Fast Refresh] done in 29ms @ http://localhost:3000/_next/static/chunks/node_modules_next_dist_1e8vcs8._.js:776
[ 1153119ms] [LOG] [Fast Refresh] done in 29ms @ http://localhost:3000/_next/static/chunks/node_modules_next_dist_1e8vcs8._.js:776
[ 1153182ms] [LOG] [Fast Refresh] done in 29ms @ http://localhost:3000/_next/static/chunks/node_modules_next_dist_1e8vcs8._.js:776
[ 1153243ms] [LOG] [Fast Refresh] done in 29ms @ http://localhost:3000/_next/static/chunks/node_modules_next_dist_1e8vcs8._.js:776
[ 1153306ms] [LOG] [Fast Refresh] done in 29ms @ http://localhost:3000/_next/static/chunks/node_modules_next_dist_1e8vcs8._.js:776
[ 1153379ms] [LOG] [Fast Refresh] done in 29ms @ http://localhost:3000/_next/static/chunks/node_modules_next_dist_1e8vcs8._.js:776
[ 1153451ms] [LOG] [Fast Refresh] done in 29ms @ http://localhost:3000/_next/static/chunks/node_modules_next_dist_1e8vcs8._.js:776
[ 1153510ms] [LOG] [Fast Refresh] done in 29ms @ http://localhost:3000/_next/static/chunks/node_modules_next_dist_1e8vcs8._.js:776
[ 1153574ms] [LOG] [Fast Refresh] done in 29ms @ http://localhost:3000/_next/static/chunks/node_modules_next_dist_1e8vcs8._.js:776
[ 1153635ms] [LOG] [Fast Refresh] done in 29ms @ http://localhost:3000/_next/static/chunks/node_modules_next_dist_1e8vcs8._.js:776
[ 1153700ms] [LOG] [Fast Refresh] done in 29ms @ http://localhost:3000/_next/static/chunks/node_modules_next_dist_1e8vcs8._.js:776
[ 1153761ms] [LOG] [Fast Refresh] done in 29ms @ http://localhost:3000/_next/static/chunks/node_modules_next_dist_1e8vcs8._.js:776
[ 1153824ms] [LOG] [Fast Refresh] done in 29ms @ http://localhost:3000/_next/static/chunks/node_modules_next_dist_1e8vcs8._.js:776
[ 1153886ms] [LOG] [Fast Refresh] done in 29ms @ http://localhost:3000/_next/static/chunks/node_modules_next_dist_1e8vcs8._.js:776
[ 1153949ms] [LOG] [Fast Refresh] done in 29ms @ http://localhost:3000/_next/static/chunks/node_modules_next_dist_1e8vcs8._.js:776
[ 1154010ms] [LOG] [Fast Refresh] done in 29ms @ http://localhost:3000/_next/static/chunks/node_modules_next_dist_1e8vcs8._.js:776
[ 1154074ms] [LOG] [Fast Refresh] done in 29ms @ http://localhost:3000/_next/static/chunks/node_modules_next_dist_1e8vcs8._.js:776
[ 1154134ms] [LOG] [Fast Refresh] done in 29ms @ http://localhost:3000/_next/static/chunks/node_modules_next_dist_1e8vcs8._.js:776
[ 1154199ms] [LOG] [Fast Refresh] done in 29ms @ http://localhost:3000/_next/static/chunks/node_modules_next_dist_1e8vcs8._.js:776
[ 1154261ms] [LOG] [Fast Refresh] done in 29ms @ http://localhost:3000/_next/static/chunks/node_modules_next_dist_1e8vcs8._.js:776
[ 1154323ms] [LOG] [Fast Refresh] done in 29ms @ http://localhost:3000/_next/static/chunks/node_modules_next_dist_1e8vcs8._.js:776
[ 1154386ms] [LOG] [Fast Refresh] done in 29ms @ http://localhost:3000/_next/static/chunks/node_modules_next_dist_1e8vcs8._.js:776
[ 1154451ms] [LOG] [Fast Refresh] done in 29ms @ http://localhost:3000/_next/static/chunks/node_modules_next_dist_1e8vcs8._.js:776
[ 1154515ms] [LOG] [Fast Refresh] done in 29ms @ http://localhost:3000/_next/static/chunks/node_modules_next_dist_1e8vcs8._.js:776
[ 1154574ms] [LOG] [Fast Refresh] done in 29ms @ http://localhost:3000/_next/static/chunks/node_modules_next_dist_1e8vcs8._.js:776
[ 1154626ms] [LOG] [Fast Refresh] done in 29ms @ http://localhost:3000/_next/static/chunks/node_modules_next_dist_1e8vcs8._.js:776
[ 1154683ms] [LOG] [Fast Refresh] done in 29ms @ http://localhost:3000/_next/static/chunks/node_modules_next_dist_1e8vcs8._.js:776
[ 1154744ms] [LOG] [Fast Refresh] done in 29ms @ http://localhost:3000/_next/static/chunks/node_modules_next_dist_1e8vcs8._.js:776
[ 1154807ms] [LOG] [Fast Refresh] done in 29ms @ http://localhost:3000/_next/static/chunks/node_modules_next_dist_1e8vcs8._.js:776
[ 1154869ms] [LOG] [Fast Refresh] done in 29ms @ http://localhost:3000/_next/static/chunks/node_modules_next_dist_1e8vcs8._.js:776
[ 1154933ms] [LOG] [Fast Refresh] done in 29ms @ http://localhost:3000/_next/static/chunks/node_modules_next_dist_1e8vcs8._.js:776
[ 1154993ms] [LOG] [Fast Refresh] done in 29ms @ http://localhost:3000/_next/static/chunks/node_modules_next_dist_1e8vcs8._.js:776
[ 1155056ms] [LOG] [Fast Refresh] done in 29ms @ http://localhost:3000/_next/static/chunks/node_modules_next_dist_1e8vcs8._.js:776
[ 1155118ms] [LOG] [Fast Refresh] done in 29ms @ http://localhost:3000/_next/static/chunks/node_modules_next_dist_1e8vcs8._.js:776
[ 1155183ms] [LOG] [Fast Refresh] done in 29ms @ http://localhost:3000/_next/static/chunks/node_modules_next_dist_1e8vcs8._.js:776
[ 1155244ms] [LOG] [Fast Refresh] done in 29ms @ http://localhost:3000/_next/static/chunks/node_modules_next_dist_1e8vcs8._.js:776
[ 1155307ms] [LOG] [Fast Refresh] done in 29ms @ http://localhost:3000/_next/static/chunks/node_modules_next_dist_1e8vcs8._.js:776
[ 1155401ms] [LOG] [Fast Refresh] done in 29ms @ http://localhost:3000/_next/static/chunks/node_modules_next_dist_1e8vcs8._.js:776
[ 1155469ms] [LOG] [Fast Refresh] done in 29ms @ http://localhost:3000/_next/static/chunks/node_modules_next_dist_1e8vcs8._.js:776
[ 1155526ms] [LOG] [Fast Refresh] done in 29ms @ http://localhost:3000/_next/static/chunks/node_modules_next_dist_1e8vcs8._.js:776
[ 1155590ms] [LOG] [Fast Refresh] done in 29ms @ http://localhost:3000/_next/static/chunks/node_modules_next_dist_1e8vcs8._.js:776
[ 1155652ms] [LOG] [Fast Refresh] done in 29ms @ http://localhost:3000/_next/static/chunks/node_modules_next_dist_1e8vcs8._.js:776
[ 1155700ms] [LOG] [Fast Refresh] done in 29ms @ http://localhost:3000/_next/static/chunks/node_modules_next_dist_1e8vcs8._.js:776
[ 1155776ms] [LOG] [Fast Refresh] done in 29ms @ http://localhost:3000/_next/static/chunks/node_modules_next_dist_1e8vcs8._.js:776
[ 1155857ms] [LOG] [Fast Refresh] done in 29ms @ http://localhost:3000/_next/static/chunks/node_modules_next_dist_1e8vcs8._.js:776
[ 1155919ms] [LOG] [Fast Refresh] done in 29ms @ http://localhost:3000/_next/static/chunks/node_modules_next_dist_1e8vcs8._.js:776
[ 1155983ms] [LOG] [Fast Refresh] done in 29ms @ http://localhost:3000/_next/static/chunks/node_modules_next_dist_1e8vcs8._.js:776
[ 1156042ms] [LOG] [Fast Refresh] done in 29ms @ http://localhost:3000/_next/static/chunks/node_modules_next_dist_1e8vcs8._.js:776
[ 1156107ms] [LOG] [Fast Refresh] done in 29ms @ http://localhost:3000/_next/static/chunks/node_modules_next_dist_1e8vcs8._.js:776
[ 1156169ms] [LOG] [Fast Refresh] done in 29ms @ http://localhost:3000/_next/static/chunks/node_modules_next_dist_1e8vcs8._.js:776
[ 1156232ms] [LOG] [Fast Refresh] done in 29ms @ http://localhost:3000/_next/static/chunks/node_modules_next_dist_1e8vcs8._.js:776
[ 1156294ms] [LOG] [Fast Refresh] done in 29ms @ http://localhost:3000/_next/static/chunks/node_modules_next_dist_1e8vcs8._.js:776
[ 1156357ms] [LOG] [Fast Refresh] done in 29ms @ http://localhost:3000/_next/static/chunks/node_modules_next_dist_1e8vcs8._.js:776
[ 1156417ms] [LOG] [Fast Refresh] done in 29ms @ http://localhost:3000/_next/static/chunks/node_modules_next_dist_1e8vcs8._.js:776
[ 1156481ms] [LOG] [Fast Refresh] done in 29ms @ http://localhost:3000/_next/static/chunks/node_modules_next_dist_1e8vcs8._.js:776
[ 1156542ms] [LOG] [Fast Refresh] done in 29ms @ http://localhost:3000/_next/static/chunks/node_modules_next_dist_1e8vcs8._.js:776
[ 1156605ms] [LOG] [Fast Refresh] done in 29ms @ http://localhost:3000/_next/static/chunks/node_modules_next_dist_1e8vcs8._.js:776
[ 1156667ms] [LOG] [Fast Refresh] done in 29ms @ http://localhost:3000/_next/static/chunks/node_modules_next_dist_1e8vcs8._.js:776
[ 1156730ms] [LOG] [Fast Refresh] done in 29ms @ http://localhost:3000/_next/static/chunks/node_modules_next_dist_1e8vcs8._.js:776
[ 1156792ms] [LOG] [Fast Refresh] done in 29ms @ http://localhost:3000/_next/static/chunks/node_modules_next_dist_1e8vcs8._.js:776
[ 1156854ms] [LOG] [Fast Refresh] done in 29ms @ http://localhost:3000/_next/static/chunks/node_modules_next_dist_1e8vcs8._.js:776
[ 1156917ms] [LOG] [Fast Refresh] done in 29ms @ http://localhost:3000/_next/static/chunks/node_modules_next_dist_1e8vcs8._.js:776
[ 1156978ms] [LOG] [Fast Refresh] done in 29ms @ http://localhost:3000/_next/static/chunks/node_modules_next_dist_1e8vcs8._.js:776
[ 1157043ms] [LOG] [Fast Refresh] done in 29ms @ http://localhost:3000/_next/static/chunks/node_modules_next_dist_1e8vcs8._.js:776
[ 1157107ms] [LOG] [Fast Refresh] done in 29ms @ http://localhost:3000/_next/static/chunks/node_modules_next_dist_1e8vcs8._.js:776
[ 1157168ms] [LOG] [Fast Refresh] done in 29ms @ http://localhost:3000/_next/static/chunks/node_modules_next_dist_1e8vcs8._.js:776
[ 1157232ms] [LOG] [Fast Refresh] done in 29ms @ http://localhost:3000/_next/static/chunks/node_modules_next_dist_1e8vcs8._.js:776
[ 1157291ms] [LOG] [Fast Refresh] done in 29ms @ http://localhost:3000/_next/static/chunks/node_modules_next_dist_1e8vcs8._.js:776
[ 1157353ms] [LOG] [Fast Refresh] done in 29ms @ http://localhost:3000/_next/static/chunks/node_modules_next_dist_1e8vcs8._.js:776
[ 1157417ms] [LOG] [Fast Refresh] done in 29ms @ http://localhost:3000/_next/static/chunks/node_modules_next_dist_1e8vcs8._.js:776
[ 1157478ms] [LOG] [Fast Refresh] done in 29ms @ http://localhost:3000/_next/static/chunks/node_modules_next_dist_1e8vcs8._.js:776
[ 1157540ms] [LOG] [Fast Refresh] done in 29ms @ http://localhost:3000/_next/static/chunks/node_modules_next_dist_1e8vcs8._.js:776
[ 1157602ms] [LOG] [Fast Refresh] done in 29ms @ http://localhost:3000/_next/static/chunks/node_modules_next_dist_1e8vcs8._.js:776
[ 1157664ms] [LOG] [Fast Refresh] done in 29ms @ http://localhost:3000/_next/static/chunks/node_modules_next_dist_1e8vcs8._.js:776
[ 1157726ms] [LOG] [Fast Refresh] done in 29ms @ http://localhost:3000/_next/static/chunks/node_modules_next_dist_1e8vcs8._.js:776
[ 1157788ms] [LOG] [Fast Refresh] done in 29ms @ http://localhost:3000/_next/static/chunks/node_modules_next_dist_1e8vcs8._.js:776
[ 1157958ms] [LOG] [Fast Refresh] done in 29ms @ http://localhost:3000/_next/static/chunks/node_modules_next_dist_1e8vcs8._.js:776
[ 1158021ms] [LOG] [Fast Refresh] done in 29ms @ http://localhost:3000/_next/static/chunks/node_modules_next_dist_1e8vcs8._.js:776
[ 1158084ms] [LOG] [Fast Refresh] done in 29ms @ http://localhost:3000/_next/static/chunks/node_modules_next_dist_1e8vcs8._.js:776
[ 1158146ms] [LOG] [Fast Refresh] done in 29ms @ http://localhost:3000/_next/static/chunks/node_modules_next_dist_1e8vcs8._.js:776
[ 1158208ms] [LOG] [Fast Refresh] done in 29ms @ http://localhost:3000/_next/static/chunks/node_modules_next_dist_1e8vcs8._.js:776
[ 1158270ms] [LOG] [Fast Refresh] done in 29ms @ http://localhost:3000/_next/static/chunks/node_modules_next_dist_1e8vcs8._.js:776
[ 1158336ms] [LOG] [Fast Refresh] done in 29ms @ http://localhost:3000/_next/static/chunks/node_modules_next_dist_1e8vcs8._.js:776
[ 1158395ms] [LOG] [Fast Refresh] done in 29ms @ http://localhost:3000/_next/static/chunks/node_modules_next_dist_1e8vcs8._.js:776
[ 1158457ms] [LOG] [Fast Refresh] done in 29ms @ http://localhost:3000/_next/static/chunks/node_modules_next_dist_1e8vcs8._.js:776
[ 1158519ms] [LOG] [Fast Refresh] done in 29ms @ http://localhost:3000/_next/static/chunks/node_modules_next_dist_1e8vcs8._.js:776
[ 1158582ms] [LOG] [Fast Refresh] done in 29ms @ http://localhost:3000/_next/static/chunks/node_modules_next_dist_1e8vcs8._.js:776
[ 1158645ms] [LOG] [Fast Refresh] done in 29ms @ http://localhost:3000/_next/static/chunks/node_modules_next_dist_1e8vcs8._.js:776
[ 1158708ms] [LOG] [Fast Refresh] done in 29ms @ http://localhost:3000/_next/static/chunks/node_modules_next_dist_1e8vcs8._.js:776
[ 1158770ms] [LOG] [Fast Refresh] done in 29ms @ http://localhost:3000/_next/static/chunks/node_modules_next_dist_1e8vcs8._.js:776
[ 1158833ms] [LOG] [Fast Refresh] done in 29ms @ http://localhost:3000/_next/static/chunks/node_modules_next_dist_1e8vcs8._.js:776
[ 1158896ms] [LOG] [Fast Refresh] done in 29ms @ http://localhost:3000/_next/static/chunks/node_modules_next_dist_1e8vcs8._.js:776
[ 1158958ms] [LOG] [Fast Refresh] done in 29ms @ http://localhost:3000/_next/static/chunks/node_modules_next_dist_1e8vcs8._.js:776
[ 1159019ms] [LOG] [Fast Refresh] done in 29ms @ http://localhost:3000/_next/static/chunks/node_modules_next_dist_1e8vcs8._.js:776
[ 1159081ms] [LOG] [Fast Refresh] done in 29ms @ http://localhost:3000/_next/static/chunks/node_modules_next_dist_1e8vcs8._.js:776
[ 1159143ms] [LOG] [Fast Refresh] done in 29ms @ http://localhost:3000/_next/static/chunks/node_modules_next_dist_1e8vcs8._.js:776
[ 1159207ms] [LOG] [Fast Refresh] done in 29ms @ http://localhost:3000/_next/static/chunks/node_modules_next_dist_1e8vcs8._.js:776
[ 1159269ms] [LOG] [Fast Refresh] done in 29ms @ http://localhost:3000/_next/static/chunks/node_modules_next_dist_1e8vcs8._.js:776
[ 1159332ms] [LOG] [Fast Refresh] done in 29ms @ http://localhost:3000/_next/static/chunks/node_modules_next_dist_1e8vcs8._.js:776
[ 1159425ms] [LOG] [Fast Refresh] done in 29ms @ http://localhost:3000/_next/static/chunks/node_modules_next_dist_1e8vcs8._.js:776
[ 1159495ms] [LOG] [Fast Refresh] done in 29ms @ http://localhost:3000/_next/static/chunks/node_modules_next_dist_1e8vcs8._.js:776
[ 1173192ms] [LOG] [Fast Refresh] rebuilding @ http://localhost:3000/_next/static/chunks/node_modules_next_dist_1e8vcs8._.js:776
[ 1173385ms] [LOG] [Fast Refresh] done in 50ms @ http://localhost:3000/_next/static/chunks/node_modules_next_dist_1e8vcs8._.js:776
[ 1177692ms] [LOG] [Fast Refresh] rebuilding @ http://localhost:3000/_next/static/chunks/node_modules_next_dist_1e8vcs8._.js:776
[ 1177874ms] [LOG] [Fast Refresh] done in 276ms @ http://localhost:3000/_next/static/chunks/node_modules_next_dist_1e8vcs8._.js:776
[ 1205005ms] [INFO] %cDownload the React DevTools for a better development experience: https://react.dev/link/react-devtools font-weight:bold @ http://localhost:3000/_next/static/chunks/node_modules_next_dist_1e8vcs8._.js:776
[ 1205045ms] [LOG] [HMR] connected @ http://localhost:3000/_next/static/chunks/node_modules_next_dist_1e8vcs8._.js:776
[ 1205396ms] [INFO] %cDownload the React DevTools for a better development experience: https://react.dev/link/react-devtools font-weight:bold @ http://localhost:3000/_next/static/chunks/node_modules_next_dist_1e8vcs8._.js:776
[ 1205458ms] [LOG] [HMR] connected @ http://localhost:3000/_next/static/chunks/node_modules_next_dist_1e8vcs8._.js:776
[ 1222229ms] [INFO] %cDownload the React DevTools for a better development experience: https://react.dev/link/react-devtools font-weight:bold @ http://localhost:3000/_next/static/chunks/node_modules_next_dist_1e8vcs8._.js:776
[ 1222265ms] [LOG] [HMR] connected @ http://localhost:3000/_next/static/chunks/node_modules_next_dist_1e8vcs8._.js:776
[ 1261156ms] [LOG] [Fast Refresh] rebuilding @ http://localhost:3000/_next/static/chunks/node_modules_next_dist_1e8vcs8._.js:776
[ 1261333ms] [LOG] [Fast Refresh] done in 282ms @ http://localhost:3000/_next/static/chunks/node_modules_next_dist_1e8vcs8._.js:776
[ 1261562ms] [LOG] [Fast Refresh] rebuilding @ http://localhost:3000/_next/static/chunks/node_modules_next_dist_1e8vcs8._.js:776
[ 1261641ms] [LOG] [Fast Refresh] done in 56ms @ http://localhost:3000/_next/static/chunks/node_modules_next_dist_1e8vcs8._.js:776
[ 1277588ms] [INFO] %cDownload the React DevTools for a better development experience: https://react.dev/link/react-devtools font-weight:bold @ http://localhost:3000/_next/static/chunks/node_modules_next_dist_1e8vcs8._.js:776
[ 1277625ms] [LOG] [HMR] connected @ http://localhost:3000/_next/static/chunks/node_modules_next_dist_1e8vcs8._.js:776
[ 1285153ms] [INFO] %cDownload the React DevTools for a better development experience: https://react.dev/link/react-devtools font-weight:bold @ http://localhost:3000/_next/static/chunks/node_modules_next_dist_1e8vcs8._.js:776
[ 1285181ms] [LOG] [HMR] connected @ http://localhost:3000/_next/static/chunks/node_modules_next_dist_1e8vcs8._.js:776
[ 1317505ms] [LOG] [Fast Refresh] rebuilding @ http://localhost:3000/_next/static/chunks/node_modules_next_dist_1e8vcs8._.js:776
[ 1317682ms] [LOG] [Fast Refresh] done in 281ms @ http://localhost:3000/_next/static/chunks/node_modules_next_dist_1e8vcs8._.js:776
[ 1317974ms] [LOG] [Fast Refresh] rebuilding @ http://localhost:3000/_next/static/chunks/node_modules_next_dist_1e8vcs8._.js:776
[ 1318038ms] [LOG] [Fast Refresh] done in 47ms @ http://localhost:3000/_next/static/chunks/node_modules_next_dist_1e8vcs8._.js:776
[ 1318099ms] [LOG] [Fast Refresh] done in 47ms @ http://localhost:3000/_next/static/chunks/node_modules_next_dist_1e8vcs8._.js:776
[ 1318159ms] [LOG] [Fast Refresh] done in 47ms @ http://localhost:3000/_next/static/chunks/node_modules_next_dist_1e8vcs8._.js:776
[ 1318222ms] [LOG] [Fast Refresh] done in 47ms @ http://localhost:3000/_next/static/chunks/node_modules_next_dist_1e8vcs8._.js:776
[ 1318291ms] [LOG] [Fast Refresh] done in 47ms @ http://localhost:3000/_next/static/chunks/node_modules_next_dist_1e8vcs8._.js:776
[ 1318362ms] [LOG] [Fast Refresh] done in 47ms @ http://localhost:3000/_next/static/chunks/node_modules_next_dist_1e8vcs8._.js:776
[ 1318423ms] [LOG] [Fast Refresh] done in 47ms @ http://localhost:3000/_next/static/chunks/node_modules_next_dist_1e8vcs8._.js:776
[ 1318485ms] [LOG] [Fast Refresh] done in 47ms @ http://localhost:3000/_next/static/chunks/node_modules_next_dist_1e8vcs8._.js:776
[ 1318548ms] [LOG] [Fast Refresh] done in 47ms @ http://localhost:3000/_next/static/chunks/node_modules_next_dist_1e8vcs8._.js:776
[ 1318611ms] [LOG] [Fast Refresh] done in 47ms @ http://localhost:3000/_next/static/chunks/node_modules_next_dist_1e8vcs8._.js:776
[ 1318673ms] [LOG] [Fast Refresh] done in 47ms @ http://localhost:3000/_next/static/chunks/node_modules_next_dist_1e8vcs8._.js:776
[ 1318734ms] [LOG] [Fast Refresh] done in 47ms @ http://localhost:3000/_next/static/chunks/node_modules_next_dist_1e8vcs8._.js:776
[ 1318798ms] [LOG] [Fast Refresh] done in 47ms @ http://localhost:3000/_next/static/chunks/node_modules_next_dist_1e8vcs8._.js:776
[ 1318858ms] [LOG] [Fast Refresh] done in 47ms @ http://localhost:3000/_next/static/chunks/node_modules_next_dist_1e8vcs8._.js:776
[ 1318918ms] [LOG] [Fast Refresh] done in 47ms @ http://localhost:3000/_next/static/chunks/node_modules_next_dist_1e8vcs8._.js:776
[ 1318982ms] [LOG] [Fast Refresh] done in 47ms @ http://localhost:3000/_next/static/chunks/node_modules_next_dist_1e8vcs8._.js:776
[ 1319167ms] [LOG] [Fast Refresh] done in 47ms @ http://localhost:3000/_next/static/chunks/node_modules_next_dist_1e8vcs8._.js:776
[ 1319231ms] [LOG] [Fast Refresh] done in 47ms @ http://localhost:3000/_next/static/chunks/node_modules_next_dist_1e8vcs8._.js:776
[ 1319292ms] [LOG] [Fast Refresh] done in 47ms @ http://localhost:3000/_next/static/chunks/node_modules_next_dist_1e8vcs8._.js:776
[ 1319354ms] [LOG] [Fast Refresh] done in 47ms @ http://localhost:3000/_next/static/chunks/node_modules_next_dist_1e8vcs8._.js:776
[ 1319417ms] [LOG] [Fast Refresh] done in 47ms @ http://localhost:3000/_next/static/chunks/node_modules_next_dist_1e8vcs8._.js:776
[ 1319481ms] [LOG] [Fast Refresh] done in 47ms @ http://localhost:3000/_next/static/chunks/node_modules_next_dist_1e8vcs8._.js:776
[ 1319542ms] [LOG] [Fast Refresh] done in 47ms @ http://localhost:3000/_next/static/chunks/node_modules_next_dist_1e8vcs8._.js:776
[ 1319606ms] [LOG] [Fast Refresh] done in 47ms @ http://localhost:3000/_next/static/chunks/node_modules_next_dist_1e8vcs8._.js:776
[ 1319667ms] [LOG] [Fast Refresh] done in 47ms @ http://localhost:3000/_next/static/chunks/node_modules_next_dist_1e8vcs8._.js:776
[ 1319728ms] [LOG] [Fast Refresh] done in 47ms @ http://localhost:3000/_next/static/chunks/node_modules_next_dist_1e8vcs8._.js:776
[ 1319791ms] [LOG] [Fast Refresh] done in 47ms @ http://localhost:3000/_next/static/chunks/node_modules_next_dist_1e8vcs8._.js:776
[ 1319853ms] [LOG] [Fast Refresh] done in 47ms @ http://localhost:3000/_next/static/chunks/node_modules_next_dist_1e8vcs8._.js:776
[ 1319915ms] [LOG] [Fast Refresh] done in 47ms @ http://localhost:3000/_next/static/chunks/node_modules_next_dist_1e8vcs8._.js:776
[ 1319978ms] [LOG] [Fast Refresh] done in 47ms @ http://localhost:3000/_next/static/chunks/node_modules_next_dist_1e8vcs8._.js:776
[ 1320040ms] [LOG] [Fast Refresh] done in 47ms @ http://localhost:3000/_next/static/chunks/node_modules_next_dist_1e8vcs8._.js:776
[ 1320103ms] [LOG] [Fast Refresh] done in 47ms @ http://localhost:3000/_next/static/chunks/node_modules_next_dist_1e8vcs8._.js:776
[ 1320165ms] [LOG] [Fast Refresh] done in 47ms @ http://localhost:3000/_next/static/chunks/node_modules_next_dist_1e8vcs8._.js:776
[ 1320226ms] [LOG] [Fast Refresh] done in 47ms @ http://localhost:3000/_next/static/chunks/node_modules_next_dist_1e8vcs8._.js:776
[ 1320290ms] [LOG] [Fast Refresh] done in 47ms @ http://localhost:3000/_next/static/chunks/node_modules_next_dist_1e8vcs8._.js:776
[ 1320351ms] [LOG] [Fast Refresh] done in 47ms @ http://localhost:3000/_next/static/chunks/node_modules_next_dist_1e8vcs8._.js:776
[ 1320416ms] [LOG] [Fast Refresh] done in 47ms @ http://localhost:3000/_next/static/chunks/node_modules_next_dist_1e8vcs8._.js:776
[ 1320476ms] [LOG] [Fast Refresh] done in 47ms @ http://localhost:3000/_next/static/chunks/node_modules_next_dist_1e8vcs8._.js:776
[ 1320539ms] [LOG] [Fast Refresh] done in 47ms @ http://localhost:3000/_next/static/chunks/node_modules_next_dist_1e8vcs8._.js:776
[ 1320603ms] [LOG] [Fast Refresh] done in 47ms @ http://localhost:3000/_next/static/chunks/node_modules_next_dist_1e8vcs8._.js:776
[ 1320665ms] [LOG] [Fast Refresh] done in 47ms @ http://localhost:3000/_next/static/chunks/node_modules_next_dist_1e8vcs8._.js:776
[ 1320726ms] [LOG] [Fast Refresh] done in 47ms @ http://localhost:3000/_next/static/chunks/node_modules_next_dist_1e8vcs8._.js:776
[ 1320790ms] [LOG] [Fast Refresh] done in 47ms @ http://localhost:3000/_next/static/chunks/node_modules_next_dist_1e8vcs8._.js:776
[ 1320853ms] [LOG] [Fast Refresh] done in 47ms @ http://localhost:3000/_next/static/chunks/node_modules_next_dist_1e8vcs8._.js:776
[ 1320915ms] [LOG] [Fast Refresh] done in 47ms @ http://localhost:3000/_next/static/chunks/node_modules_next_dist_1e8vcs8._.js:776
[ 1320978ms] [LOG] [Fast Refresh] done in 47ms @ http://localhost:3000/_next/static/chunks/node_modules_next_dist_1e8vcs8._.js:776
[ 1321040ms] [LOG] [Fast Refresh] done in 47ms @ http://localhost:3000/_next/static/chunks/node_modules_next_dist_1e8vcs8._.js:776
[ 1321102ms] [LOG] [Fast Refresh] done in 47ms @ http://localhost:3000/_next/static/chunks/node_modules_next_dist_1e8vcs8._.js:776
[ 1321165ms] [LOG] [Fast Refresh] done in 47ms @ http://localhost:3000/_next/static/chunks/node_modules_next_dist_1e8vcs8._.js:776
[ 1321226ms] [LOG] [Fast Refresh] done in 47ms @ http://localhost:3000/_next/static/chunks/node_modules_next_dist_1e8vcs8._.js:776
[ 1321290ms] [LOG] [Fast Refresh] done in 47ms @ http://localhost:3000/_next/static/chunks/node_modules_next_dist_1e8vcs8._.js:776
[ 1321350ms] [LOG] [Fast Refresh] done in 47ms @ http://localhost:3000/_next/static/chunks/node_modules_next_dist_1e8vcs8._.js:776
[ 1321398ms] [LOG] [Fast Refresh] done in 47ms @ http://localhost:3000/_next/static/chunks/node_modules_next_dist_1e8vcs8._.js:776
[ 1321462ms] [LOG] [Fast Refresh] done in 47ms @ http://localhost:3000/_next/static/chunks/node_modules_next_dist_1e8vcs8._.js:776
[ 1321524ms] [LOG] [Fast Refresh] done in 47ms @ http://localhost:3000/_next/static/chunks/node_modules_next_dist_1e8vcs8._.js:776
[ 1321588ms] [LOG] [Fast Refresh] done in 47ms @ http://localhost:3000/_next/static/chunks/node_modules_next_dist_1e8vcs8._.js:776
[ 1321649ms] [LOG] [Fast Refresh] done in 47ms @ http://localhost:3000/_next/static/chunks/node_modules_next_dist_1e8vcs8._.js:776
[ 1321710ms] [LOG] [Fast Refresh] done in 47ms @ http://localhost:3000/_next/static/chunks/node_modules_next_dist_1e8vcs8._.js:776
[ 1321773ms] [LOG] [Fast Refresh] done in 47ms @ http://localhost:3000/_next/static/chunks/node_modules_next_dist_1e8vcs8._.js:776
[ 1321835ms] [LOG] [Fast Refresh] done in 47ms @ http://localhost:3000/_next/static/chunks/node_modules_next_dist_1e8vcs8._.js:776
[ 1321897ms] [LOG] [Fast Refresh] done in 47ms @ http://localhost:3000/_next/static/chunks/node_modules_next_dist_1e8vcs8._.js:776
[ 1321960ms] [LOG] [Fast Refresh] done in 47ms @ http://localhost:3000/_next/static/chunks/node_modules_next_dist_1e8vcs8._.js:776
[ 1322023ms] [LOG] [Fast Refresh] done in 47ms @ http://localhost:3000/_next/static/chunks/node_modules_next_dist_1e8vcs8._.js:776
[ 1322083ms] [LOG] [Fast Refresh] done in 47ms @ http://localhost:3000/_next/static/chunks/node_modules_next_dist_1e8vcs8._.js:776
[ 1322145ms] [LOG] [Fast Refresh] done in 47ms @ http://localhost:3000/_next/static/chunks/node_modules_next_dist_1e8vcs8._.js:776
[ 1322208ms] [LOG] [Fast Refresh] done in 47ms @ http://localhost:3000/_next/static/chunks/node_modules_next_dist_1e8vcs8._.js:776
[ 1322270ms] [LOG] [Fast Refresh] done in 47ms @ http://localhost:3000/_next/static/chunks/node_modules_next_dist_1e8vcs8._.js:776
[ 1322331ms] [LOG] [Fast Refresh] done in 47ms @ http://localhost:3000/_next/static/chunks/node_modules_next_dist_1e8vcs8._.js:776
[ 1322393ms] [LOG] [Fast Refresh] done in 47ms @ http://localhost:3000/_next/static/chunks/node_modules_next_dist_1e8vcs8._.js:776
[ 1322460ms] [LOG] [Fast Refresh] done in 47ms @ http://localhost:3000/_next/static/chunks/node_modules_next_dist_1e8vcs8._.js:776
[ 1322535ms] [LOG] [Fast Refresh] done in 47ms @ http://localhost:3000/_next/static/chunks/node_modules_next_dist_1e8vcs8._.js:776
[ 1322598ms] [LOG] [Fast Refresh] done in 47ms @ http://localhost:3000/_next/static/chunks/node_modules_next_dist_1e8vcs8._.js:776
[ 1322658ms] [LOG] [Fast Refresh] done in 47ms @ http://localhost:3000/_next/static/chunks/node_modules_next_dist_1e8vcs8._.js:776
[ 1322720ms] [LOG] [Fast Refresh] done in 47ms @ http://localhost:3000/_next/static/chunks/node_modules_next_dist_1e8vcs8._.js:776
[ 1322782ms] [LOG] [Fast Refresh] done in 47ms @ http://localhost:3000/_next/static/chunks/node_modules_next_dist_1e8vcs8._.js:776
[ 1322858ms] [LOG] [Fast Refresh] done in 47ms @ http://localhost:3000/_next/static/chunks/node_modules_next_dist_1e8vcs8._.js:776
[ 1322924ms] [LOG] [Fast Refresh] done in 47ms @ http://localhost:3000/_next/static/chunks/node_modules_next_dist_1e8vcs8._.js:776
[ 1322985ms] [LOG] [Fast Refresh] done in 47ms @ http://localhost:3000/_next/static/chunks/node_modules_next_dist_1e8vcs8._.js:776
[ 1323048ms] [LOG] [Fast Refresh] done in 47ms @ http://localhost:3000/_next/static/chunks/node_modules_next_dist_1e8vcs8._.js:776
[ 1323110ms] [LOG] [Fast Refresh] done in 47ms @ http://localhost:3000/_next/static/chunks/node_modules_next_dist_1e8vcs8._.js:776
[ 1323173ms] [LOG] [Fast Refresh] done in 47ms @ http://localhost:3000/_next/static/chunks/node_modules_next_dist_1e8vcs8._.js:776
[ 1323235ms] [LOG] [Fast Refresh] done in 47ms @ http://localhost:3000/_next/static/chunks/node_modules_next_dist_1e8vcs8._.js:776
[ 1323298ms] [LOG] [Fast Refresh] done in 47ms @ http://localhost:3000/_next/static/chunks/node_modules_next_dist_1e8vcs8._.js:776
[ 1323360ms] [LOG] [Fast Refresh] done in 47ms @ http://localhost:3000/_next/static/chunks/node_modules_next_dist_1e8vcs8._.js:776
